ISBN,Elimination_Category,Confidence,Elimination_Reason,Matched_Terms,ISBN10,Title,Subtitle,Author,Contributors,Genre,Category,Subjects,Publisher,Publisher_Source,Publish_Year,Publish_Place,Language,Pages,Format,Series,Edition,Translated_From,Description,Dewey,LCC,OCLC,OpenLibrary_Work,Goodreads_ID,Wikidata,Metadata_Source
9781500170301,Adult / sexual content,high,Adult / sexual content: seks ('seks' in title),seks,1500170305,"Dr. Horrible and Dr. Gruselitch Seks, Kan Ve Agr Metal",,A. A. Bort,,,,,CreateSpace Independent Publishing Platform,record,2014,,tur,72,,,,,,,,,https://openlibrary.org/works/OL41730972W,,,openlibrary
9781505239133,Adult / sexual content,high,Adult / sexual content: seks ('seks' in title),seks,1505239133,"Dr. Horrible Dudaklar Anal Kanama Yakmak Için, Oral Seks Ve Jizz",,A. A. Bort,,,,,CreateSpace Independent Publishing Platform,record,2014,,tur,68,,,,,,,,,https://openlibrary.org/works/OL41175867W,,,openlibrary
9781507768174,Adult / sexual content,high,Adult / sexual content: seks ('seks' in title),seks,1507768176,"Dr. Horrible Seks, Kan Ve Agir Metal 2",,A. A. Bort,,,,,CreateSpace Independent Publishing Platform,record,2015,,tur,68,,,,,,,,,https://openlibrary.org/works/OL40364970W,,,openlibrary
9781518701382,Adult / sexual content,high,Adult / sexual content: seks ('seks' in title),seks,1518701388,"Doctor Horrible Seks, Kan Ve Agir Metal Extended Edition",,A. A. Bort,,,,,CreateSpace Independent Publishing Platform,record,2015,,tur,170,,,,,,,,,https://openlibrary.org/works/OL41646472W,,,openlibrary
9781519486943,Adult / sexual content,high,Adult / sexual content: seks ('seks' in title),seks,1519486944,"Doctor Horrible Dudaklar Anal Kanama Yakmak Icin, Oral Seks Ve Jizz Extended Edition",,A. A. Bort,,,,,CreateSpace Independent Publishing Platform,record,2015,,tur,144,,,,,,,,,https://openlibrary.org/works/OL41134658W,,,openlibrary
9781537036588,Adult / sexual content,high,Adult / sexual content: seks ('seksi' in title),seksi,1537036580,Seksi Hikayeler,,Monica Bridges,,,,,CreateSpace Independent Publishing Platform,record,2016,,tur,178,,,,,,,,,https://openlibrary.org/works/OL40431216W,,,openlibrary
9781976312281,Adult / sexual content,high,Adult / sexual content: seks ('seks' in title),seks,1976312280,101 Seks Pozisyonları,,Miss Mona Rose,,,,,CreateSpace Independent Publishing Platform,record,2017,,tur,108,,,,,,,,,https://openlibrary.org/works/OL40721747W,,,openlibrary
9786050058222,Adult / sexual content,high,Adult / sexual content: seks ('seksi' in title),seksi,6050058229,Seksi Sey Visne,,Arzu Caglan,,,,,Artemis Yayinlari; Artemis Yaynlar,record,2008,,tr,300,paperback,,,,,,,,https://openlibrary.org/works/OL26201998W,,,openlibrary; isbndb
9786050201581,Adult / sexual content,high,Adult / sexual content: seks ('seks' in title),seks,6050201587,"Ask, Seks ve Namus",,Jiddu Krishnamurti,,,,,Omega; Omega Yaynlar,record,2012,,,168,paperback,,,,,,,,https://openlibrary.org/works/OL26151268W,,,openlibrary
9786050310184,Adult / sexual content,high,Adult / sexual content: explicit genre ('bdsm' in title),bdsm,6050310181,Scintilla (bdsm),,Miss Black,,,,,Miss Black,record,2014,,tr,,,,,,"Scintilla Lilt è In Trappola. È Stata Arrestata Dalla Polizia Politica Per Crimini Contro Il Distretto. Il Distretto: La Città Dentro Alla Città, La Londra Di Chi Padroneggia Le Arti Magiche. Scintilla Apparteneva A Un Gruppo Terrorista Che Combatteva Il Rettorio, Il Governo Intrasingente E Immobilista Del Distretto, Ma Ora è Tutto Finito E Quello Che La Aspetta è Il Pozzo, Dove Impazzirà E Si Dissolverà Lentamente. A Meno Che... L’uomo Che La Va A Trovare In Prigione Si Chiama Knismesis Riparian Sabrage Ed è Un Uomo Del Rettorio. Può Salvarla, Ma Dopo Lei Gli Apparterrà Anima E Corpo. E Quello Che Vuole Da Lei Non è Un Segreto: Vuole Ferirla, Umiliarla E Degradarla, Perché è Questo Quello Che Gli Piace. Scintilla Accetta, Non Ha Alternative, Ma Presto Inizia A Rendersi Conto Che Sabrage Non è Il Mostro Che Sembra E Che Non L’ha Liberata Solo Per Il Proprio Piacere... Sabrage Mi Scostò Gentilmente La Testa E Spense La Macchina. La Mia Eccitazione Calò Bruscamente, Ma Non Scomparve Del Tutto. Volevo Ancora Che Mi Toccasse E Che Mi Desse Piacere. «e Se Invece Volessi Farti Male?» Disse Lui, Stringendomi Un Capezzolo. «quello Che... Vuole...» Risposi Io, Con Il Respiro Accelerato. Le Sue Dita Si Strinsero Attorno Al Mio Capezzolo, Finché Non Sentii Una Fitta Di Dolore. Gemetti, Ma Non Era Stato Completamente Sgradevole. Mi Accarezzò I Capelli. «no, è Un Diverso Tipo Di Piacere. Ma Devi Ancora Capirlo, Hai Ancora Bisogno Di Un Po’ Di Tempo». Non Sapevo Che Cosa Dovevo Ancora Capi",,,,,,,isbndb
9786050314939,Adult / sexual content,high,Adult / sexual content: porn ('porno' in title),porno,6050314934,Infiltrata porno (porn stories) (Italian Edition),,"Marlin, Mat",,,,,David De Angelis,isbn_prefix,2017,,tr,191,Kindle Edition,,,,,,,,,,,isbndb
9786050423204,Adult / sexual content,high,Adult / sexual content: porn ('porno' in title),porno,6050423202,Porno Lesbiche,,Rosalie La Rochelle,,,,,Project Gutenberg,isbn_prefix,,,it,,,,,,,,,,,,,google_books
9786051031569,Adult / sexual content,high,Adult / sexual content: orgy/orgasm ('orgazmin' in title),orgazmin,6051031561,Orgazmin Mahrem Tarihi,,Jonat Margolis,,,,,Agora Kitapligi,record,2017,,,,paperback,,,,,,,,https://openlibrary.org/works/OL26207095W,,,openlibrary
9786051272078,Adult / sexual content,high,Adult / sexual content: seks ('seks' in title),seks,6051272070,Kadın istediğinde seks erkek istediğinde evlilik olur,,Murat Ünalan,,,,,Cinius Yayınları,record,2011,İstanbul,tur,286,,Çağdaş Türk yazarları/roman,1. baskı.,,,,,733273693,https://openlibrary.org/works/OL33447320W,,,openlibrary
9786051424484,Adult / sexual content,high,Adult / sexual content: obscene ('mustehcen' in title) | Adult / sexual content: sex ('sex' in title),mustehcen; sex,6051424482,Heralde Kız!,"Müstehcen Bir Kent ve Hayat Panoraması Sex, Partiler ve sadece yakışıklı erkekler hakkında yüz kızartan denemeler",Yiğit Karaahmet,,,,,Artemis Yayınları; Artemis Yaynlar,record,2014,,,360,paperback,,,,,,,,https://openlibrary.org/works/OL26209351W,,,openlibrary
9786051426938,Adult / sexual content,high,Adult / sexual content: seks ('seks' in title),seks,6051426930,Falan Filan Buyuk Ask Ayrilik Ihanet Seks,,Oben Budak,,,,,Artemis Yayinlari,record,2015,,,254,paperback,,,,,,,,https://openlibrary.org/works/OL26209435W,,,openlibrary
9786051852515,Adult / sexual content,high,Adult / sexual content: porn ('pornografi' in title),pornografi,6051852514,Pornografi,,Witold Gombrowicz,,,,,Everest Yaynlar; Everest Yayınları,record,2018,,,190,paperback,,,,,,,,https://openlibrary.org/works/OL24333260W,,,openlibrary
9786052205075,Adult / sexual content,high,Adult / sexual content: seks ('seksin' in title),seksin,6052205075,Seksin Dogasi,,Carin Bondar,,,,,Kolektif Kitap,record,2018,,,336,paperback,,,,,,,,https://openlibrary.org/works/OL26215809W,,,openlibrary
9786052205556,Adult / sexual content,high,Adult / sexual content: seks ('seks' in title),seks,6052205555,Arzunun Sınırları,"Kötü Yasalar, İyi Seks ve Değişen Kimliklerin Yüzyıllık Tarihi",Eric Berkowitz,,,,,Kolektif Kitap,record,2020,,tr,496,paperback,,1,,,,,,https://openlibrary.org/works/OL26159710W,,,openlibrary; isbndb
9786052250396,Adult / sexual content,high,Adult / sexual content: seks ('seks' in title),seks,6052250399,Seks ve Öfke,,Eve Babitz,,,,,Sola Unitas,record,2018,,,208,paperback,,,,,,,,https://openlibrary.org/works/OL24334200W,,,openlibrary
9786052885420,Adult / sexual content,high,Adult / sexual content: erotic ('erotic' in title) | Adult / sexual content: erotic ('erotic' in subjects/genres),erotic,6052885424,The Romance of Lust-A Classic Victorian Erotic Novel,,Anonymous,,,,"Fiction, romance, erotic",Gece Kitapligi,record,2018,,,,paperback,,,,,,,,https://openlibrary.org/works/OL25621436W,,,openlibrary
9786052886922,Adult / sexual content,high,Adult / sexual content: seks ('seksten' in title),seksten,6052886927,Seksten Öncesi,,Hasan Kara,,,,,Gece Kitapligi,record,2018,,,123,paperback,,,,,,,,https://openlibrary.org/works/OL26218889W,,,openlibrary
9786053044536,Adult / sexual content,high,Adult / sexual content: erotic ('erotik' in title),erotik,6053044539,Meredith Gentry Mistral’in Öpücüğü,"Sert, Erotik, Tehlikeli Bir Karanlık Fantezi",Laurell K. Hamilton,,,,,Artemis Yaynlar; Artemis Yayınları,record,2019,,,272,paperback,,,,,,,,https://openlibrary.org/works/OL26162454W,,,openlibrary
9786053045182,Adult / sexual content,high,Adult / sexual content: erotic ('erotik' in title),erotik,6053045187,Meredith Gentry - Karanligin Içinde,"Sert, Erotik, Tehlikeli Bir Karanlik Fantezi",Laurell K. Hamilton,,,,,Artemis Yayinlari,record,2019,,,452,paperback,,,,,,,,https://openlibrary.org/works/OL26162473W,,,openlibrary
9786053110934,Adult / sexual content,high,Adult / sexual content: obscene ('mustehcen' in title),mustehcen,6053110930,Aşka Deva,Güneş sandıklarımız geceymiş meğer. Müstehcen bir kelimede heceymiş meğer.,Tolga Akpınar,,,,,Destek Yaynlar; Destek Yayınları,record,2016,,tr,176,paperback,,"İstanbul, 2016",,,,,,https://openlibrary.org/works/OL26221107W,,,openlibrary; worldcat
9786053143451,Adult / sexual content,high,Adult / sexual content: seks ('seks' in title),seks,6053143456,Sayılarla Seks,,David Spiegelhalter,,,,,Ayrinti Yayinlari,record,2019,,,352,paperback,,,,,,,,https://openlibrary.org/works/OL26221864W,,,openlibrary
9786053313724,Adult / sexual content,high,Adult / sexual content: seks ('seksuel' in title),seksuel,6053313726,Seksüel Secme,,Charles Darwin,,,,,Evrensel Basim Yayin,record,2016,,tr,,paperback,,,,,,,,https://openlibrary.org/works/OL26223211W,,,openlibrary; isbndb
9786053437765,Adult / sexual content,high,Adult / sexual content: seks ('seks' in title),seks,605343776X,Sali Günleri Kimse Seks Yapmaz,,Tracy Bloom,,,,,Pegasus Yayinlari,record,2016,,tr,336,paperback,,,,,,,,https://openlibrary.org/works/OL26225212W,,,openlibrary; isbndb
9786054054237,Adult / sexual content,high,Adult / sexual content: cinsel haz/teknik ('cinsel fantezileri' in title),cinsel fantezileri,6054054236,Dus Sandigim Turk Kadinlarinin Cinsel Fantezileri,,Yasemin Candemir,,,,,Okuyan Us Yayinlari,record,2009,,tr,144,paperback,,2009,,,,,,https://openlibrary.org/works/OL26167522W,,,openlibrary; isbndb; isbndb
9786054054244,Adult / sexual content,high,Adult / sexual content: seks ('seks' in title),seks,6054054244,Muhtesem Seks,,Sari Locker,,,,,Okuyan Us Yayinlari,record,2009,,,,paperback,,,,,,,,https://openlibrary.org/works/OL26167523W,,,openlibrary
9786054188215,Adult / sexual content,high,Adult / sexual content: seks ('seks' in title),seks,6054188216,Bir Kadının Seks Günlüğü,,Valerie Tasso,,,,,Koridor Yayincilik,record,2015,,tr,,Paperback,,,,,,,,,,,isbndb
9786054316007,Adult / sexual content,high,Adult / sexual content: seks ('seks' in title),seks,6054316001,Erkekler Ask ve Seks,,David Zinczenko,,,,,Labella,record,2010,,,,paperback,,,,,,,,https://openlibrary.org/works/OL26229690W,,,openlibrary
9786054379033,Adult / sexual content,high,Adult / sexual content: seks ('seks' in title),seks,6054379038,Seks Terapi El Kitabi,,Leslie LoPicallo Joseph LoPicallo,,,,,CK Yayinevi,record,2012,,,584,paperback,,,,,,,,https://openlibrary.org/works/OL26258685W,,,openlibrary
9786054642694,Adult / sexual content,high,Adult / sexual content: erotic ('erotic' in title),erotic,6054642693,José Sancho,Erotic Doğa = José Sancho : Erotic Nature,José Sancho,,,,Exhibitions,Pera Müzesi,record,2017,Istanbul,tur,119,,,,,,,,996421500,https://openlibrary.org/works/OL32551955W,,,openlibrary; isbndb; google_books
9786054708390,Adult / sexual content,high,Adult / sexual content: porn ('pornokratlar' in title),pornokratlar,6054708392,Pornokratlar ve Sair,,Atila Ataman,,,,,Dedalus,record,2013,,tr,,paperback,,"PS, 2014",,"Namk Kemal, bir dnem boyunca ok etkili olmu olmasna ramen, daha dorusu tam da bu etkililii yznden ve bir faasn bozma eyleminden ok toplumsal hafzada bir baka ekilde deil de bu ekilde muhafaza edilmi bu etkililie sayg gstermenin grotesk bir tarz olarak, vcudunun nemli bir blmnn tuhaf maceralaryla en kaba fkralarn ba kahraman haline getirilmitir. Gazetelerin, kamu oyunun, yeni bir entelektel neslinin ve yine yeni belirli bir siyas duyarlln tarihindeki merkez bir figr, bylece, hibir l tanmayan Rabelais tarz bir kahramann gecikmi bir rnei olarak halklatrlr. Kltrel dnmn ilerleyen ak ve srarc yataklar zerine bu olgu, Namk Kemal'in popler ehresinin alakasz biimlenii galiba olduka ilgintir, ama srf Namk Kemal fkralarnn kaydedilmeden kayboluu yznden bile hibir zaman incelenemeyebilir. Yine de, giderek modernleen bir halkn okuryazar aznla dahil olan kesiminin bile vatan airi ve hrriyet a Namk Kemal'i barsaklarnn ve cinsel uzvunun anormal gcyle bir ampiyona dntrm olduunu, bunu elenceli ve byk ihtimalle hrmetkar bulmu olduunu fark etmek nemlidir.",,,,https://openlibrary.org/works/OL26231333W,,,openlibrary; goodreads
9786054771479,Adult / sexual content,high,Adult / sexual content: seks ('seksi' in title),seksi,6054771477,Filozoflardan Seksi Seyler,,Emine Supcin,,,,,Destek Yayinlari,record,2013,,,,paperback,,,,,,,,https://openlibrary.org/works/OL26169364W,,,openlibrary
9786054799770,Adult / sexual content,high,Adult / sexual content: erotic ('erotik' in title),erotik,6054799770,Erotik Akil,,Mert Aslan,,,,,Postiga,record,2015,,,352,paperback,,,,,,,,https://openlibrary.org/works/OL26169444W,,,openlibrary
9786055006303,Adult / sexual content,high,Adult / sexual content: seks ('seksten' in title),seksten,6055006308,Seksten Superbilince,,"Sangeet, F. Nagehan Ozturk, Osho , Erdogan Semsiyeci",,,,,Ganj Yayinlari,record,2016,,,384,paperback,,,,,,,,https://openlibrary.org/works/OL26233468W,,,openlibrary
9786055150280,Adult / sexual content,high,Adult / sexual content: porn ('pornografi' in title),pornografi,605515028X,Hayvan Haklari ve Pornografi,,J. Eric Miller,,,,,Altikirkbes,record,2013,,tr,112,paperback,,"Altıkırkbeş Yayın (Series), 1. baskı: Temmuz 2013, İstanbul, 2013",,,,,,https://openlibrary.org/works/OL26171042W,,,openlibrary; worldcat
9786055181079,Adult / sexual content,high,Adult / sexual content: seks ('seksi' in title),seksi,605518107X,Osmanlı'nın 'en seksi' sırları,,İlter- Uzel,,,Social sciences,"Sex customs; History; Hygiene; Marriage; Beauty culture; Personal Beauty; Reproductive health; Andrology; Sexual health; Turks; Sexual behavior; Social life and customs; Sex; Medicine; Formulae, receipts, prescriptions; Cosmetics",Hayykitap,record,2012,İstanbul,tur,133,,Hayykitap - 200. Bilinmeyen Osmanlı - 1; Hayykitap (Series) -- 200; Hayykitap (Series) -- 1,"1. Baskı: İstanbul, Kasım.",,,,HQ18.T9 U94 2012; HQ18.T9 U937 2012,880555562; 841513227,https://openlibrary.org/works/OL23394277W,,,openlibrary
9786055302627,Adult / sexual content,high,Adult / sexual content: erotic ('erotik' in title),erotik,6055302624,Müzikal Erotik,,Søren Kierkegaard,,,,,Pinhan Yayincilik,record,2000,,tr,128,paperback,,"PS, 2015",,"Ruhsal ak tam olarak ince ayrntlarn gerekten nemli olduu, bireysel hayatn zengin eitlilii iinde yol alr. Duyumsal ak ise her eyi bir araya koyabilir. Onun iin temel olan tamamyla soyut kadnlktr ve olsa olsa daha fazla duyumsal ayrmdr. Ruhsal ak zaman iinde sreklilie sahiptir; duyumsal ak ise zamanda kaybolutur ve mzik onu ifade edecek tek gerek aktarm aracdr. Mzik bunu baarabilecek en uygun aratr; zira dilden daha soyuttur ve bu nedenle tekil olan deil kendi evrensellii iinde yine evrensel olan ak bir ekilde ifade eder; ancak evrensel olan dncenin soyutlanmas ile deil, tersine dolaymsz olann somutlatrlmasyla ifade eder",,,,https://openlibrary.org/works/OL26258806W,,,openlibrary; isbndb; goodreads
9786055334215,Adult / sexual content,high,Adult / sexual content: seks ('seks' in title),seks,6055334216,Seks argosu,,Taşkın Su,,,Language & literature,Turkish language; Dictionaries; Slang; Sex; Turkish; Sex--Slang--Turkish; Sex--Slang--Dictionaries--Turkish; Turkish language--Slang; Turkish language--Slang--Dictionaries; Sex--Slang; Sex--Slang--Dictionaries; Turkish language--Dictionaries,Marjinal Kitap,record,2013,İstanbul,tur,247,Paperback,Marjinal Kitap : -- 18,1. Baskı: Nisan 2013.,,Taşkın Su. 18--page Facing Title Page. Includes Bibliographical References (pages 246-247).,,PL199 .S82 2013,880288512; 894371425,https://openlibrary.org/works/OL23351869W,,,openlibrary; isbndb; isbndb
9786055452667,Adult / sexual content,high,Adult / sexual content: seks ('seks' in title),seks,6055452669,Krallarla Seks,,Eleanor Herman,,,,,Ileri Yayincilik,record,2013,,,296,paperback,,,,,,,,https://openlibrary.org/works/OL26236261W,,,openlibrary
9786055452674,Adult / sexual content,high,Adult / sexual content: seks ('seks' in title),seks,6055452677,Kralicelerle Seks,,Eleanor Herman,,,,,Ileri,record,2013,,,312,paperback,,,,,,,,https://openlibrary.org/works/OL24334070W,,,openlibrary
9786055532482,Adult / sexual content,high,Adult / sexual content: seks ('seks' in title),seks,6055532484,Bir Seks Avcisinin Gunlugu - Paradoks,,Lydia Lunch,,,,,Altikirkbes,record,2011,,,160,paperback,,,,,,,,https://openlibrary.org/works/OL26236652W,,,openlibrary
9786055532734,Adult / sexual content,high,Adult / sexual content: porn ('pornosu' in title),pornosu,6055532735,Olu Sehrin Radyosu - Bir Kuzey Irak Pornosu,,Senol Erdogan,,,,,Altikirkbes Basin Yayin,record,2012,,,,paperback,,,,,,,,https://openlibrary.org/works/OL26259393W,,,openlibrary
9786055598723,Adult / sexual content,high,Adult / sexual content: orgy/orgasm ('orgazm' in title),orgazm,6055598728,Orgazm,,Akif Poroy,,,,,Dharma Yayınları,isbn_prefix,,,tr,320,,,,,,,,,,,,isbndb
9786055708511,Adult / sexual content,high,Adult / sexual content: explicit genre ('kama sutra' in title),kama sutra,6055708515,Modern Kama Sutra,,Vatsyāyana,,,,,Chiviyazilari Yayinevi,record,2013,,tr,320,paperback,,,,,,,,https://openlibrary.org/works/OL26237364W,,,openlibrary; isbndb
9786055708825,Adult / sexual content,high,Adult / sexual content: explicit genre ('kama sutra' in title),kama sutra,6055708825,Modern Kama Sutra,,Vatsyāyana,,,,,Chiviyazilari Yayinevi,record,2013,,,,paperback,,,,,,,,https://openlibrary.org/works/OL26237364W,,,openlibrary
9786055904869,Adult / sexual content,high,Adult / sexual content: orgy/orgasm ('orgazm' in title),orgazm,6055904861,Yasasin Orgazm,,Dorian Solot;Marshall Miller,,,,,Aganta Kitap,record,2014,,tr,296,paperback,,,,,,,,https://openlibrary.org/works/OL26260199W,,,openlibrary; isbndb
9786055943400,Adult / sexual content,high,Adult / sexual content: seks ('seks' in title),seks,6055943409,Beyindeki Seks,,Daniel Amen,,,,,Pegasus,record,2015,,,,paperback,,,,,,,,https://openlibrary.org/works/OL26238320W,,,openlibrary
9786057557810,Adult / sexual content,high,Adult / sexual content: seks ('seks' in title),seks,6057557816,Turizmin Karanlık Yüzü: Seks Turizmi,,Alper Ateş,,,,,Eğitim Yayınevi,isbn_prefix,,,tr,,,,,,,,,,,,,google_books
9786057607997,Adult / sexual content,high,Adult / sexual content: seks ('seksualite' in title),seksualite,6057607996,Onkolojik Hastalarda Seksüalite Ve Fertiliteye Multidisipliner Yaklasim,,Collective,,,,,Istanbul Tip Kitabevi,record,2021,,tr,366,Paperback,,,,,,,,,,,isbndb
9786057628343,Adult / sexual content,high,Adult / sexual content: orgy/orgasm ('orgazmdaki' in title),orgazmdaki,6057628349,Orgazmdaki Kurtuluş,,Sofia Sundari,,,,,Sola Unitas,record,2019,,,200,paperback,,,,,,,,https://openlibrary.org/works/OL26241370W,,,openlibrary
9786057941084,Adult / sexual content,high,Adult / sexual content: seks ('seks' in title),seks,605794108X,2. Dünya Savasi'nda Seks ve Propaganda,,Herbert A. Friedman,,,,,Urzeni Yayincilik,record,2019,,,176,paperback,,,,,,,,https://openlibrary.org/works/OL26243728W,,,openlibrary
9786058084421,Adult / sexual content,high,Adult / sexual content: seks ('seks' in title),seks,6058084423,Mahalleden Öyküler Seks ve Lahmacun,,Goryot Goryoteviç,,,,,IGA Kültür Kitapligi,record,2019,,,175,paperback,,,,,,,,https://openlibrary.org/works/OL26244559W,,,openlibrary
9786058111165,Adult / sexual content,high,Adult / sexual content: seks ('seksuel' in title),seksuel,6058111161,Seksüel Seçme,,Charles Darwin,,,,,Ginko Kitap,record,2019,,,472,paperback,,,,,,,,https://openlibrary.org/works/OL26244622W,,,openlibrary
9786059115643,Adult / sexual content,high,Adult / sexual content: porn ('pornografi' in title) | Adult / sexual content: obscene ('mustehcenlik' in title),mustehcenlik; pornografi,6059115640,Pornografi ve Mustehcenlik,,Burcu Sipahi D. H. Lawrence,,,,,Fabula,record,2015,,tr,130,paperback,,,,,,,,https://openlibrary.org/works/OL26264311W,,,openlibrary; google_books
9786059296069,Adult / sexual content,high,Adult / sexual content: orgy/orgasm ('orgazm' in title),orgazm,6059296068,Bir Orgazm Masali,,Redgalia,,,,,Lifecycle,record,2016,,tr,224,Paperback,,,,,,,,,,,isbndb
9786059389105,Adult / sexual content,high,Adult / sexual content: seks ('seks' in title),seks,6059389104,"Testesteron - Seks, Güc ve Kazanma Iradesi",,Joe Herbert,,,,,Koc Üniversitesi Yayinlari,record,2016,,tr,231,paperback,,,,"Anthropology. We Inherit Mechanisms For Survival From Our Primeval Past; None So Obviously As Those Involved In Reproduction. The Hormone Testosterone Underlies The Organization Of Activation Of Masculinity: It Changes The Body And Brain To Make A Male. It Is Involved Not Only In Sexuality But In Driving Aggression, Competitiveness, Risk-taking - All Elements That Were Needed For Successful Survival And Reproduction In The Past. But These Ancient Systems Are Carried Forward Into A Modern World. The Ancient World Shaped The Human Brain, But The Modern World Is Shaped By That Brain. How Does This World, With All Its Cultural, Political, And Social Variations, Deal With And Control The Primeval Role Of Testosterone, Which Continues To Be Essential For The Survival Of The Species? Sex, Aggression, Winning, Losing, Gangs, War: The Powerful Effects Of Testosterone Are Entwined With Them All.--",,,,https://openlibrary.org/works/OL26265203W,,,openlibrary; isbndb; google_books
9786059436458,Adult / sexual content,high,Adult / sexual content: porn ('pornokrasi' in title),pornokrasi,6059436455,Pornokrasi ya da Modern Zamanlarda Kadinlar,,P.-J. Proudhon,,,,,Heretik Yayincilik,record,2019,,,170,paperback,,,,,,,,https://openlibrary.org/works/OL26265326W,,,openlibrary
9786059694070,Adult / sexual content,high,Adult / sexual content: seks ('seks' in title),seks,6059694071,Doktordan Gelen Seks Yazilari-Birinci Kitap,,Semih Dikkatli,,,,,Ilkim Ozan Yayinlari,record,2017,,,104,paperback,,,,,,,,https://openlibrary.org/works/OL26250024W,,,openlibrary
9786254491238,Adult / sexual content,high,Adult / sexual content: erotic ('erotik' in title),erotik,6254491230,Dolayimsiz Erotik veya Müzikal Erotik Evreler,,Søren Kierkegaard,,,,,Alfa Basim Yayim Dagitim,record,2020,,,150,paperback,,,,,,,,https://openlibrary.org/works/OL26253295W,,,openlibrary
9786257118149,Adult / sexual content,high,Adult / sexual content: orgy/orgasm ('orgazmin' in title),orgazmin,625711814X,Orgazmin Felsefesi,,Claus-Steffen Mahnkopf,,,,,Tellekt,record,2021,,,184,paperback,,,,,,,,https://openlibrary.org/works/OL26268063W,,,openlibrary
9786257344029,Adult / sexual content,high,Adult / sexual content: seks ('seks' in title),seks,6257344026,"Seks, Yalanlar ve Psikanaliz. Arzunun Sınırları",,Galit Atlas,,,,,Okuyanus,record,2021,,,,paperback,,,,,,,,https://openlibrary.org/works/OL26329066W,,,openlibrary
9786257958479,Adult / sexual content,high,Adult / sexual content: erotic ('erotik' in title) | Adult / sexual content: sehvet/sevisme ('sehvetin' in title) | Adult / sexual content: erotic ('erotic' in subjects/genres),erotic; erotik; sehvetin,6257958474,Sehvetin Romantizmi; Bir Victoria Dönemi Erotik Romani,,William Lazenby,,,,"Fiction, romance, erotic",Gece Kitapligi Yayinlari,record,2019,,ota,436,paperback,,,eng,,,,,https://openlibrary.org/works/OL25621436W,,,openlibrary
9786257966290,Adult / sexual content,high,Adult / sexual content: explicit genre ('kama sutra' in title),kama sutra,6257966299,Ask Sanati,Kama Sutra,Vatsyāyana,,,,,Zeplin Kitap,record,2020,,,216,paperback,,,,,,,,https://openlibrary.org/works/OL26258285W,,,openlibrary
9788726214925,Adult / sexual content,high,Adult / sexual content: erotic ('erotik' in title) | Adult / sexual content: seks ('seks' in title) | Adult / sexual content: erotic ('erotik' in description) | Adult / sexual content: orgy/orgasm ('orgazm' in description),erotik; orgazm; seks,872621492X,Arabada Seks--Erotik öykü,,Sarah Skov; LUST,,,,,LUST,record,2019,,tr,,,,"LUST, 2019",,"""Arabayla ormana gittikleri günü hatırlayarak gülümsedi. Ormanın kenarındaki toprak yolun üzerine park etmişti. O gün hava o kadar sıcaktı ki, serinlemek için camları açmak zorunda kalmışlardı. Üzerine çiy düşmüş çimenlerin kokusu ve ardıç kuşlarının sesi arabanın içine kadar giriyordu. Orgazm olurken öyle bir çığlık atmıştı ki, bütün kuşlar bir anda susuvermişti."" Bu kısa öykü, İsveçli film yapımcısı Erika Lust işbirliğiyle yayınlanmıştır. Buradaki amaç; tutku, yakınlık, şehvet ve sevgi konularını ele alan güçlü ve erotik öykülerle insan doğasını ve çeşitliliğini ortaya koymaktır.-",,,,,,,libby
9788726242928,Adult / sexual content,high,Adult / sexual content: erotic ('erotik' in title),erotik,8726242923,Yeni Bir Dost – Erotik Öykü,,Andrea Hansen,,,,,Saga Egmont International,isbn_prefix,,,tr,,,,,,,,,,,,,google_books
9788726242942,Adult / sexual content,high,Adult / sexual content: erotic ('erotik' in title) | Adult / sexual content: erotic ('erotik' in description) | Adult / sexual content: orgy/orgasm ('orgazm' in description),erotik; orgazm,872624294X,Seni Hatırlıyorum--Erotik Öykü,,Sarah Skov; LUST,,,,,LUST,record,2019,,tr,,,,"LUST, 2019",,"""""Hatıralarımda varlığını öyle net hissediyorum ki... Hayallerimde gerçeksin, benimsin. Dudakların yine dudaklarımı buluyor. Dilin tıpkı hatırladığım gibi oyunbaz. Tavırların hem şehvetli hem de meraklı. Kahkahan ateş gibi yakıyor. Ellerin sürekli bir şeyler peşinde. Öpücüklerin kararlı, bedenin açgözlü ama bir o kadar da itaatkar. Sıcaklığını aletimin çevresinde, ıslak ve kaygan klitorisini parmaklarımın ucunda hissediyorum. Orgazm olmadan hemen önce daralıyor, aletimi adeta sıkı sıkı sarıyorsun.""Bu kısa öykü, İsveçli film yapımcısı Erika Lust işbirliğiyle yayınlanmıştır. Buradaki amaç; tutku, yakınlık, şehvet ve sevgi konularını ele alan güçlü ve erotik öykülerle insan doğasını ve çeşitliliğini ortaya koymaktır.""-",,,,,,,libby
9788726242966,Adult / sexual content,high,Adult / sexual content: erotic ('erotik' in title),erotik,8726242966,Bay X'in Oyunu - Erotik Öykü,,Olrik; LUST,,,,,LUST,record,2019,,tr,,,,"LUST, Copenhagen, 2019",,,,,,,,,worldcat
9788726242980,Adult / sexual content,high,Adult / sexual content: erotic ('erotik' in title),erotik,8726242982,Doğum Günü Sürprizi - Erotik Öykü,,Cecilie Rosdahl,,,,,Saga Egmont International,isbn_prefix,,,tr,,,,,,,,,,,,,google_books
9788726242997,Adult / sexual content,high,Adult / sexual content: erotic ('erotik' in title),erotik,8726242990,Kaçırılma Fantezisi - Erotik Öykü,,Reiner Larsen Wiese; Victoria; LUST,,,,,LUST,record,2019,,tr,,,,"LUST, ungekürzte Ausgabe, Copenhagen, 2019",,,,,,,,,worldcat
9789750029776,Adult / sexual content,high,Adult / sexual content: seks ('seks' in title),seks,9750029771,Cathiren M In Seks Yasami,,Catherine Millet,,,,,Erko,record,,,tr,240,Paperback,,,,,,,,,,,isbndb
9789750265716,Adult / sexual content,high,Adult / sexual content: porn ('pornosu' in title),pornosu,9750265718,Cinsel içerikli görüntülerin rıza dışı paylaşımı intikam pornosu,,Can Yavuz,,,,,Seçkin,record,2021,Ankara,tur,183,,,,,,,,1246551108,https://openlibrary.org/works/OL44972569W,,,openlibrary
9789750530678,Adult / sexual content,high,Adult / sexual content: seks ('seks' in title),seks,9750530675,Seks Olmayinca,Yeniden Baslama Sanati Üzerine,Wilhelm Schmid,,,,,Iletisim Yayinevi,record,2021,,tr,110,paperback,,,,,,,,https://openlibrary.org/works/OL26340767W,,,openlibrary; isbndb
9789750712036,Adult / sexual content,high,Adult / sexual content: seks ('seksi' in title),seksi,975071203X,Seksi,,Joyce Carol Oates,,,,,Can Genclik Yayinlari; Can Yaynlar,record,2010,,tr,160,paperback,,"Can yayınları, 1. Basım: Ağustos 2010, İstanbul, 2010",,,,,,https://openlibrary.org/works/OL26342390W,,,openlibrary; worldcat
9789750741562,Adult / sexual content,high,Adult / sexual content: erotic ('erotika' in title),erotika,9750741560,Erotika,,Küçük İskender (Derman İskender Över),,,,,Can Yayınları,record,2019,,,120,paperback,,,,,,,,https://openlibrary.org/works/OL26346072W,,,openlibrary
9789750742507,Adult / sexual content,high,Adult / sexual content: erotic ('erotika' in title) | Adult / sexual content: erotic ('erotika' in description),erotika,9750742508,Erotika,,küçük İskender,,,,,Can Yayınları,record,2020,,tr,120,,,,,#erotika #isyan #yeraltı #karşıkültür #cinsellik #cesaret #erotizm #hayalgücü,,,,,,,isbndb
9789751022394,Adult / sexual content,high,Adult / sexual content: seks ('seks' in title),seks,9751022398,Araya parça giren yıllar,Türk sinemasında 1974-1980 seks filmleri dönemi ve o dönemden bugünlere yaşananlar,Cihan Demirci,,,Language & literature,Motion pictures; History; Sex in motion pictures; Motion pictures--History; Motion pictures--Turkey--History,İnkılâp,record,2004,"Sirkeci, İstanbul",tur,312,Paperback,,,,"Turkey; cinema, 1974-1980; criticism.",,PN1993.5.T8 D46 2004,61361679,https://openlibrary.org/works/OL5865260W,,,openlibrary; isbndb
9789751022561,Adult / sexual content,high,Adult / sexual content: seks ('seks' in title),seks,9751022568,Osmanlı'da seks,,Murat Bardakçı,,,Social sciences,Homosexuality; Sexual behavior; Sex customs; Turks; History,İnkılâp,record,2005,İstanbul,tur,256,Paperback,,,,,,HQ18.T9 B37 2005,60423575,https://openlibrary.org/works/OL19893065W,,,openlibrary; isbndb
9789751023131,Adult / sexual content,high,Adult / sexual content: erotic ('erotik' in title),erotik,9751023130,Erotik Mitler Ve Efsaneler,,Shahrukh Husain,,,,,Inkilâp Kitabevi,record,2022,,tr,250,Paperback,,,,,,,,,,,isbndb
9789751401977,Adult / sexual content,high,Adult / sexual content: porn ('pornografi' in title),pornografi,9751401976,Pornografi,,Witold Gombrowicz,,,,,Remzi Kitabevi,record,1991,,tr,,,,"Remzi Kitabevi (Series), no. 15, İstanbul, 1991",,,,,,,,,worldcat
9789751403872,Adult / sexual content,high,Adult / sexual content: seks ('seks' in title),seks,9751403871,Seks ve Yasam,,Brian Ward,,,,,Remzi Kitabevi,record,2000,,tr,94,paperback,,"Feb 01, 2000",,,,,,https://openlibrary.org/works/OL26358169W,,,openlibrary; openlibrary
9789752108646,Adult / sexual content,high,Adult / sexual content: seks ('seksten' in title),seksten,9752108644,Neden Erkekler Seksten Sonra Uyur?,,Mark Leyner,,,,,Altin Kitaplar,record,2007,,,,paperback,,,,,,,,https://openlibrary.org/works/OL26359295W,,,openlibrary
9789752498105,Adult / sexual content,high,Adult / sexual content: erotic ('erotik' in title),erotik,9752498108,"Kadinlarin Fisildadigi Hikayeler; 17 Burctan Kadinin, 12 Erotik Hikayesi",,Hectorist,,,,,Ayrikotu Yayinlari,record,2018,,,204,paperback,,,,,,,,https://openlibrary.org/works/OL26361468W,,,openlibrary
9789752977815,Adult / sexual content,high,Adult / sexual content: seks ('seksi' in title),seksi,9752977812,Seksi şey,,"Çağlan, Arzu 1966-",,,,,Alfa,record,2006,İstanbul,tur,252,,Edebiyat -- 27,3. basım.,,En ung kvinde flygter til Istanbul fra sin konservative familie med hensigt at begå selvmord,,,479772636,https://openlibrary.org/works/OL42059126W,,,openlibrary
9789753223409,Adult / sexual content,high,Adult / sexual content: seks ('seks' in title),seks,9753223404,"Seks, çikolata ve ruhaniyet Radikal Gazetesi Cumartesi ekinde yayınlanan yazıları (Mart 2003 - Temmuz 2004)",,Işık Menderes,,,,,Galata,record,2004,,tr,,,,"1. basım, İstanbul, 2004",,,,,,,,,worldcat
9789753250139,Adult / sexual content,high,Adult / sexual content: seks ('seks' in title) | Adult / sexual content: LCC HQ21-32 (sex instruction) ('hq21' in lcc),hq21; seks,9753250134,"İnsanlar, hayvanlar ve bitkilerde dünya seks rekorları",,G. L. Simons,,Miscellanea,Music,Sex -- Miscellanea; Miscellanea; Sex,Doğan Yayın,record,1995,"Bağcılar, İstanbul",tur,250,,Aylık kitaplar dizisi; 12,1. baskı.,,,,MLCSN 2000/01271; HQ21,44414377,https://openlibrary.org/works/OL15305315W,,,openlibrary; isbndb; isbndb
9789753294232,Adult / sexual content,high,Adult / sexual content: erotic ('erotik' in title),erotik,9753294239,Erotik ve milliyetçi bir ikon,Karaoğlan,Levent Cantek,,,Fine arts,"Karaoğlan (Fictitious character); Comic books, strips; History",Oğlak Yayınları,record,2003,"Beyoğlu, İstanbul",tur,261,Unknown Binding,Çizgi roman araştırmaları dizisi,1. baskı.,,Levent Cantek. Includes Bibliographical References (p. [253]-261).,,NC1660.T9 C348 2003; NC1660.T9 C36 2003,60869416,https://openlibrary.org/works/OL23893250W,,,openlibrary; isbndb; goodreads
9789753314657,Adult / sexual content,high,Adult / sexual content: seks ('seks' in title),seks,9753314655,"Ask, Seks ve kadinlara dair.",,Seda Kaya Gula,,,Social sciences,Women; Man-woman relationships,Epsilon yayıncılık,record,2003,,tur,410,Paperback,,"2. baskı, İstanbul, 2003",,,,HQ1726.7 .G85 2003; PL248.K37542 A85 2003,55665783,https://openlibrary.org/works/OL11680520W,,,openlibrary; isbndb; worldcat
9789753423854,Adult / sexual content,high,Adult / sexual content: porn ('pornografisi' in title),pornografisi,9753423853,Imgenin Pornografisi,,Zeynep Sayin,,,,,Metis Yayinlari,record,2003,,tr,324,paperback,,"Metis Yayınları, İstanbul, 2013",,,,,,https://openlibrary.org/works/OL26365475W,,,openlibrary; isbndb; worldcat; google_books
9789754069372,Adult / sexual content,high,Adult / sexual content: orgy/orgasm ('orgazmin' in title),orgazmin,9754069379,Orgazmin Islevi,,Wilhelm Reich,,,,,Cem Yayinevi,record,2015,,,389,paperback,,,,,,,,https://openlibrary.org/works/OL26277332W,,,openlibrary
9789754181241,Adult / sexual content,high,Adult / sexual content: erotic ('erotika' in title),erotika,9754181241,Erotika,şiir,Küçük İskender,,,,,Adam Yayınları,record,1992,"Maslak, İstanbul",tur,99,print,,2. baskı.,,Küçük İskender. Poems.,,,34738051,https://openlibrary.org/works/OL44745063W,,,openlibrary; isbndb
9789754340938,Adult / sexual content,high,Adult / sexual content: seks ('seks' in title),seks,9754340935,Seks aşkı öper,denemeler,Barlas Özarıkça,,,,,Varlık Yayınları,record,1992,"Cağaloğlu, İstanbul",tur,136,,Deneme dizisi -- 3,1nci baskı.,,,,,215073918,https://openlibrary.org/works/OL38787360W,,,openlibrary; hathitrust
9789754341942,Adult / sexual content,high,Adult / sexual content: seks ('seks' in title) | Adult / sexual content: Dewey 306.7 (sexual relations) ('306.7' in dewey),306.7; seks,975434194X,Seks Neden Keyiflidir,,Jared Diamond,,,Social sciences,Sex customs; Human evolution; Sex; Sexual Behavior,Varlik Yayinlari,record,2016,,,,paperback,,,,"To humans, the sex lives of many animals seem weird. In fact, by comparison with other animals, we are the ones with the weird sex lives. How did that come to be? We are the only social species to insist on carrying out sex privately. Stranger yet, we have sex at any time, even when the female can't be fertilized (for example, because she is already pregnant, post-menopausal, or between fertile cycles). A human female doesn't know her precise time of fertility and certainly doesn't advertise it to human males by the striking color changes, smells, and sounds used by other female mammals. Why do we differ so radically in these and other important aspects of our sexuality from our closest ancestor, the apes? Why does the human female, virtually alone among mammals, go through menopause? Why does the human male stand out as one of the few mammals to stay (often or usually) with the female he impregnates, to help raise the children that he sired? Why is the human penis so unnecessarily large? There is no one better qualified than Jared Diamond--renowned expert in the fields of physiology and evolutionary biology--to explain the evolutionary forces that operated on our ancestors to make us sexually different. With wit and a wealth of fascinating examples, he explains how our sexuality has been as crucial as our large brains and upright posture in our rise to human status.--From publisher description.",306.7,,,https://openlibrary.org/works/OL3333181W,,,openlibrary
9789754344066,Adult / sexual content,high,Adult / sexual content: seks ('seks' in title),seks,975434406X,Kadinlar Neden Seks Yapar,,Cindy M. Meston,,,,,Varlik Yayinlari,record,2011,,,376,paperback,,,,,,,,https://openlibrary.org/works/OL26277363W,,,openlibrary
9789754585261,Adult / sexual content,high,Adult / sexual content: seks ('seks' in title),seks,9754585261,Hangi Seks,,Attila Ilhan,,,,,Is Bankasi Kültür Yayinlari,record,2018,,tr,288,paperback,,,,,,,,https://openlibrary.org/works/OL26368346W,,,openlibrary; isbndb
9789754946536,Adult / sexual content,high,Adult / sexual content: seks ('seks' in title),seks,9754946531,Hangi Seks,,Attilâ Ilhan,,,,,Bilgi Yayinevi,record,2015,,tr,,paperback,,"Anılar ve acılar, 3. basım, Yenişehir, Ankara, 1997",,,,,,https://openlibrary.org/works/OL26278483W,,,openlibrary; isbndb; worldcat
9789755061559,Adult / sexual content,high,Adult / sexual content: seks ('seksin' in title) | Adult / sexual content: cinsellik ('cinsellik' in title),cinsellik; seksin,975506155X,Yeni baslayanlar için cinsellik,çizgilerle seksin öyküsü,Errol Selkirk,,,,,Milliyet Yayin,record,1994,Istanbul,tur,218,,,"Gençlik dizisi, 1. baskı, İstanbul, cop. 1994",,,,,,https://openlibrary.org/works/OL4126390W,,,openlibrary; worldcat
9789755095462,Adult / sexual content,high,Adult / sexual content: orgy/orgasm ('orgazm' in title) | Adult / sexual content: orgy/orgasm ('orgasm' in subjects/genres) | Adult / sexual content: orgy/orgasm ('orgasm' in description),orgasm; orgazm,9755095462,Mediko-politik,epilepsi ile orgazm,Yalçın Küçük,,,Medicine,Diseases and history; Politics and government; Personality and politics; Politicians; Psychology; Political psychology; Epilepsy; Popular works; Orgasm,Arkadaş,record,2008,Ankara,tur; eng,272,,,2. baskı.,,Epilepsy and orgasm; Turkey; politics and government; 1980-,,IN PROCESS; R702 .K83 2008; R702 .K838 2008,552016340; 697973029,https://openlibrary.org/works/OL18634303W,,,openlibrary; isbndb
9789755213484,Adult / sexual content,high,Adult / sexual content: erotic ('erotik' in title),erotik,9755213481,"Raziye romantik ve erotik bir öykü ; Melih Cevdet Anday'ın yapılan ""Raziye"" adlı roman",,Yusuf Kurçenli; Oğuz Tunç; Yasemin Öymen; Kamuran Usluer; Melih Cevdet Anday,,,,,Boyut Yayın Grubu,record,2000,,tr,,,,"Boyut sinema : Türk sineması, İstanbul, ca. 2000",,,,,,,,,worldcat
9789755213941,Adult / sexual content,high,Adult / sexual content: erotic ('erotica' in title),erotica,9755213945,Erotica,,Kolektif,,,,,Boyut Yayin Grubu,record,2010,,tr,,paperback,,"Nov 05, 2010",,,,,,https://openlibrary.org/works/OL26375318W,,,openlibrary; openlibrary
9789755216102,Adult / sexual content,high,Adult / sexual content: seks ('seks' in title),seks,9755216103,Tanrilarin Seks Oykuleri,,Onder Senyapili,,,,,Boyut Yayin Grubu,record,2010,,tr,108,paperback,,"İstanbul, 2002",,,,,,https://openlibrary.org/works/OL26278872W,,,openlibrary; isbndb; worldcat; nexusstc
9789755216119,Adult / sexual content,high,Adult / sexual content: seks ('seksin' in title) | Adult / sexual content: seks ('seks' in description),seks; seksin,9755216111,Seksin Yeniden Dogusu,,Onder Senyapili,,,,,Boyut Yayin Grubu,record,2010,,tr,,paperback,,"PT, 2002",,"Henz insann yaratlmad dnemde, Hermaphrodites adnda iki yzl, iki ift kanad olan, koskocaman garipp ve kendi kendine yaterli bir yaratk varm. Tanrlar, bir yaratn kendi kendine yetmesini bir trl ilerine sindiremezlermi. Duyduklar fke, gnn birinde, Hermaphrodites'i ikiye ayrmalarna, bir baka anlatmla, birbirlerini tamamlayan iki paraya blmelerine yol am. Seks szc de bu ayrmay anlatyor. Latince blme, ayrma anlamna gelen secare szcnden tretilmi.. O gn bugndr blnen, birbirinden ayrlan bedenler birbirini tamamlamak iin biraraya geleduruyor, birletiriyor. kisi birbirinden ayrml olduklar iin, bir araya gelip birleince bir biyolojik tamamlama gerekleiyor hereyden nce. Seks szcn cinsellik szcyle karlyoruz Trkede.Ve ite iki bedenin birbirini tamamlamalar o gn bugndr sryor. Antik dnemde, Rnesans ve sonrasnda, Yirminci yzylda ve de bugn, --yeni e-iletiim ya da internet dneminde cinsellikle sanat ilikisini rnekleyen elimizdeki kitaplar dizisi ortaya kt.",,,,https://openlibrary.org/works/OL26375348W,,,openlibrary; goodreads
9789755335742,Adult / sexual content,high,Adult / sexual content: seks ('seks' in title),seks,9755335749,Seks Para ve Iktidar,,Bill Jordan,,,,,Imge Kitabevi Yayinlari,record,2008,,tr,332,paperback,,"Nov 05, 2008",,,,,,https://openlibrary.org/works/OL26375623W,,,openlibrary; openlibrary
9789755391588,Adult / sexual content,high,Adult / sexual content: porn ('pornografi' in title),pornografi,9755391584,Pornografi,,Witold Gombrowicz,,,,,Ayrinti Yayinlari,record,1998,Istanbul,tur,169,Paperback,,Turkish edition.,,,,,,,,,openlibrary; isbndb
9789755393834,Adult / sexual content,high,Adult / sexual content: seks ('seks' in title),seks,9755393838,Seks Isyanlari,,Joy Press Reynolds,,,,,Ayrinti Yayinlari,record,2004,,tr,422,paperback,,,,,,,,https://openlibrary.org/works/OL26376014W,,,openlibrary; isbndb
9789755395913,Adult / sexual content,high,Adult / sexual content: porn ('pornosu' in title) | Adult / sexual content: erotic ('erotica' in subjects/genres) | Adult / sexual content: sex manual ('sexual intercourse' in subjects/genres) | Adult / sexual content: porn ('pornography' in description),erotica; pornography; pornosu; sexual intercourse,9755395911,Olum Pornosu,,Chuck Palahniuk,,,Literature,"Sexual intercourse; World records; Fiction; Snuff films; Motion picture actors and actresses; nyt:hardcover-fiction=2008-06-08; New York Times bestseller; New York Times reviewed; Motion picture industry, fiction; Fiction, general; Fiction, erotica, general; Actresses, fiction; Actors, fiction; Films snuff; Romans, nouvelles; Relations sexuelles; Records; Snuff films--Fiction; Motion picture actors and actresses--United States--Fiction; Sexual intercourse--Fiction; World records--Fiction",Ayrinti Yayinlari; Ayrnt Yaynlar,record,2011,,tr,208,paperback,,"Yeraltı edebiyatı, 3. basım, İstanbul, 2011",,"**From the master of literary mayhem and provocation, a full-frontal Triple X novel that goes where no American work of fiction has gone before** Cassie Wright, porn priestess, intends to cap her legendary career by breaking the world record for serial fornication. On camera. With six hundred men. Snuff unfolds from the perspectives of Mr. 72, Mr. 137, and Mr. 600, who await their turn on camera in a very crowded green room. This wild, lethally funny, and thoroughly researched novel brings the huge yet underacknowledged presence of pornography in contemporary life into the realm of literary fiction at last. Who else but Chuck Palahniuk would dare do such a thing? Who else could do it so well, so unflinchingly, and with such an incendiary (you might say) climax?",813/.54,PS3566.A4554 S68+; PS3566.A4554 S68 2008,759061765,https://openlibrary.org/works/OL18934W,,,openlibrary; isbndb; worldcat; google_books
9789755538792,Adult / sexual content,high,Adult / sexual content: seks ('seks' in title),seks,9755538798,Türk Sinemasinda Seks Furyasina Ideolojik Bakis,,Buket Akdemir Dilek,,,Language & literature,Literature,Doruk Yayinlari,record,2021,,,248,paperback,,,,,,PN1993.5.T8.A434,,https://openlibrary.org/works/OL26376513W,,,openlibrary
9789755701240,Adult / sexual content,high,Adult / sexual content: seks ('seks' in title),seks,9755701249,"Romantik Hareket Seks, Alisveris ve Roman",,Alain De Botton,,,,,Sel Yaynclk; Sel,record,2001,,en_US,335,paperback,,,,,,,,https://openlibrary.org/works/OL26376530W,,,openlibrary; isbndb
9789755703787,Adult / sexual content,high,Adult / sexual content: seks ('seks' in title) | Adult / sexual content: orgy/orgasm ('orgazm' in description) | Adult / sexual content: seks ('seks' in description),orgazm; seks,9755703780,Ölü evinde seks partisi,şiir,Küçük İskender,,,Music,,Sel Yayıncılık,record,2008,"Çemberlitaş, İstanbul",tur,85,Paperback,,1. baskı.,,"""Kelimelerin bir eskisi, bir yenisi var: Varlklarn, var olduuna inanmak istediklerimizin de yle. Ancak u beini birbirinden ayracak cesareti aktan, hayallerden, siyasi mcadeleden baka hangi gvdede bulabiliriz ki: l, Ceset, Le, Kadavra, Naa. Bunlar ayracak cesareti olanlar, mutlak akl nlerindeki o cansz et ynlarnda kaybettiler. Ben kaybedilmi akllarn izini srdm, raporlar tuttum. Ancak imdilik bu kadarn bulabildiim, yazabildiim ltfen tutanaklara geirilsin."" kk skender, l Evinde Seks Partisi'nde katledilmi topraklarda lgn bir elenceye gz yuman hayatn peine dyor. Alt metne senaryoyu, st metne urbanizm sefillii'ni yerletirirken de atlarla orgazm lklarnn birbirine kart corafyalarn sorumluluunu stlenmek istemediini aka dile getiriyor. Bir yandan gmp bir yandan belli belirsiz dllenmek, ite insann kainattaki lzumsuzluu!",,MLCSN 2011/00044 (P); PL243.K765O58 2008,301477546,https://openlibrary.org/works/OL16596255W,,,openlibrary; isbndb; goodreads
9789755703954,Adult / sexual content,high,Adult / sexual content: explicit genre ('kama sutra' in title) | Adult / sexual content: erotic ('erotic' in subjects/genres) | Adult / sexual content: explicit genre ('kama sutra' in subjects/genres) | Adult / sexual content: sex manual ('sexual intercourse' in subjects/genres),"erotic; erotic art; erotic literature; erotic literature, indic; kama sutra; sex instruction; sexual intercourse",9755703950,Kama Sutra,,Vatsyāyana,,,,"Sex customs; Love; Sexual intercourse; Sex; New York Times reviewed; Early works to 1800; Erotic art; Erotic literature; Indic Erotic literature; Sanskrit Erotic literature; Sex instruction; Specimens; Toy and movable books; Amor; Literatura erótica índica; Relaciones sexuales; Sexo; Obras anteriores a 1800; India, social life and customs; Erotic literature, Indic; Nonfiction; Sociology; kama sutra; sex positions; kama sutra illustrated",Sel Yayincilik,record,2009,,,,paperback,,,,"A work of philosophy, psychology, sociology, Hindu dogma, scientific inquiry, and sexology, the ""Kama Sutra"" has been a classic of world literature for more than 1700 years.",,,,https://openlibrary.org/works/OL239940W,,,openlibrary
9789755704098,Adult / sexual content,high,Adult / sexual content: porn ('pornografi' in title),pornografi,9755704094,Fatma Tülin resmi,"algı, form ve pornografi",Serdar Aydın,,,Fine arts,Painters; Modern Art; Turkish Art,Sel Yayıncılık,record,2009,"Çemberlitaş, İstanbul",tur,272,Paperback,Sanat kitapları -- 05,1. baskı.,,,,ND873.T84 A97 2009,641508881,https://openlibrary.org/works/OL16603523W,,,openlibrary; isbndb
9789755705453,Adult / sexual content,high,Adult / sexual content: orgy/orgasm ('orgazmin' in title),orgazmin,9755705457,Orgazmin Tarihi,,Robert Muchembled,,,,,Sel Yayincilik,record,2011,,,,paperback,,,,,,,,https://openlibrary.org/works/OL26398911W,,,openlibrary
9789756006146,Adult / sexual content,high,Adult / sexual content: seks ('seks' in title),seks,9756006145,Seks ve Kusursuz Es,,Mabel Iam,,,,,April Yayincilik,record,2016,,,,paperback,,,,,,,,https://openlibrary.org/works/OL26400062W,,,openlibrary
9789756680018,Adult / sexual content,high,Adult / sexual content: seks ('seks' in title) | Anti-Islamic / religiously offensive: author: Turan Dursun ('turan dursun' in authors),seks; turan dursun,9756680016,Din ve seks,,Turan Dursun,,,"Philosophy, psychology & religion",Sex -- Religious aspects; Sexual ethics; Religious aspects; Religious aspects of Sex; Sex; Sex in the Bible,Berfin Yayınları,record,2000,"Cağaloğlu, İstanbul",tur,128,Paperback,Araştırma-inceleme; 41; Araştırma-inceleme (Berfin Yayınları (Firm)),1. basım.,,Turan Dursun. 100--p. Facing T.p. Includes Bibliographical References.,,BL65.S4 D87 2000,48834631; 46478499,https://openlibrary.org/works/OL1786997W,5337730,,openlibrary; isbndb; worldcat
9789756680667,Adult / sexual content,high,Adult / sexual content: seks ('seks' in title),seks,9756680660,Seks Tanrilari,,Elvin Azar,,,,,Berfin Yayinlari,record,2006,,tr,524,paperback,,"Berfin Yayınları, 1. Baskı, İstanbul, 2006",,,,,,https://openlibrary.org/works/OL26280581W,,,openlibrary; isbndb; worldcat
9789757054177,Adult / sexual content,high,"Adult / sexual content: LCC HQ450-472 (erotica) ('hq470.t87 g39 2001' in lcc) | Adult / sexual content: erotic ('erotic' in subjects/genres) | Adult / sexual content: LoC: erotic/sex instruction ('erotic literature, turkish -- early works to 1800' in subjects) | Adult / sexual content: LoC: erotic/sex instruction ('erotic literature, turkish' in subjects)","erotic; erotic literature, turkish; erotic literature, turkish -- early works to 1800; hq470.t87 g39 2001",9757054178,Book of Shehzade,"Dafiü'l gumûm, rafiü'l humûm",Gazali,,Early works to 1800,Music,"Sex -- Early works to 1800; Erotic literature, Turkish -- Early works to 1800; Early works to 1800; Sex; Turkish Erotic literature; Erotic Literature, Turkish",Dönence,record,2001,"Cağaloğlu, İstanbul",eng,134,Paperback,,2001,,Mehmed Gazalî (deli Birader) ; Illustrated By Münif Fehim.,,MLCSN+; HQ470.T87 G39 2001,49526058,https://openlibrary.org/works/OL396587W,,,openlibrary; isbndb; isbndb
9789757190165,Adult / sexual content,high,Adult / sexual content: seks ('seks' in title) | Adult / sexual content: erotic ('erotiske' in description) | Adult / sexual content: seks ('seksualhandbog' in description),erotiske; seks; seksualhandbog,9757190160,Itırlı Bahçe : 16. yüzyıl Arap seks elkitabı,,Abū 'Abd Allāh 'Umar al-Nafzāwı̄,,,,,Söz Yayın,record,1998,,tr,,,,"Seks yazıları (erotoloji) dizisi, Istanbul, 1998",,"En seksualhåndbog skrevet i første halvdel af 1500-tallet, der beskriver (al) viden om det erotiske liv",,,,,,,worldcat
9789757414520,Adult / sexual content,high,Adult / sexual content: erotic ('erotik' in title) | Adult / sexual content: erotic ('erotik' in subjects/genres),erotik,9757414522,Erotik Sinema,,,,,,Erotik film,Alan Yayıncılık,isbn_prefix,1996,,Türkçe,,,,,,,,,,,,https://www.wikidata.org/wiki/Q136655101,wikidata
9789757569015,Adult / sexual content,high,Adult / sexual content: seks ('seks' in title) | Adult / sexual content: sehvet/sevisme ('sevisme' in title),seks; sevisme,9757569011,Taocu Sevisme ve Seks - Eski Cinlilerin Cinsel Esrime Yontemi,,Jolan Chang,,,,,Yol Yayinlari,record,,,tr,,Paperback,,,,,,,,,,,isbndb; google_books
9789757569039,Adult / sexual content,high,Adult / sexual content: seks ('seks' in title) | Adult / sexual content: seks ('seks' in description),seks,9757569038,Baka Bir Gzle Bir Baka Adan Seks Yogas ve Baka Yazlar,,lhan Gngren; Ayegl Tolgay Gngren,,,,,Yol Yaynlar,record,1988,,tr,,,,"PT, 1988",,"Baka Bir Gzle Bir Baka Adan Seks Yogas ve Baka Yazlar lhan Gngren Yol Yaynlar stanbul, 1988 158 sayfa, ISBN : 9789757569039 kapak dzeni; Ayegl Tolgay Gngren lhan Gngren (1923-2000) Budizm, Zen, Taoculuk konularnda yazd ve evirdii kitaplarla tannr. Yol Yaynlar'nn kurucusudur. kitap hakknda; 1. blm, bir baka adan seks; 80 yllarda eitli dergilerde yaynlanm seks-yoga-tao temal yazlar. 2. blm, zen ve ben; eitli yazarlarla yapt syleiler. 3. blm; Baka Bir Gzle tarih ve toplum.",,,,,,,goodreads
9789757569824,Adult / sexual content,high,Adult / sexual content: seks ('seks' in title) | Adult / sexual content: sehvet/sevisme ('sevisme' in title),seks; sevisme,9757569828,Taocu Sevisme ve Seks - Eski Cinlilerin Cinsel Esrime Yöntemi,,Jolan Chang,,,,,Yol Yayincilik,record,2000,,tr,216,Paperback,,,,,,,,,,,isbndb
9789757809838,Adult / sexual content,high,Adult / sexual content: seks ('seks' in title) | Occultism / satanism: tarot/astroloji/fal ('astroloji' in title),astroloji; seks,9757809837,Astroloji Ve Seks,,Vivian Erwood Robson,,,,,Gendaş,isbn_prefix,1998,,tr,214,,,,,,,,,,,,isbndb
9789757823025,Adult / sexual content,high,Adult / sexual content: seks ('seks' in title),seks,9757823023,Osmanlı'da seks,sarayda gece dersleri,Murat Bardakçı,,,Music,Sex customs -- Turkey -- History; Turks -- Sexual behavior -- History; Homosexuality -- Turkey -- History; History; Homosexuality; Sexual behavior; Sex customs; Turks; Sex customs--History; Sex customs--Turkey--History; Turks--Sexual behavior--History; Homosexuality--History; Homosexuality--Turkey--History,Gür Yayınları,record,1992,"Kadıköy, İstanbul",tur,228,Unknown Binding,"Araştırma, inceleme, başvuru dizisi; 15",1. baskı.,,Murat Bardakçı. 43--p. Facing T.p. Includes Bibliographical References (p. 227-228).,,MLCSN 97/378; HQ18.T9,27745679,https://openlibrary.org/works/OL1019964W,,,openlibrary; isbndb; worldcat; hathitrust; openlibrary; hathitrust
9789757902157,Adult / sexual content,high,Adult / sexual content: seks ('seks' in title),seks,9757902152,Burclarla daha fazla ask daya fazla seks,,Teri King,,,,,Adic,record,1994,Istanbul,tur,271,,,,,,,,34337581,https://openlibrary.org/works/OL3516988W,,,openlibrary
9789758240548,Adult / sexual content,high,Adult / sexual content: erotic ('erotik' in title) | Adult / sexual content: erotic ('erotic' in subjects/genres) | Adult / sexual content: LoC: erotic/sex instruction ('erotic films -- turkey' in subjects) | Adult / sexual content: LoC: erotic/sex instruction ('erotic films' in subjects),erotic; erotic films; erotic films -- turkey; erotik,9758240544,Erotik Türk sineması,,Giovanni Scognamillo,,,Language & literature,Erotic films -- Turkey; Erotic films,Kabalcı Yayınevi,record,2002,"Cağaloğlu, İstanbul",tur,325,Paperback,Sinema dizisi,1. basım.,,,,PN1995.9.S45 S36 2002,54822395,https://openlibrary.org/works/OL1787285W,,,openlibrary; isbndb
9789758420780,Adult / sexual content,high,Adult / sexual content: erotic ('erotik' in title),erotik,975842078X,Erotik Öyküler,,Kolektif,,,,,Okuyan Us Yayinlari,record,2017,,tr,,paperback,,"Okuyan Us Yayın (Series), 1, İstanbul, 2003",,,,,,https://openlibrary.org/works/OL26403970W,,,openlibrary; worldcat
9789758420797,Adult / sexual content,high,Adult / sexual content: LCC HQ450-472 (erotica) ('hq451 .m446 2003' in lcc) | Adult / sexual content: erotic ('erotica' in subjects/genres) | Adult / sexual content: LoC: erotic/sex instruction ('erotica' in subjects),erotica; hq451 .m446 2003,9758420798,Sevda Lugati,,MEHMED CELÂL,,,Social sciences,Love; Dictionaries; Turkish; Erotica,Okuyan Us Yayin,record,2003,,tur; ota,279,paperback,,,,,,HQ451 .M446 2003,55129128,https://openlibrary.org/works/OL26281859W,,,openlibrary
9789758460472,Adult / sexual content,high,Adult / sexual content: orgy/orgasm ('orgazm' in title),orgazm,9758460471,Kadinlarda Orgazm Olma Yontemleri,,"Elif Kucukvar, Eda Cetin, Joseph Lopiccoh Julia Heiman",,,,,Pencere Yayinlari,record,2002,,tr,187,Paperback,,,,,,,,,,,isbndb
9789758704996,Adult / sexual content,high,Adult / sexual content: erotic ('erotik' in title) | Adult / sexual content: LCC HQ450-472 (erotica) ('hq470.t8 b56 2005' in lcc) | Adult / sexual content: erotic ('erotica' in subjects/genres) | Adult / sexual content: LoC: erotic/sex instruction ('erotica -- turkey -- periodicals' in subjects),"erotic literature, turkish; erotic literature, turkish -- periodicals; erotic literature, turkish--periodicals; erotica; erotica -- turkey -- periodicals; erotica--turkey--periodicals; erotik; hq470.t8 b56 2005",9758704990,Bin bir buse,1923-24 İstanbul'undan erotik bir dergi,İrvin C. Schick,,Periodicals,Social sciences,"Bin bir buse; Erotica -- Turkey -- Periodicals; Erotic literature, Turkish -- Periodicals; Periodicals; Erotica; Turkish Erotic literature; Erotica--Turkey--Periodicals; Erotic literature, Turkish; Erotic literature, Turkish--Periodicals",Kitap Yayınevi,record,2005,"Beyoğlu, İstanbul",tur,266,Paperback,Sahaflar çarşısı dizisi -- 1,1. basm.,,"Sunuş İrvin Cemil Schick ; Hazırlayan Ömer Türkoğlu. Reprint Of Selections From Bin Bir Buse, Originally Published: İstanbul : Ahmedî Matbaası, 1339-1340 [1923-1924].",,HQ470.T8 B56 2005,62277811,https://openlibrary.org/works/OL18725844W,,,openlibrary; isbndb; worldcat
9789758829781,Adult / sexual content,high,Adult / sexual content: obscene ('mustehcen' in title),mustehcen,9758829785,Ah o müstehcen salınış,hikâyeler,Reha Mağden,,,,,Agora Kitaplığı,record,2005,İstanbul,tur,166,,Türkçe edebiyat -- 13; Türkçe edebiyat (Agora Kitaplığı (Firm)) -- 13,1. basım.,,,,,62113402,https://openlibrary.org/works/OL42464383W,,,openlibrary
9789759013226,Adult / sexual content,high,Adult / sexual content: seks ('seksi' in title),seksi,9759013223,Seksi Anneler: Cinsel Tatminden Anne Zevklerine,,Cathy Winks & Anne Semans,,,,,Dekolte Yayincihk,record,2006,,Turkish,,,,,,,,,,,,,internet_archive
9789759817152,Adult / sexual content,high,"Adult / sexual content: LCC HQ450-472 (erotica) ('hq470.t8 g39 2007' in lcc) | Adult / sexual content: LCC HQ450-472 (erotica) ('hq470.t87 g39 2007' in lcc) | Adult / sexual content: erotic ('erotic' in subjects/genres) | Adult / sexual content: LoC: erotic/sex instruction ('erotic literature, turkish' in subjects)","erotic; erotic literature, turkish; erotic literature, turkish--early works to 1800; hq470.t8 g39 2007; hq470.t87 g39 2007",9759817152,Kitab-ı dâfi-ü'l- gumûm,Gamları def eden kitap,Gazali,,,Social sciences,"Sex; Early works to 1800; Turkish Erotic literature; Gazali; Sex--Early works to 1800; Erotic literature, Turkish; Erotic literature, Turkish--Early works to 1800",AltÜst Yayınevi; Alt Üst Yayınevi,record,2007,Ankara,tur,160,,Açık uçuk serisi -- 2,1. basım.,,"Deli Birader ; [yayına Hazırlayan, Filiz Bingölçe]. Text In Romanized Ottoman Turkish; Introduction In Turkish.",,HQ470.T8 G39 2007; HQ470.T87 G39 2007,234195797,https://openlibrary.org/works/OL24123484W,,,openlibrary; isbndb; worldcat
9789759970017,Adult / sexual content,high,Adult / sexual content: seks ('seks' in title),seks,9759970015,Avrupa Seks ve Korku Sinemasi,,Pete Tombs,,,,,Kabalci Yayinevi,record,2017,,tr,,paperback,,,,,,,,https://openlibrary.org/works/OL26406206W,,,openlibrary; isbndb
9789944291712,Adult / sexual content,high,Adult / sexual content: seks ('seks' in title) | Occultism / satanism: tarot/astroloji/fal ('kabala' in title) | Occultism / satanism: LoC: occult subject ('cabala' in subjects),cabala; kabala; seks,9944291714,Kabala'nın seks kitabı,ve evrenin diğer sırları,Yehudah Berg; Işıl Ölmez,,,,Sex; Religious aspects; Judaism; Cabala; Spiritual life; Mysticism,Goa Basım Yayın,record,2009,Istanbul,tur,247,,,,,,,,973167236,https://openlibrary.org/works/OL44792783W,,,openlibrary
9789944967099,Adult / sexual content,high,Adult / sexual content: orgy/orgasm ('orgazmi' in title),orgazmi,9944967092,Tanrıça ay'ın orgazmı,,Cüneyt Asi Duru,,,,,Liman Yyaın-Reklam,record,2006,,tr,,,,"İstanbul, 2006",,,,,,,,,worldcat
9789944989206,Adult / sexual content,high,Adult / sexual content: seks ('seks' in title),seks,9944989207,Seks Sohbetleri - Surrealist Gorusmeler,,Isil Ozbek,,,,,Versus,record,2006,,,216,paperback,,,,,,,,https://openlibrary.org/works/OL26409296W,,,openlibrary
9789944998284,Adult / sexual content,high,Adult / sexual content: erotic ('erotica' in title) | Adult / sexual content: sex ('sex' in title),erotica; sex,9944998281,Naughty Sex Tales for Adults - Erotica Stories for Women,,Bacque,,,,,Seduction Stories Press,record,,,tr,,,,uuuu,,,,,,,,,worldcat
9799753294231,Adult / sexual content,high,Adult / sexual content: erotic ('erotik' in title),erotik,,Erotik ve Milliyeti Bir kon: Karaolan,,Levent Cantek,,,,,Olak Yaynclk,record,2003,,tr,,,,"First Edition, US, 2003",,"Yaklak bir yl kadar nce, Rait ava, Tyap Kitap Fuar'nda bana bir Karaolan almas nerdiinde, akas -bunu ona ne kadar gsterdim bilemiyorum- hayli sevindim. Bir Karaolan kitab hazrlama fikri bana keyif vermiti. lerim nedeniyle, hemen olmasa bile ay sonra, kitap iin hazrlanmaya baladm. Bir yandan geni ve dank yaynlar olan Karaolan servenlerini toparlamaya alrken, dier yandan ilgigli dergi-gazete taramalar yapyordum. Milli Ktphane araclyla Paris'teki Biblioteque National'e bavurup, Suat Yalaz'n Fransa'da yapt almalarn kopyasn getirtmem Mays aynn ortasn buldu. Bu srada, Yalaz'la ilikiye getim. Kendisiyle Ankara ve stanbul'da ikisi ses kaytl olmak zere, be uzun grme sohbet yaptm.(nsz)",,,,,,,goodreads
9781492898825,Adult / sexual content,review,Adult / sexual content: sex ('sex' in title),sex,1492898821,Virtual Sex in Dreamscape Mode - Turkish,,Joseph Hradisky,,,,,CreateSpace Independent Publishing Platform,record,2013,,tur,24,,,,,,,,,https://openlibrary.org/works/OL39897669W,,,openlibrary
9781501062216,Adult / sexual content,review,Adult / sexual content: sex ('sex' in title),sex,1501062212,"Dr. Horrible Anal, Oral Olursa Olsun Esas Kanli Sex",,A. A. Bort,,,,,CreateSpace Independent Publishing Platform,record,2014,,tur,68,,,,,,,,,https://openlibrary.org/works/OL40399508W,,,openlibrary; google_books
9781508631545,Adult / sexual content,review,Adult / sexual content: sex ('sex' in title),sex,1508631549,"Dr. Horrible Anal, Oral, Ne Olursa Olsun Ana Kanli Sex 2",,A. A. Bort,,,,,CreateSpace Independent Publishing Platform,record,2015,,tur,68,,,,,,,,,https://openlibrary.org/works/OL40141871W,,,openlibrary
9781648730160,Adult / sexual content,review,Adult / sexual content: erotic ('erotica' in subjects/genres),erotica,1648730167,Ne Gider Etrafinda Gelir Geri Etrafinda,,Alborz Azar,,,,"Fiction, romance, general; Fiction, erotica",Writers Publishing House,record,2020,,tur,,,,,,,,,,https://openlibrary.org/works/OL25428172W,,,openlibrary
9781648730177,Adult / sexual content,review,Adult / sexual content: erotic ('erotica' in subjects/genres),erotica,1648730175,Ne Gider Etrafinda Gelir Geri Etrafinda,,Alborz Azar,,,,"Fiction, romance, general; Fiction, erotica",Writers Publishing House,record,2020,,tur,,,,,,,,,,https://openlibrary.org/works/OL25428172W,,,openlibrary
9781648730641,Adult / sexual content,review,Adult / sexual content: erotic ('erotica' in subjects/genres),erotica,1648730647,K?M?N YAPTI?INDAN SONRA SONU,,Alborz Azar,,,,"Fiction, romance, general; Fiction, erotica",Writer's Publishing House,record,2020,,tur,,,,,,,,,,https://openlibrary.org/works/OL20768382W,,,openlibrary
9781648730658,Adult / sexual content,review,Adult / sexual content: erotic ('erotica' in subjects/genres),erotica,1648730655,K?M?N YAPTI?INDAN SONRA SONU,,Alborz Azar,,,,"Fiction, romance, general; Fiction, erotica",Writer's Publishing House,record,2020,,tur,,,,2020,,,,,,https://openlibrary.org/works/OL20768382W,,,openlibrary; openlibrary
9781648734465,Adult / sexual content,review,Adult / sexual content: erotic ('erotica' in subjects/genres),erotica,1648734464,8 Stunning Sexy Lovemaking,The Raha Series -Book Six,Alborz Azar,,,,"Fiction, erotica, general; Fiction, romance, general",Writers Publishing House,record,2024,,tur,,,,,,,,,,https://openlibrary.org/works/OL32516365W,,,openlibrary
9781648734663,Adult / sexual content,review,Adult / sexual content: erotic ('erotica' in subjects/genres),erotica,1648734669,SHORT LOVELY SEXY LOVE MAKINGS,,Alborz Azar,,,,"Fiction, erotica, general; Fiction, romance, general",Writers Publishing House,record,2024,,tur,,,,,,,,,,https://openlibrary.org/works/OL32516349W,,,openlibrary
9781952274091,Adult / sexual content,review,Adult / sexual content: erotic ('erotica' in subjects/genres),erotica,1952274095,Kim Yapt?,,Alborz Azar,,,,"Fiction, romance, general; Fiction, erotica",Writer's Publishing House,record,2020,,tur,172,,,2020,,,,,,https://openlibrary.org/works/OL20766456W,,,openlibrary; openlibrary
9781952274107,Adult / sexual content,review,Adult / sexual content: erotic ('erotica' in subjects/genres),erotica,1952274109,Kim Yapt?,,Alborz Azar,,,,"Fiction, romance, general; Fiction, erotica",Writer's Publishing House,record,2020,,tur,,,,,,,,,,https://openlibrary.org/works/OL20766456W,,,openlibrary
9781952274978,Adult / sexual content,review,Adult / sexual content: erotic ('erotica' in subjects/genres),erotica,1952274974,YAPTIM,,Alborz Azar,,,,"Fiction, romance, general; Fiction, erotica",Writer's Publishing House,record,2020,,tur,,,,,,,,,,https://openlibrary.org/works/OL20768277W,,,openlibrary
9783757904593,Adult / sexual content,review,Adult / sexual content: sehvet/sevisme ('sehvetli' in title),sehvetli,3757904591,Kayıp Dünya: Kraliçe Kleopatra Deniz Altında Bir İmparatorluk mu Kurdu? Dünyanın en şehvetli kadınının harikaları,,Adeline Klara Palmerstone,,,,,,,,,tr,,,,,,,,,,,,,google_books
9786050060157,Adult / sexual content,review,Adult / sexual content: erotic ('erotiske' in description) | Adult / sexual content: seks ('seksuelle' in description),erotiske; seksuelle,6050060150,Pusudaki Ten,,Mehmet Erguven,,,,,Agora Kitapligi,record,2008,,tr,256,paperback,,"Dördüncü basım, Istanbul, 2009",,Om erotiske fantasier og den ultimative seksuelle tilfredsstillelse,,,,https://openlibrary.org/works/OL26202023W,,,openlibrary; isbndb; worldcat
9786050302615,Adult / sexual content,review,Adult / sexual content: erotic ('erotica' in description),erotica,6050302618,Nella Spirale dei Sensi,,Marina Fabbri,,,,,Marina Fabbri,record,2014,,it,,,,2014,,"SINOSSI DE ""NELLA SPIRALE DEI SENSI"" DI MARINA FABBRI Aurora è una donna di sani principi morali, innamoratissima del suo fidanzato Paolo. Con lui, suo primo e unico amore, vive un rapporto sentimentale romantico, nel quale il sesso ne è solo un'inevitabile, dolce conseguenza. Aurora pensa che il sesso sia tutto lì, e se ne sente appagata. Ma un giorno che sembrava uguale a un altro, la ragazza conosce un giovane musicista: Tancredi. Parlare con lui, guardare nei suoi occhi e sfiorargli la sua mano le procura sensazioni e vibrazioni violente e mai provate con Paolo. Forte dell'amore per il suo fidanzato e della sua educazione borghese, resiste al richiamo dei suoi sensi come impazziti e respinge più volte Tancredi che, stanco del continuo negarsi di lei, sparisce dalla sua vita. Paolo però muore in un incidente aereo. Tancredi, che si era trasferito in Inghilterra dove aveva riscosso enorme successo come cantante e chitarrista, decide di tentare il successo anche in Italia dove, per prima cosa, rintraccia Aurora: la donna che non ha mai posseduto e mai dimenticato, nonostante un' attività sessuale molto frenetica. Tra i due rinasce quell'attrazione sessuale che avevano tenuta prigioniera nelle loro vene ed esplode come una scintilla, un'energia erotica rara che li proietterà in un universo di desiderio e passione sessuali tali da renderli schiavi dei loro sensi e, quindi, incapaci di allontanarsi l'uno dall'altra. Nella spirale dei sensi nella quale sono serrati, vivranno mom",,,,,,,libby
9786050326093,Adult / sexual content,review,Adult / sexual content: obscene ('obscenity' in description),obscenity,6050326096,Ulysses,,James Joyce,,,,,James Joyce,record,2014,,en,,,,"Place of publication not identified, 2014",,"Ulysses is a modernist novel by Irish writer James Joyce. It was first serialised in parts in the American journal The Little Review from March 1918 to December 1920, and then published in its entirety by Sylvia Beach in February 1922, in Paris. It is considered to be one of the most important works of modernist literature, and has been called ""a demonstration and summation of the entire movement"". According to Declan Kiberd, ""Before Joyce, no writer of fiction had so foregrounded the process of thinking."" However, even proponents of Ulysses such as Anthony Burgess have described the book as ""inimitable, and also possibly mad"". Ulysses chronicles the peripatetic appointments and encounters of Leopold Bloom in Dublin in the course of an ordinary day, 16 June 1904. Ulysses is the Latinised name of Odysseus, the hero of Homer's epic poem Odyssey, and the novel establishes a series of parallels between its characters and events and those of the poem (e.g., the correspondence of Leopold Bloom to Odysseus, Molly Bloom to Penelope, and Stephen Dedalus to Telemachus). Ulysses is approximately 265,000 words in length, uses a lexicon of 30,030 words (including proper names, plurals and various verb tenses), and is divided into eighteen episodes. Since publication, the book has attracted controversy and scrutiny, ranging from early obscenity trials to protracted textual ""Joyce Wars."" Ulysses' stream-of-consciousness technique, careful structuring, and experimental prose--full of puns, p",,,,,,,worldcat
9786050329391,Adult / sexual content,review,Adult / sexual content: erotic ('erotischer' in description),erotischer,6050329397,Leon - Urban Warriors 1,,Lea T. Earl,,,,,Lea T. Earl,record,2014,,tr,,,,,,"Dass Katies Chefredakteur Ihr Aus Heiterem Himmel Einen Neuen Fotografen Zur Seite Stellt, Passt Katie Gar Nicht. Noch Dazu Ist Sie Gerade An Einer Heißen Spur In Der Story Dran, An Der Sie Seit Wochen Arbeitet. Katie Wird Nicht Zulassen, Dass Der Neue Ihr Die Sache Vermasselt, Auch Wenn Der Mürrische Hüne Verdammt Gut Aussieht. Die Recherchen Entpuppen Sich Jedoch Als Brandgefährlich Und Katie Kommt Bald Der Verdacht, Dass Ihr Neuer Kollege Gar Kein Fotograf Ist. Als Sie Beide In Die Fänge Mexikanischer Waffenhändler Geraten, Zeigt Leon Sein Wahres Gesicht: Er Ist Eine Kampfmaschine, Gnadenlos Und Tödlich. Als Einzige Frau In Einem Verlies Voller Männer, In Dem Nur Das Recht Des Stärkeren Gilt, Ist Katie Plötzlich Von Leons Schutz Abhängig. Der Elitekämpfer Leon Wird Vom Urban Warrior Corps Entsendet, Um Eine Junge Reporterin Zu Beschützen. In Gefangenschaft In Einem Mexikanischen Arbeitslager Muss Leon Sich Die Alpha-position Unter Den Männern Erkämpfen, Um Seinen Anspruch Auf Katie Geltend Zu Machen. Die Vorher So Kratzbürstige Junge Frau Zittert Jetzt Vor Ihm, Weil Sie Weiß, Dass Sie Ihm Ausgeliefert Ist. Thriller Romance. Ein Erotischer Liebesroman. Über Die Autorin Lea T. Earl Schreibt Erotische Liebesromane Mit Starken Männlichen Hauptfiguren Und Heldinnen, Die über Sich Hinauswachsen. Bereits Erschienen: Urban Warriors, Band 1: Leon Urban Warriors, Band 2: Draco Urban Warriors, Band 3: Remus Urban Warriors, Band 4: Hawke Weitere Romane Sind In Vorbereitung. Weitere In",,,,,,,isbndb
9786050332759,Adult / sexual content,review,Adult / sexual content: erotic ('erotischer' in description),erotischer,6050332754,Draco - Urban Warriors 2,,Lea T. Earl,,,,,Lea T. Earl,record,2014,,tr,,,,2014,,"Lilly Reist Mit Ihrem Chef Nach Moskau, Um An Einer Konferenz Für Softwareprogrammierer Teilzunehmen, Nicht Ahnend, Dass Sie In Einem Russischen Militärgefängnis Landen Wird. Man Verwehrt Ihr Jeden Kontakt Zur Außenwelt Und Wirft Ihr Vor, Antirussische Rebellen Zu Unterstützen. Lilly Beteuert Verzweifelt, Nichts Mit Den Machenschaften Ihrer Firma Zu Tun Zu Haben, Aber Das Militär Ist Bereit, Die Informationen Mit Gewalt Aus Ihr Herauszuholen. Sie Ist Dem Offizier, Der Die Wahrheit Aus Ihr Herausfoltern Soll, Hilflos Ausgeliefert – Doch Der Soldat Entwickelt Eine Schwäche Für Die Wehrlose Frau. Wird Es Lilly Gelingen, Ihn Von Ihrer Unschuld Zu überzeugen? Draco, Der Gefühlskalte, Tödliche Einzelgänger Unter Den Urban Warriors, Wird Ins Russische Militär Eingeschleust, Um Zu Verhindern, Dass Der Entführte Boss Einer Amerikanischen Softwarefirma Die Falschen Geheimnisse Ausplaudert. Doch Als Eine Unschuldige Pr-assistentin Zwischen Die Fronten Gerät, Gefährdet Draco Seine Mission Und Sogar Sein Eigenes Leben, Um Die Junge Frau Zu Beschützen. Thriller Romance. Ein Erotischer Liebesroman. Über Die Autorin Lea T. Earl Schreibt Erotische Liebesromane Mit Starken Männlichen Hauptfiguren Und Heldinnen, Die über Sich Hinauswachsen. Bereits Erschienen: Urban Warriors, Band 1: Leon Urban Warriors, Band 2: Draco Urban Warriors, Band 3: Remus Urban Warriors, Band 4: Hawke Weitere Romane Sind In Vorbereitung. Weitere Informationen Unter: Www.leatearl.wordpress.com",,,,,,,isbndb; isbndb
9786050333404,Adult / sexual content,review,Adult / sexual content: erotic ('erotici' in description),erotici,6050333408,Carmen Elena Norma Tiffàri,,Ricardo Tronconi,,,,,Ricardo Tronconi,record,2014,,it,,,,"La Novella Orchidea, 2014",,"Il suo nome è Carmen. Ma anche Elena. E il fidanzato la chiama Norma. Eppure Tiffàri non è il suo unico cognome. In una parola: agente apocrifo #. Dopo il successo de ""La Teoria dei Quanti dell'Anima e altri Racconti"", La Novella Orchidea vi sorprende con la sua nuova tetralogia di racconti erotici. Non muta lo stile beffardo e retrò che ci ha incantato la prima volta, ma una decisa sterzata verso il giallo gotico mette in campo un nuovo, sensuale personaggio: l'eroina Carmen (#). Ragazza di campagna, sopravvissuta a una trebbiatrice impazzita che la rese orfana due volte, la divenuta adulta agente apocrifa (nascosta, non falsa) si trova a doversi misurare con le più oscure forze della malvivenza, in quattro incontri che la banalità del male non riesce tuttavia a spegnere nell'esito prevedibile e previsto.",,,,,,,libby
9786050334319,Adult / sexual content,review,Adult / sexual content: erotic ('erotischer' in description),erotischer,6050334315,Hawke - Urban Warriors 4,,Lea T. Earl,,,,,Lea T. Earl,record,2014,,tr,,,,,,"Die Biologin Helena Carter Arbeitet Mit Ihrem Team Im Regenwald Kolumbiens Und Stolpert Auf Einem Erkundungstrip In Ein Treffen Der Drogenmafia. Ihr Team Wird Brutal Ermordet, Sie Wird Als Einzige Am Leben Gelassen Und In Das Camp Der Dealer Gebracht. Als Helena Den Grund Dafür Erfährt, Wünscht Sie, Die Kolumbianer Hätten Sie Ebenfalls Erschossen: Sie Soll Einem Ausländischen Unterweltsboss, Der Für Seine Sadistischen Neigungen Bekannt Ist, Als Sexsklavin überlassen Werden. Der Raue Elitekämpfer Hawke, Gründungsmitglied Des Urban Warrior Corps, Wird In Ein Kolumbianisches Drogenkartell Eingeschleust, Um Einen Vernichtenden Schlag Des Kolumbianischen Militärs Vorzubereiten. Als Der Boss Des Kartells Hawke Eine Junge Frau Zum Geschenk Macht Und Erwartet, Dass Hawke Seine Angeblichen Grausamen Vorlieben An Ihr Befriedigt, Gerät Der Krieger In Ein Höllisches Dilemma: Soll Er Seine Sklavin Quälen, Oder Soll Er Die Junge Frau Verschonen Und Riskieren, Seine Tarnung Auffliegen Zu Lassen? Thriller Romance. Ein Erotischer Liebesroman. Über Die Autorin Lea T. Earl Schreibt Erotische Liebesromane Mit Starken Männlichen Hauptfiguren Und Heldinnen, Die über Sich Hinauswachsen. Bereits Erschienen: Urban Warriors, Band 1: Leon Urban Warriors, Band 2: Draco Urban Warriors, Band 3: Remus Urban Warriors, Band 4: Hawke Urban Warriors, Band 5: Shark Weitere Romane Sind In Vorbereitung. Weitere Informationen Unter: Www.leatearl.wordpress.com",,,,,,,isbndb
9786050337051,Adult / sexual content,review,Adult / sexual content: erotic ('erotischer' in description),erotischer,6050337055,Shark - Urban Warriors 5,,Lea T. Earl,,,,,Lea T. Earl,record,2014,,tr,,,,,,"Nachdem Sarah Sich Hals über Kopf Von Ihrem Verlobten Getrennt Hat, Lässt Sie Sich Von Ihren Freundinnen Dazu überreden, Die Als Pärchenurlaub Gebuchte Kreuzfahrt Allein Anzutreten. Bei Einem Landausflug In Puerto Plata Gerät Sie Prompt In Ein Schäbiges Viertel, Wo Sie Von Hafenarbeitern überfallen Wird. Ein Gutaussehender Fremder Rettet Ihr Das Leben, Verschwindet Aber Ebenso Schnell Wieder, Wie Er Aufgetaucht Ist. Als Sarah Am Selben Abend Erneut In Schwierigkeiten Gerät, Taucht Der Fremde Wieder Auf Und Beschützt Sie Abermals. Sarahs Erleichterung Währt Jedoch Nur Kurz, Denn Die Männer, Zu Denen Ihr Fremder Beschützer Offenbar Gehört, Nehmen Sie Als Ihre Gefangene Mit Sich Auf Eine Verlassene Bohrinsel. Shark, Der Jüngste Krieger Des Urban Warrior Corps, Wird In Eine Moderne Piratenbande Eingeschleust, Die Vor Der Küste Von Haiti Ihr Unwesen Treibt. Sie überfallen Frachtschiffe Und Scheuen Auch Vor Mord Nicht Zurück. Als Eine Unschuldige Junge Frau In Die Gewalt Der Piraten Gerät, Hat Shark Alle Hände Voll Zu Tun, Um Sie Am Leben Zu Erhalten Und Vor Den Übergriffen Der Piraten Zu Beschützen. Thriller Romance. Ein Erotischer Liebesroman. Über Die Autorin Lea T. Earl Schreibt Erotische Liebesromane Mit Starken Männlichen Hauptfiguren Und Heldinnen, Die über Sich Hinauswachsen. Bereits Erschienen: Urban Warriors, Band 1: Leon Urban Warriors, Band 2: Draco Urban Warriors, Band 3: Remus Urban Warriors, Band 4: Hawke Urban Warriors, Band 5: Shark Weitere Romane Sind In Vorbereit",,,,,,,isbndb
9786050347036,Adult / sexual content,review,Adult / sexual content: orgy/orgasm ('orgasmo' in description),orgasmo,6050347034,"Los indiscretos pliegues del espacio, o bien como viajar a trav?s del tiempo",,Ricardo Tronconi,,,,,Ricardo Tronconi,record,2015,,tr,,,,"S.I, 2015",,"Qui?n dijo que en los relatos er?ticos no hay sitio para los viajes en el tiempo? Seguramente esto no ocurre en La Novella Orchidea. Mientras estaba ocupado en su deber conyugal, un desconocido escritor de la segunda mitad del siglo pasado se encuentra de repente copulando con una preciosa mujer india que huele a curry. Su nombre es Adhal Geesha (letra m?s letra menos); tiene por marido un conocido adultero e infiel, del que quiere vengarse; y es una viajera del tiempo. Los dos personajes, entrelazando una relaci?n cada vez m?s intensa, llegar?n, a trav?s de los pliegues del sexo, a curvar los del espacio ? tiempo, hasta ser catapultados en el medio de la famosa batalla naval que vio a Nelson victorioso en Cabo Trafalgar. Conseguir?n nuestro h?roes alcanzar el orgasmo que de la muerte los devolver? a la vida en su propia ?poca, o ser?n otros los que pagar?n las consecuencias de su er?tico enga?o?",,,,,,,worldcat
9786050375046,Adult / sexual content,review,Adult / sexual content: erotic ('erotischer' in description),erotischer,6050375046,Steele - Mercenary Warriors 2,,Lea T. Earl,,,,,Lea T. Earl,record,2015,,tr,,,,,,"Steele, Ein Ehemaliger Mma-champion, Durchkämmt Nachts Die Straßen Von New York, Um Kriminellen Das Handwerk Zu Legen. Bei Einem Seiner Nächtlichen Streifzüge Rettet Er Eine Junge Frau Vor Einem Überfall Und Erfährt, Dass Sie Auf Der Suche Nach Ihrer Schwester Ist, Die In Die Fänge Einer Sekte Geraten Ist. Beeindruckt Von Rebeccas Mut, überzeugt Steele Seine Kameraden, Der Jungen Frau Zu Helfen – Auch Wenn Rebecca Die Dienste Der Mercenaries Nicht Bezahlen Kann. Doch Noch Bevor Die Mercenaries Ihren Plan In Die Tat Umsetzen Können, Verschwindet Rebecca Spurlos. Steele Vermutet, Dass Sie Von Denselben Männern Entführt Wurde, Die Auch Rebeccas Schwester In Ihrer Gewalt Haben, Und Schleust Sich Mit Hilfe Seiner Kameraden In Die Sekte Ein, Um Die Beiden Frauen Zu Befreien. Als Er Herausfindet, Womit Der Charismatische Sektenführer Tatsächlich Sein Vermögen Gemacht Hat, Schwebt Rebecca Bereits In Höchster Gefahr … Thriller Romance. Ein Erotischer Liebesroman.",,,,,,,isbndb
9786050375084,Adult / sexual content,review,Adult / sexual content: erotic ('eroticos' in description),eroticos,6050375089,El violín del Maharajá,,Ricardo Tronconi,,,,,Ricardo Tronconi,record,2015,,es,,,,"La Novella Orchidea, 2015",,"El hurto de un precioso instrumento musical, el violín cargado de una fuerza intensamente sensual de un indescifrable Maharajá, es eclipsado por la mayor importancia de los eventos históricos italianos de los años Setenta y rápidamente olvidado. Sin embargo, al cabo de aproximadamente treinta años, el lutier Perjuro Conolor, ya absuelto de sus acusaciones, recibe el encargo de la construcción de un instrumento que tiene las mismas peculiares características. Como en todos los relatos eróticos de La Novella Orchidea, el lector es invitado a descubrir vicisitudes en las cuales los impulsos diarios adoptan olores y sabores diferentes, hasta la liberación final de la máscara impuesta por la sociedad y creada por la hipocresía y por el engaño de los individuos, para una devolución total de los sentidos y de la dignidad robada.",,,,,,,libby
9786050380965,Adult / sexual content,review,Adult / sexual content: erotic ('erotica' in subjects/genres),erotica,6050380961,Leydi Chatterley'in Âsigi,,D. H. Lawrence,,,,"Sexual behavior; Married women; Adultery; Nobility; Fiction; Classic Literature; Gamekeepers; England; Man-woman relationships, fiction; Aristocracy (Social class); Runaway wives; British and irish fiction (fictional works by one author); Married people, fiction; England, fiction; Fiction, erotica; Great britain, fiction; Large type books; Wives; Fiction, erotica, general; Family; English literature; Mujeres casadas; Novela; Adulterio; Libros audiograbados",Alfa Basim Yayim Dagitim,record,2019,,,466,paperback,,,,"Ours is essentially a tragic age, so we refuse to take it tragically. The cataclysm has happened, we are among the ruins, we start to build up new little habitats, to have new little hopes. It is rather hard work: there is now no smooth road into the future: but we go round, or scramble over the obstacles. We've got to live, no matter how many skies have fallen.",,,,https://openlibrary.org/works/OL81180W,,,openlibrary
9786050381092,Adult / sexual content,review,Adult / sexual content: erotic ('erotica' in subjects/genres),erotica,6050381097,Leydi Chatterley’in Aşığı,,D. H. Lawrence,,,,"Sexual behavior; Married women; Adultery; Nobility; Fiction; Classic Literature; Gamekeepers; England; Man-woman relationships, fiction; Aristocracy (Social class); Runaway wives; British and irish fiction (fictional works by one author); Married people, fiction; England, fiction; Fiction, erotica; Great britain, fiction; Large type books; Wives; Fiction, erotica, general; Family; English literature; Mujeres casadas; Novela; Adulterio; Libros audiograbados",Alfa Basim Yayim Dagitim,record,2020,,,460,hardcover,,,,"Ours is essentially a tragic age, so we refuse to take it tragically. The cataclysm has happened, we are among the ruins, we start to build up new little habitats, to have new little hopes. It is rather hard work: there is now no smooth road into the future: but we go round, or scramble over the obstacles. We've got to live, no matter how many skies have fallen.",,,,https://openlibrary.org/works/OL81180W,,,openlibrary
9786050403305,Adult / sexual content,review,Adult / sexual content: explicit genre ('bdsm' in description),bdsm,6050403309,Keira (Italian Edition),,Taylor Kinney,,,,,TK,record,2015,,it,,,,"2, PT, 2015",,"In citt ha aperto un nuovo ed esclusivo Club BDSM. Daniel ha inviato la sua richiesta di ammissione fin dalla sua serata di apertura. Quando finalmente riceve un invito e il gran giorno arriva, la prima Padrona che lo avvicina proprio la proprietaria del club. Daniel ansioso di fare nuove esperienze e di approfondire il loro rapporto, ma Keira non vuole affrettare i tempi, per questo limita i loro incontri a semplici sessioni di carattere esclusivamente sessuale, senza mai spingersi oltre. Non intende avere a che fare con il ragazzo fuori dal club, ma quanto potr resistere in questo proposito?",,,,,,,goodreads
9786050421347,Adult / sexual content,review,Adult / sexual content: erotic ('eroticos' in description),eroticos,605042134X,Teleny o El reverso de la medalla,,Oscar Wilde,,,,,Oscar Wilde,record,2016,,tr,,,,,,"En 1893, el editor británico Leonard Smithers publicaba por primera vez en Londres Teleny or The Reverse of the Medal, en dos volúmenes y sin nombre de autor. La polémica sobre la verdadera autoría de la obra no quedaría zanjada hasta 1958, cuando el experto wildeano Maurice Girodias publica en Olympia Press la edición de Teleny con la atribución definitiva a Oscar Wilde. En Teleny, la obra maldita de Wilde, el autor hace un dibujo de sí mismo y de su contrafigura: un seductor insistente y un infiel constante, un celoso enamorado y un amante enardecido, un iniciador en los juegos eróticos y un discípulo aventajado. Si su desprecio por las leyes de la sociedad victoriana habían de costarle la cárcel y el entierro en vida, la confesión novelada de sus amores iba a convertir a Teleny en la obra más prohibida y en vano silenciada del autor de El retrato de Dorian Gray.",,,,,,,isbndb
9786050425079,Adult / sexual content,review,Adult / sexual content: erotic ('erotic' in description),erotic,6050425078,Egon Schiele--His Palette,,Arron Adams,,,,,Arron Adams,record,2016,,en,,,,2016,,"With his signature graphic style, embrace of figural distortion, and bold defiance of conventional norms of beauty, Egon Schiele was one of the leading figures of Austrian Expressionism. He was an Austrian painter, a protégé of Gustav Klimt and important figurative painter of the early 20th century. The twisted body shapes and the expressive line that characterize his paintings and drawings mark the artist as one an earliest exponent of Expressionism. In Schiele's early years, he was strongly influenced by Klimt and Kokoschka but soon evolved into his own characteristic style. He focused on portraits of others as well as himself. In his later years, while he still worked often with nudes, they were done in a more realist fashion. Schiele made many drawings, some of which were extremely erotic. During his short but highly prolific career which ended with his premature death, Schiele created more than three thousand works on paper and approximately 300 paintings.",,,,,,,libby
9786050614428,Adult / sexual content,review,Adult / sexual content: erotic ('erotica' in subjects/genres),erotica,6050614423,Teleny Ya Da Madalyonun Öbür Yüzü,,Oscar Wilde,,,,"Gay men; Fiction; Fiction, erotica, general; Fiction, gay; Sexuality; Gay musicians; Fiction, erotica; Gay men, fiction; Gay erotica; Fiction, lgbtq+, gay; Music; Love; Emotions & Feelings; Lonely; Cheating; Lust; Addictive Behavior; Classic Literature; LGBTQ erotica; LGBTQ fiction before Stonewall",Urzeni Yayincilik,record,2020,,,190,paperback,,,,"Camille Des Grieux, a French man, attends a classical concert with his mother. When a Hungarian piano player named Rène Teleny starts to play, Des Greiux begins to have shared visions of lust with the piano player. This book is story of two men and their journey to and from each other, their hearts only made for one another.",,,,https://openlibrary.org/works/OL7955184W,,,openlibrary
9786050913132,Adult / sexual content,review,Adult / sexual content: erotic ('erotic' in subjects/genres) | Adult / sexual content: LoC: erotic/sex instruction ('erotic stories' in subjects),erotic; erotic stories,6050913137,Çapraz ateş serisi,,Sylvia Day,,,,Erotic stories; American fiction; Romance fiction,Doğan Egmont Yayıncılık,record,2013,İstanbul,tur,380,Paperback,Crossfire series / Çapraz ateş serisi,"Crossfire series / Çapraz ateş serisi, İstanbul, Turkey, 2013",,,,,866617044,https://openlibrary.org/works/OL20091533W,,,openlibrary; isbndb; openlibrary
9786050913835,Adult / sexual content,review,Adult / sexual content: erotic ('erotic' in subjects/genres) | Adult / sexual content: LoC: erotic/sex instruction ('erotic stories' in subjects),erotic; erotic stories,6050913838,Çapraz ateş serisi,,Sylvia Day,,,,Erotic stories; American fiction; Romance fiction,Doğan Egmont Yayıncılık,record,2013,İstanbul,tur,352,Paperback,Crossfire series / Çapraz ateş serisi,"Crossfire series / Çapraz ateş serisi, İstanbul, Turkey, 2013",,,,,866617044,https://openlibrary.org/works/OL20091533W,,,openlibrary; isbndb; openlibrary
9786050915297,Adult / sexual content,review,Adult / sexual content: erotic ('erotic' in subjects/genres) | Adult / sexual content: LoC: erotic/sex instruction ('erotic stories' in subjects),erotic; erotic stories,6050915296,Çapraz ateş serisi,,Sylvia Day,,,,Erotic stories; American fiction; Romance fiction,Doğan Egmont Yayıncılık,record,2013,İstanbul,tur,,,Crossfire series / Çapraz ateş serisi,"Crossfire series / Çapraz ateş serisi, İstanbul, Turkey, 2013",,,,,866617044,https://openlibrary.org/works/OL20091533W,,,openlibrary; openlibrary
9786050922561,Adult / sexual content,review,Adult / sexual content: cinsellik ('cinsellik' in title),cinsellik,605092256X,Avrupa'da Cinsellik,,Dagmar Herzog,,,,,Dogan Kitap,record,2014,,,232,paperback,,,,,,,,https://openlibrary.org/works/OL26204661W,,,openlibrary
9786050928952,Adult / sexual content,review,Adult / sexual content: sehvet/sevisme ('sevismeler' in title),sevismeler,6050928959,Tehlikeli Sevismeler,,Nedim Gürsel,,,,,Dogan Kitap,record,2015,,tr,168,paperback,,,,,,,,https://openlibrary.org/works/OL26153007W,,,openlibrary; isbndb
9786050933390,Adult / sexual content,review,Adult / sexual content: erotic ('erotica' in subjects/genres) | Adult / sexual content: erotic ('erotic' in description) | Adult / sexual content: LoC: erotic/sex instruction ('erotic stories' in subjects),erotic; erotic stories; erotica,6050933391,Grinin Elli Tonu,,E. L. James,,,,"Man-woman relationships, fiction; FICTION / Contemporary Women; Sexual dominance and submission; FICTION / Romance / Contemporary; Dominance (Psychology); College students; Businessmen; Adultery; Contemporary Women; Contemporary; Romance; Fiction, erotica; nyt:trade-fiction-paperback=2012-03-25; New York Times bestseller; Sexual attraction; Fiction, erotica, general; Large type books; Businesspeople; Erotic stories; Love stories; Domination et soumission (Sexualite); Romans, nouvelles; Vietnamese language materials; Gens d'affaires; Relations entre hommes et femmes",Dogan Kitap,record,2016,,tr,560,paperback,,,,"When literature student Anastasia Steele goes to interview young entrepreneur Christian Grey, she encounters a man who is beautiful, brilliant, and intimidating. The unworldly, innocent Ana is startled to realize she wants this man and, despite his enigmatic reserve, finds she is desperate to get close to him. Unable to resist Ana’s quiet beauty, wit, and independent spirit, Grey admits he wants her, too—but on his own terms. Shocked yet thrilled by Grey’s singular erotic tastes, Ana hesitates. For all the trappings of success—his multinational businesses, his vast wealth, his loving family—Grey is a man tormented by demons and consumed by the need to control. When the couple embarks on a daring, passionately physical affair, Ana discovers Christian Grey’s secrets and explores her own dark desires. Erotic, amusing, and deeply moving, the Fifty Shades Trilogy is a tale that will obsess you, possess you, and stay with you forever. This book is intended for mature audiences.",,,,https://openlibrary.org/works/OL16336633W,,,openlibrary; isbndb
9786050933406,Adult / sexual content,review,Adult / sexual content: erotic ('eroticos' in subjects/genres) | Adult / sexual content: explicit genre ('sadomasoquismo' in subjects/genres) | Adult / sexual content: LoC: erotic/sex instruction ('erotic fiction' in subjects) | Adult / sexual content: LoC: erotic/sex instruction ('erotica' in subjects),erotic fiction; erotic stories; erotica; eroticos; sadomasoquismo,6050933405,Karanligin Elli Tonu,,E. L. James,,,,"Sexual dominance and submission, fiction; Man-woman relationships, fiction; Relaciones hombre-mujer; Ficción; Sadomasoquismo; Cuentos eróticos; Contemporary Women; Businesspeople; Romance; Erotic fiction; Novela; Erotica; Choice (Psychology); Love stories; Fiction, erotica, general; Fiction, erotica; nyt:trade-fiction-paperback=2012-03-25; New York Times bestseller; Ana Steele (Fictitious character); Christian Grey (Fictitious character); Fiction, romance, erotica; Fiction, romance, general; College students; Erotic stories; Vietnamese language materials",Dogan Kitap,record,2016,,,250,hardcover,,,,"Daunted by the singular tastes and dark secrets of the beautiful, tormented young entrepreneur Christian Grey, Anastasia Steele has broken off their relationship to start a new career with a Seattle publishing house. But, desire for Christian still dominates her every waking thought, and when he proposes a new arrangement, Ana cannot resist. They rekindle their searing sensual affair, and Ana learns more about the barrowing past of her damaged, driven, and demanding Fifty Shades. While Christian wrestles with his inner demons, Ana, must confront the anger and envy of the woman who came before her, and make the most important decision of her life.",,,,https://openlibrary.org/works/OL16550681W,,,openlibrary
9786050934687,Adult / sexual content,review,Adult / sexual content: erotic ('eroticos' in subjects/genres) | Adult / sexual content: explicit genre ('sadomasoquismo' in subjects/genres) | Adult / sexual content: erotic ('eroticas' in description) | Adult / sexual content: LoC: erotic/sex instruction ('erotica' in subjects),erotic stories; erotica; eroticas; eroticos; sadomasoquismo,6050934681,Özgürlüğün Elli Tonu,,E. L. James,,,,"Sexual dominance and submission; Fiction; Relaciones hombre-mujer; Ficción; Sadomasoquismo; Cuentos eróticos; Fiction, erotica, general; Adult & contemporary romance; Man-woman relationships; Psychological fiction; Contemporary Women; Businesspeople; Romance; Adult; Erotica; Sadomasochism; College students; Ana Steele (Fictitious character); Christian Grey (Fictitious character); Fiction, erotica; Erotic stories; sex",Doğan Kitap; Doan Kitap,record,2016,,,632,paperback,,,,"Cuando la inexperta estudiante Anastasia Steele conocio al joven, seductor y exitoso empresario Christian Grey, nacio entre ellos una sensual relacion que cambio sus vidas para siempre.Sin embargo, desconcertada y llevada al limite por las peculiares practicas eroticas de Christian, la joven lucha por conseguir un mayor com promiso por parte de Grey. Y Christian accede con tal de no perderla.Ahora, Ana y Christian lo tienen todo: amor, pasion, intimidad, bienestar y un mundo de infinitas posibilidades. Pero cuando parece que la fuerza de su relacion puede superar cualquier obstaculo, la fatalidad, el rencor y el destino se conjuran para hacer realidad los peores temores de Ana.""Cincuenta sombras: la exitosa combinacion de historia romantica y juego erotico de alto voltaje que ha tocado la fibra de muchas mujeres.",,,,https://openlibrary.org/works/OL16550682W,,,openlibrary
9786050954685,Adult / sexual content,review,Adult / sexual content: erotic ('erotica' in subjects/genres),erotica,6050954682,Karanlik,,E. L. James,,,,"Sexual dominance and submission, fiction; Man-woman relationships, fiction; Relaciones hombre-mujer; Ficción; Gente de negocios; Businesspeople; Fiction, erotica; nyt:trade-fiction-paperback=2017-12-17; New York Times bestseller",Dogan Kitap,record,2018,,tr,616,paperback,,,,"Their scorching, sensual affair ended in heartbreak and recrimination, but Christian Grey cannot get Anastasia Steele out of his mind, or his blood. Determined to win her back, he tries to suppress his darkest desires and his need for complete control, and to love Ana on her own terms. But the horrors of his childhood still haunt him, and Ana's scheming boss, Jack Hyde, clearly wants her for himself. Can Christian's confidant and therapist, Dr. Flynn, help him face down his demons? Or will the possessiveness of Elena, his seducer, and the deranged devotion of Leila, his former submissive, drag Christian down into the past?",,,,https://openlibrary.org/works/OL17897191W,,,openlibrary; isbndb
9786051033020,Adult / sexual content,review,Adult / sexual content: sehvet/sevisme ('sevisme' in title),sevisme,6051033025,Kadinlar Icin Taocu Sevisme Sirlari,,Mantak Chia,,,,,Aura,record,2015,,,304,paperback,,,,,,,,https://openlibrary.org/works/OL26153884W,,,openlibrary
9786051062143,Adult / sexual content,review,Adult / sexual content: cinsellik ('cinsellik' in title),cinsellik,6051062149,Cinsellik Elkitabı,,Akif Poroy,,,,,Alfa Yaynlar; Alfa Yayınları,record,2010,,,588,paperback,,,,,,,,https://openlibrary.org/works/OL26153942W,,,openlibrary
9786051062655,Adult / sexual content,review,Adult / sexual content: cinsellik ('cinsellik' in title),cinsellik,6051062653,Antik Yunan ve Roma Sanatında Cinsellik ve Erotizm,,İsmail Gezgin,,,,,Alfa Yaynlar; Alfa Yayınları,record,2010,,tr,278,paperback,,,,,,,,https://openlibrary.org/works/OL26207321W,,,openlibrary; isbndb
9786051119441,Adult / sexual content,review,Adult / sexual content: sehvet/sevisme ('sehvet' in title),sehvet,6051119442,Sehvet - Yedi Olumcul Gunah 1,,Robin Wasserman,,,,,Dex,record,2011,,tr,,Paperback,,,,,,,,,,,isbndb
9786051311241,Adult / sexual content,review,Adult / sexual content: cinsellik ('cinsel sagliktan' in title),cinsel sagliktan,6051311246,Cinsel Sagliktan Mutlu Aileye,,M. Ihsan Karaman,,,,,Nesil Yayinlari,record,2017,,tr,,paperback,,"Oct 28, 2017",,,,,,https://openlibrary.org/works/OL26217231W,,,openlibrary; openlibrary
9786051332673,Adult / sexual content,review,Adult / sexual content: cinsellik ('cinsellik' in title),cinsellik,6051332677,Cinsellik ve Cinsel Yasam,,Ibrahim Ethem Ozguven,,,,,Nobel Akademik Yayincilik,record,2012,,,348,paperback,,,,,,,,https://openlibrary.org/works/OL26208534W,,,openlibrary
9786051416328,Adult / sexual content,review,Adult / sexual content: erotic ('erotic' in description),erotic,6051416323,Kilic Yarasi Gibi,,Ahmet Altan,,,,,Everest,record,2013,,tr,416,paperback,,"İstanbul, 2013",,"Altan's Ottoman Quartet spans the fifty years between the final decades of the 19th century and the post-WWI rise of Atatürk as both unchallenged leader and visionary reformer of the new Turkey. The four books tell the stories of an unforgettable cast of characters, among them: an Ottoman army officer, the Sultan's personal doctor, a scion of the royal house whose Western education brings him into conflict with his family's legacy, and a beguiling Turkish aristocrat who, while fond of her emancipated life in Paris, finds herself drawn to a conservative Muslim spiritual leader. Intrigue, betrayal, love, war, progress, and tradition provide a colourful backdrop against which their lives play out. All the while, the society to which they belong is transforming, and the Sublime Empire disintegrates. Here is a Turkish saga reminiscent of War and Peace, that traces not only the social currents of the time but also the erotic and emotional lives of its characters",,,,https://openlibrary.org/works/OL26155791W,,,openlibrary; worldcat
9786051419466,Adult / sexual content,review,Adult / sexual content: sex manual ('sexual fantasies' in subjects/genres) | Adult / sexual content: LoC: erotic/sex instruction ('sexual fantasies' in subjects),sexual fantasies,6051419462,Birinci Kötü Adam,,Miranda July,,,,"Man-woman relationships, fiction; Fiction, humorous; Fiction, women; Middle-aged women; Fiction; Role playing; Infatuation; Sexual fantasies; Motherhood; Young women; Roommates; Man-woman relationships; FICTION / Literary; FICTION / Contemporary Women; FICTION / Humorous; nyt:hardcover-fiction=2015-02-01; New York Times bestseller; New York Times reviewed; Fiction, humorous, general; Romans; American literature",Everest Yayinlari,record,2016,,tr,316,paperback,,,,"Een alleenstaande vrouw lijdt aan diverse obsessies, die zij aan vorige levens wijt, totdat ze eindelijk de realiteit ervaart.",,,,https://openlibrary.org/works/OL21093074W,,,openlibrary; isbndb
9786051731766,Adult / sexual content,review,Adult / sexual content: seks ('seks' in description),seks,6051731768,Sürgün,,Aytug Akdogan,,,,,Epsilon Yayinlari,record,2016,,tr,176,paperback,,"PS, 2016",,"""lkgenliim boyunca birok lke gezmi, onlarca ehirde dolanp yzlerce sokakta kaybolmu ve binlerce kez izmarit ezmitim asfaltlarnda. Gittiim lkelerin saati kat bilmezdim. renmek de istemezdim. Ah! Tatl, gzel yalnzlm benim! Bir glge gibi tm o yabanc seslerin ve yazlarn arasnda aylaka yrmek ve yrmek byleyiciydi. Sar ve dilsiz ederdi beni ehirler. Ve bu zr garip bir ekilde zgrletirirdi ruhumu. Bana kendi yabanclm unutturur, bambaka bir yabanclk bahederdi."" Gen yazar ve arkadalar, yllar sonra ortak bir dostlarnn cenazesinde yeniden bir araya gelir ve hep birlikte bir yola karlar. Gece, Dou'da sahip olamad ""kadn"" kimliini ararken, Rzgr ise Bat'da kendisine yklenen ""erkek"" kimliinin zorunluluklarndan kamaktadr. Yollar bir koyda kendilerini yersiz yurtsuz hisseden baka genlerle kesiir ve bu komne dhil olurlar. Melankoli, elence, seks ve uyuturucu ile geen gnlerin ardndan ise dnyadaki en byk g dalgalarndan biri balar. Mltecilerin srt antalaryla Avrupa'nn snr kaplarna dayandn gren gen yazar, bu yolculuun izini srmek zere bir kaaa dnr ve onlarla birlikte yola koyulur. nk en iyi k yolunun, tam da iinden gemek olduunu dnmektedir...",,,,https://openlibrary.org/works/OL24329637W,,,openlibrary; isbndb; goodreads
9786051771342,Adult / sexual content,review,Adult / sexual content: cinsellik ('cinsel terapi' in title),cinsel terapi,6051771344,Cinsel Terapi,,Irwin D. Yalom,,,,,Pozitif Yayinlari,record,2021,,,352,paperback,,,,,,,,https://openlibrary.org/works/OL26211975W,,,openlibrary
9786051850160,Adult / sexual content,review,Adult / sexual content: cinsellik ('cinsellik' in title) | Adult / sexual content: seks ('seksualiteit' in subjects/genres) | Adult / sexual content: Dewey 306.7 (sexual relations) ('306.7' in dewey),306.7; cinsellik; seksualiteit,6051850163,Bir Kavramin Anatomisi Cinsellik,,Jeffrey Weeks,,,Social sciences,Sex; Sex customs; Sexual Instruction; PSYCHOLOGY; Human Sexuality; SELF-HELP; Gender Studies & Sexuality; Gender & Ethnic Studies; Social Sciences; Sex (psychology); Sociology; Sexuality; Seksualiteit; Philosophy; Sexual Behavior; Sexualité; Vie sexuelle; POLITICAL SCIENCE; Public Policy; Cultural Policy; SOCIAL SCIENCE; Anthropology; Cultural; Popular Culture,Everest Yayinlari,record,2016,,,225,paperback,,,,,306.7,,,https://openlibrary.org/works/OL2916475W,,,openlibrary
9786051851587,Adult / sexual content,review,Adult / sexual content: erotic ('erotica' in subjects/genres),erotica,6051851585,Manhattanda Üc Oda,,Georges Simenon,,,Literature,"Man-woman relationships, fiction; Love stories, fiction; New York (n.y.), fiction; Fiction, romance, erotica; Fiction, thrillers, suspense; Man-woman relationships; Fiction; Romance fiction",Everest Yayinlari,record,2017,,,194,paperback,,,,"""An actor, recently divorced, at loose ends in New York; a woman, no less lonely, perhaps even more desperate than the man: they meet by chance in an all-night diner and are drawn to each other on the spot. Roaming the city streets, hitting its late-night dives, dropping another coin into yet another jukebox, these two lost souls struggle to understand what it is that has brought them, almost in spite of themselves, together. They are driven from moment to moment, from bedroom to bedroom to improvise the most unexpected of love stories, a tale of suspense where risk alone offers salvation. Georges Simenon was the most popular and prolific of the twentieth century's great novelists. Three Bedrooms in Manhattan closely based on the story of his own meeting with his second wife & is his most passionate and revealing work""--Publisher's description.",843/.9/12; 843/.912,PQ2637.I53 T7713 2003,,https://openlibrary.org/works/OL1242940W,,,openlibrary
9786051866048,Adult / sexual content,review,Adult / sexual content: erotic ('erotic' in description),erotic,6051866043,Blackwood Ciftligi,,Anne Rice,,,,"Literature; Vampires; Horror; Fiction; Mayfair family (Fictitious characters); Spirit possession; Witches; Lestat (fictitious character), fiction; Louisiana, fiction; Mayfair family (fictitious characters), fiction; Fiction, horror; Vampires, fiction; American fiction; Lestat (Fictional character); Supernatural; Horror fiction; Occult fiction; Posesión; Novela; Mayfair (Familia); Lestat (Personaje literario); Vampiros; Brujas; Series:The-Vampire-Chronicles",Marti Yayinlari,record,2018,,tr,752,paperback,,,,"Publication to coincide with new Vampire Chronicle BLOOD CANTICLE in hardback.Lestat is back, saviour and demon, presiding over a gothic story of family greed and hatred through generations, a terrifying drama of blood lust and betrayal, possession and matricide.Blackwood Farm with its grand Southern mansion, set among dark cypress swamps in Louisiana, harbours terrible blood-stained secrets and family ghosts. Heir to them all is Quinn Blackwood, young, rash and beautiful, himself a 'bloodhunter' whom Lestat takes under his wing. But Quinn is in thrall not only to the past and his own appetites but, even more dangerously, to a companion spirit, a 'goblin' succubus who could destroy him and others. Only the unearthly power of Lestat combined with the earthly powers of the Mayfair clan could hope to save Quinn from himself and his ghosts, or to rescue the doomed girl Quinn loves from her own mortality- Shocking, savage and richly erotic, this novel with the deceptively gentle title bring us Anne Rice at her most powerfully disturbing. Here are vampires and witches, men and women, demons and a doppelg-nger, caught up in a maelstrom of death and destruction, blood and fire, cruelty and fate.",,,,https://openlibrary.org/works/OL77819W,,,openlibrary; isbndb
9786051911014,Adult / sexual content,review,Adult / sexual content: cinsellik ('sexuality' in title),sexuality,6051911014,Three Essays on the Theory of Sexuality,,Sigmund Freud,,,,Sex; Sex (Psychology); Psychoanalysis; Sexuality; Sexual Behavior; Hq21 .f813 1975; Hq 21 f889 1975; PSYCHOLOGY / Human Sexuality; PSYCHOLOGY / Movements / Psychoanalysis; PSYCHOLOGY / Social Psychology; Psychology; Disorders of Sex Development; Psychoanalytic Theory; Paraphilic Disorders,Alter Yayıncılık,record,2019,,,134,paperback,,,,"""The traditional story about the historical origins of Freudian psychoanalysis implies that the Oedipus complex was part of Freudian theory from the very beginning. However, in this first edition of Three Essays on Sexuality, first published in 1905 and never before translated into English, we find no reference whatsoever to the Oedipus complex. Is there a Freudian psychoanalysis that is not Oedipal? This first version of Freud's Three Essays articulates just such a non-Oedipal psychoanalysis. As such, it still has a definite 'emancipatory' potential; Freudian psychoanalysis is not Oedipal in its very nature. It is only from 1909 onwards that psychoanalysis tends to become a sophisticated defence of what Freud first called the 'popular opinion' about sexuality. It was precisely this 'popular opinion' that psychoanalysis originally was meant to deconstruct. Is there a Freudian escape - that is an escape that remains not so much within Freudian orthodoxy, but at least within its inspiration - from this impasse? If Freud has respected more systematically his own original thesis, could it be that the Oedipus complex wouldn't be the shibboleth of psychoanalysis? Not only is this first edition less Oedipal than is generally believed, but it also contains the elements for thinking a 'non-Oedipal' psychoanalysis; a Freud against Oedipus""--",,,,https://openlibrary.org/works/OL1069665W,,,openlibrary
9786052027097,Adult / sexual content,review,Adult / sexual content: sehvet/sevisme ('sevismenin' in title),sevismenin,6052027096,Sevismenin Hicbir Riski Yoktur Icinde Ask Yoksa,,Çisel Onat,,,,,Yitik Ülke Yayinlari,record,2017,,,238,paperback,,,,,,,,https://openlibrary.org/works/OL24334434W,,,openlibrary
9786052141441,Adult / sexual content,review,Adult / sexual content: cinsellik ('cinsellik' in title) | Adult / sexual content: sex manual ('sexual fantasies' in subjects/genres) | Adult / sexual content: LoC: erotic/sex instruction ('sexual fantasies' in subjects) | Adult / sexual content: LCC HQ21-32 (sex instruction) ('hq29 .s29 2019' in lcc),cinsellik; hq29 .s29 2019; sexual fantasies,6052141441,Kadınlar anlatıyor,kadınların beynindeki cinsellik : cinsel terapi olguları ve fanteziler = Women talk : sexuality in the female brain : sexual therapy cases and fantasies,Ümit Sayın,,,Social sciences,Women; Sexual behavior; Sex (Psychology); Desire; Sexual fantasies; Sex therapy; Psychology; Physiology,Tantra Akademi,record,2019,"Güngören, İstanbul",tur,320,,,1. basım.,,,,HQ29 .S29 2019,1250646302,https://openlibrary.org/works/OL32274454W,,,openlibrary; worldcat; google_books
9786052173589,Adult / sexual content,review,Adult / sexual content: cinsellik ('cinsellik' in title),cinsellik,6052173580,Interseks - Hermafrodit ve Escinsel,"Norm ve Norm Disi Cinsellik Farklar, Nedenler, Öneriler",Zeki Bayraktar,,,,,Motto Yayinlari,record,2020,,en_US,416,paperback,,,,,,,,https://openlibrary.org/works/OL26215565W,,,openlibrary; isbndb
9786052249307,Adult / sexual content,review,Adult / sexual content: LCC HQ21-32 (sex instruction) ('hq31.b176 d64 2019' in lcc),hq31.b176 d64 2019,6052249307,Doğudan Yükselen Bilim,,Metin Balcı,,,Social sciences,Chemists; Biography; Biochemists; Science,Türkiye Bilimler Akademisi,record,2019,Ankara,tur,244,,Bilim İnsanlarının Yaşam Öyküleri Dizisi -- 6,,,,,HQ31.B176 D64 2019,1140509946,https://openlibrary.org/works/OL32274487W,,,openlibrary
9786052283578,Adult / sexual content,review,Adult / sexual content: yetiskin icerik / +18 ('yetiskin icin masallar' in title),yetiskin icin masallar,6052283572,Kırk Yamalı Ayna-Yetişkin için Masallar,,Melek Özlem Sezer,,,,,Kor Kitap,record,2019,,tr,232,paperback,,"US, 2019",,"Masallar ve Toplumsal Cinsiyetle, masaln ideolojik arka plann analiz eden ve ocukken aldmz iletilerin yetikin yaammz nasl etkilediini inceleyen Melek zlem Sezer, bilinalt oyunlaryla yaammz zorlatran masallar anlatmt. imdi de Masal Masal Matitas diyerek on iki yllk bir almann rn olan Krk Yamal Ayna ile, hayatmz zenginletiren masallar paylayor. Masaln yalnzca kendi trne zg hazlaryla, kurgu ve dil olanaklaryla, kimi zaman acarlyla, kimi zaman felsefi derinliiyle ve en nemlisi kuaklar boyu snanarak aktarlan hayat bilgisiyle yetikin yaam iin de yabana atlmayacak bir zenginlik sunduunu gsteriyor. Tutkusunu yitirmemi bir akl ve akldan vazgememi bir tutkuyla yazlan masallarn peine dyor.",,,,https://openlibrary.org/works/OL26216418W,,,openlibrary; goodreads
9786052389201,Adult / sexual content,review,"Adult / sexual content: erotic ('erotic' in subjects/genres) | Adult / sexual content: LoC: erotic/sex instruction ('erotic stories, american' in subjects) | Adult / sexual content: LoC: erotic/sex instruction ('erotic fiction' in subjects)","erotic; erotic fiction; erotic stories, american",6052389206,Venüs Üçgeni,,Anaïs Nin,,,Literature,"American Erotic stories; Fiction, erotica, general; Fiction, short stories (single author); Translations into Russian; Erotic stories, American; Histoires érotiques américaines; Fiction; Fiction, erotica; American Short stories; Sexuality; Short stories, American; Women; erotic fiction",Notos Kitap,record,2018,,tr,305,paperback,,,,"Conjuring up a cascade of sexual encounters, this book evokes the essence of female sexuality in a world where only love has meaning. Among these provocative stories, a Hungarian adventurer seduces wealthy women then vanishes with their money; a veiled woman selects strangers from a chic restaurant for private trysts; and a Parisian hatmaker named Mathilde leaves her husband for the opium dens of Peru.",813/.52; 813.52,PS3527.I865 D42 1980,,https://openlibrary.org/works/OL278323W,,,openlibrary; google_books
9786052491980,Adult / sexual content,review,Adult / sexual content: erotic ('eroticism' in description),eroticism,6052491981,Women In Love,,D. H. Lawrence,,,,"Romance; Classic Literature; Male friendship; Open Library Staff Picks; Fiction; Social classes; Social conditions; Interpersonal relations; open_syllabus_project; Sisters; Coal mines and mining; Coal miners; Women; British and irish fiction (fictional works by one author); England, fiction; Sisters, fiction; Fiction, psychological; Friendship, fiction; Fiction, romance, general; Women teachers; Fiction, general; Sexual behavior; Fiction, fantasy, short stories; English fiction; English literature",Dorlion Yayinlari,record,2019,,,520,paperback,,,,"Dark, but filled with bright genius, Women in Love is a prophetic masterpiece steeped in eroticism, filled with perceptions about sexual power and obsession that have proven to be timeless and true.",,,,https://openlibrary.org/works/OL81294W,,,openlibrary
9786052583838,Adult / sexual content,review,Adult / sexual content: cinsellik ('cinsel saglik' in title) | Adult / sexual content: seks ('seksuel' in description),cinsel saglik; seksuel,6052583835,Ergenlerde cinsel sağlık,,Orhan Derman,,,,,Akademisyen Kitabevi,record,2019,,tr,,,,"İstanbul, 2019",,"Om seksuel sundhed hos voksne, mental og social trivsel relateret til seksualitet",,,,,,,worldcat
9786052603048,Adult / sexual content,review,Adult / sexual content: cinsellik ('cinsellik' in title),cinsellik,6052603046,Feminist okumalar. Cumhuriyet'ten günümüze edebiyatta cinsellik ve erotizm,,Onur Bütün,,,,,Notabene,record,2021,Istanbul,tur,304,,,,,,,,1268204248,https://openlibrary.org/works/OL32082616W,,,openlibrary; google_books
9786052655122,Adult / sexual content,review,Adult / sexual content: erotic ('erotismo' in description),erotismo,6052655127,Kasırga Mevsimi,,Fernanda Melchor,İdil Dündar,,,"Murder; Investigation; Asesinato; Ficción; Investigación; Fiction; Romance literature; Mexico, fiction; Fiction, suspense; Fiction, women; Witches; Novela; FICTION / Literary; FICTION / Magical Realism",İthaki Yayınları,record,2025,,tur,192,Paperback,,,spa,"Con un ritmo y un lenguaje magistrales, Fernanda Melchor, autora de Falsa liebre explora en esta obra las sinrazones que subyacen a los actos más desesperados de barbarie pasional. Una novela cruda y desgarradora en la que el lector quedará envuelto, atrapado por las palabras y la atmósfera de terrible, aunque gozosa, fatalidad. Un grupo de niños encuentra un cadáver flotando en las aguas turbias de un canal de riego cercano a la ranchería de La Matosa. El cuerpo resulta ser de la Bruja, una mujer que heredó dicho oficio de su madre fallecida, y a quienes los pobladores de esa zona rural respetaban y temían. Tras el macabro hallazgo, las sospechas y habladurías recaerán sobre un grupo de muchachos del pueblo, a quienes días antes una vecina vio mientras huían de casa de la hechicera, cargando lo que parecía ser un cuerpo inerte. A partir de ahí, los personajes involucrados en el crimen nos contarán su historia mientras los lectores nos sumergimos en la vida de este lugar acosado por la miseria y el abandono, y donde convergen la violencia del erotismo más oscuro y las sórdidas relaciones de poder.",,,,https://openlibrary.org/works/OL17792692W,,,openlibrary
9786052881071,Adult / sexual content,review,Adult / sexual content: cinsellik ('cinsellik' in title),cinsellik,6052881070,Bilincalti-Cinsellik Üzerine Üc Deneme,,Sigmund Freud,,,,,Gece Kitapligi,record,2017,,tr,,paperback,,,,,,,,https://openlibrary.org/works/OL24328735W,,,openlibrary; isbndb
9786052882450,Adult / sexual content,review,Adult / sexual content: sex ('sex' in title),sex,605288245X,The Descent Of Man And Selection In Relation To Sex Part III,,Charles Darwin,,,,,Gece Kitapligi,record,2018,,tr,,Paperback,,,,,,,,,,,isbndb
9786052882696,Adult / sexual content,review,Adult / sexual content: sex ('sex' in title) | Adult / sexual content: sex manual ('sex instruction' in subjects/genres) | Adult / sexual content: LoC: erotic/sex instruction ('sex instruction' in subjects),sex; sex instruction,6052882697,Sex Avoided Subjects Discussed in Plain English,,Henry Stanton,,,,Sex; Popular works; Sex instruction,Gece Kitapligi,record,2018,,,,paperback,,,,,,,,https://openlibrary.org/works/OL16539738W,,,openlibrary
9786052957929,Adult / sexual content,review,Adult / sexual content: orgy/orgasm ('orgasm' in subjects/genres),orgasm,6052957921,Otomatik Portakal,,Anthony Burgess,,,Literature,bible; aversion therapy; unintended consequences; Beethoven's Fifth Symphony; gang rape; psychiatric hospitals; maturity; metanoia; assault; joyriding; rape; metafiction; orgasm; novella; antisocial personality disorder; classical music; black comedy; argot; Nadsat; dystopias; satire; literature; Juvenile delinquents; Science fiction; Rehabilitation,İş Bankası Kültür Yayınları,record,2016,,tur,176,paperback,,,,"A Clockwork Orange is a dystopian satirical black comedy novel by English writer Anthony Burgess, published in 1962. It is set in a near-future society that has a youth subculture of extreme violence. The teenage protagonist, Alex, narrates his violent exploits and his experiences with state authorities intent on reforming him. The book is partially written in a Russian-influenced argot called ""Nadsat"", which takes its name from the Russian suffix that is equivalent to '-teen' in English. According to Burgess, it was a jeu d'esprit written in just three weeks. In 2005, A Clockwork Orange was included on Time magazine's list of the 100 best English-language novels written since 1923, and it was named by Modern Library and its readers as one of the 100 best English-language novels of the 20th century. The original manuscript of the book has been kept at McMaster University's William Ready Division of Archives and Research Collections in Hamilton, Ontario, Canada since the institution purchased the documents in 1971. It is considered one of the most influential dystopian books. ---------- Also contained in: [A Clockwork Orange and Honey for the Bears](https://openlibrary.org/works/OL23787405W) [A Clockwork Orange / The Wanting Seed](https://openlibrary.org/works/OL17306508W)",823.914,,,https://openlibrary.org/works/OL261794W,,,openlibrary; isbndb
9786052998052,Adult / sexual content,review,Adult / sexual content: Dewey 306.7 (sexual relations) ('306.7' in dewey),306.7,6052998059,Insan Cinselliginin Evrimi,,Jared Diamond,,,Social sciences,Sex customs; Human evolution; Sex; Sexual Behavior,Pegasus Yayinlari,record,2019,,tr,200,paperback,,"Oct 18, 2019",,"To humans, the sex lives of many animals seem weird. In fact, by comparison with other animals, we are the ones with the weird sex lives. How did that come to be? We are the only social species to insist on carrying out sex privately. Stranger yet, we have sex at any time, even when the female can't be fertilized (for example, because she is already pregnant, post-menopausal, or between fertile cycles). A human female doesn't know her precise time of fertility and certainly doesn't advertise it to human males by the striking color changes, smells, and sounds used by other female mammals. Why do we differ so radically in these and other important aspects of our sexuality from our closest ancestor, the apes? Why does the human female, virtually alone among mammals, go through menopause? Why does the human male stand out as one of the few mammals to stay (often or usually) with the female he impregnates, to help raise the children that he sired? Why is the human penis so unnecessarily large? There is no one better qualified than Jared Diamond--renowned expert in the fields of physiology and evolutionary biology--to explain the evolutionary forces that operated on our ancestors to make us sexually different. With wit and a wealth of fascinating examples, he explains how our sexuality has been as crucial as our large brains and upright posture in our rise to human status.--From publisher description.",306.7,,,https://openlibrary.org/works/OL3333181W,,,openlibrary; openlibrary
9786052998069,Adult / sexual content,review,Adult / sexual content: Dewey 306.7 (sexual relations) ('306.7' in dewey),306.7,6052998067,Insan Cinselliginin Evrimi,,Jared Diamond,,,Social sciences,Sex customs; Human evolution; Sex; Sexual Behavior,Pegasus Yayinlari,record,2019,,,200,paperback,,,,"To humans, the sex lives of many animals seem weird. In fact, by comparison with other animals, we are the ones with the weird sex lives. How did that come to be? We are the only social species to insist on carrying out sex privately. Stranger yet, we have sex at any time, even when the female can't be fertilized (for example, because she is already pregnant, post-menopausal, or between fertile cycles). A human female doesn't know her precise time of fertility and certainly doesn't advertise it to human males by the striking color changes, smells, and sounds used by other female mammals. Why do we differ so radically in these and other important aspects of our sexuality from our closest ancestor, the apes? Why does the human female, virtually alone among mammals, go through menopause? Why does the human male stand out as one of the few mammals to stay (often or usually) with the female he impregnates, to help raise the children that he sired? Why is the human penis so unnecessarily large? There is no one better qualified than Jared Diamond--renowned expert in the fields of physiology and evolutionary biology--to explain the evolutionary forces that operated on our ancestors to make us sexually different. With wit and a wealth of fascinating examples, he explains how our sexuality has been as crucial as our large brains and upright posture in our rise to human status.--From publisher description.",306.7,,,https://openlibrary.org/works/OL3333181W,,,openlibrary
9786053062424,Adult / sexual content,review,Adult / sexual content: prostitution ('fahise' in title),fahise,6053062421,Icindeki Fahise,,Emine Eylül Ayaz,,,,,Ikinci Adam Yayinlari,isbn_prefix,,,tr,,,,,,,,,,,,,google_books
9786053110422,Adult / sexual content,review,Adult / sexual content: seks ('seks' in description),seks,6053110426,Kirli Beyaz,,Yesim Demir,,,,,Destek Yayinlari,record,2015,,tr,232,paperback,,"PS, 2015",,"Bir kadn, iki adam... Ak kmaznda intikam dolu aksz bir atma... Biri tutkulu dieri tehlikeli ve dengesiz iki adamn ak arasnda kalan gen bir kzn tank olduu skandallarla birlikte deien hayat... Kendini alt medya sektrnn alkantlar iinde bulan Asl'nn eski dingin yaamna geri dnmesi artk mmkn deildir. Trkiye'nin nl ve gl gazetecilerinden birinin ihtiras, seks ve yolsuzluklarla dolu skandallar gen ve gzel televizyoncu Asl'nn tad yklerden biri haline gelmitir. ""Gzel kz, iktidar oyununun karanlk planlarn grmezden gelemeyeceine karar verir ve kendini ak, ihtiras ve ihanetle rl nefes kesici bir servenin iinde bulur.""",,,,https://openlibrary.org/works/OL26162578W,,,openlibrary; goodreads
9786053143178,Adult / sexual content,review,Adult / sexual content: erotic ('erotic' in description),erotic,6053143170,Gulyabaninin Bahcesi,,Leïla Slimani,,,,"Sex addiction; Man-woman relationships; Marriage; French fiction; Fiction; New York Times reviewed; Fiction, women; Fiction, psychological; Women journalists, fiction; France, fiction; Journalists; Sex addicts; Women; Sexual behavior; Adultery; Married women; Literary; Psychological; Married people; Psychological fiction; Fiction, general; Large type books; Journalistes; Romans, nouvelles; Sexualité",Ayrinti Yayinlari,record,2018,,tr,176,paperback,,2022,,"Ade le appears to have the perfect life: She is a successful journalist in Paris who lives in a beautiful apartment with her surgeon husband and their young son. But underneath the surface, she is bored--and consumed by an insatiable need for sex. Driven less by pleasure than compulsion, Ade le organizes her day around her extramarital affairs, arriving late to work and lying to her husband about where she's been, until she becomes ensnared in a trap of her own making. Suspenseful, erotic, and electrically charged, Ade le is a captivating exploration of addiction, sexuality, and one woman's quest to feel alive.--",,,,https://openlibrary.org/works/OL19061195W,,,openlibrary; isbndb; isbndb
9786053143376,Adult / sexual content,review,Adult / sexual content: cinsellik ('cinsellikler' in title),cinsellikler,6053143375,Aykiri Cinsellikler,,Kivanc Tanriyar,,,,,Ayrinti Yayinlari,record,2018,,tr,352,paperback,,,,,,,,https://openlibrary.org/works/OL26221857W,,,openlibrary; isbndb
9786053161387,Adult / sexual content,review,Adult / sexual content: cinsellik ('cinsellik' in title),cinsellik,6053161381,Cinsellik Nedir?,,Alenka Zupancic,,,,,Metis Yayincilik,record,2018,,,224,paperback,,,,,,,,https://openlibrary.org/works/OL26163074W,,,openlibrary
9786053161790,Adult / sexual content,review,Adult / sexual content: erotic ('erotica' in subjects/genres) | Adult / sexual content: porn ('pornographie' in description) | Adult / sexual content: LoC: erotic/sex instruction ('erotica' in subjects),erotica; pornographie,6053161799,Eros'un Istırabı,,Byung-Chul Han,,,,Humanism; Love; Desire; Burn out (Psychology); PHILOSOPHY; Movements; Social aspects; Other (Philosophy); Erotica; Desire (Philosophy); Other minds (Theory of knowledge); Désir; Altérité (philosophie); Amour; Désir (Philosophie); Altérité,Metis Yayıncılık; Metis Yayınları,record,2019,,tur,64,paperback,,1,,"Dans ce livre, dont le titre original est ""Agonie de l'Éros"", le philosophe allemand d'origine coréenne Byung-chul Han nous fait part de son désarroi face à la mort programmée du désir. Il soupçonne l'amour d'être actuellement en danger mortel, sous l'effet du règne de l'identique : ce que cherchent les sujets, entre sexe rapide et pornographie, ce sont des objets de satisfaction, non des autres - susceptibles de les déconcerter, de les entraîner dans une passion où ils se perdraient pour se transfigurer.",,,,https://openlibrary.org/works/OL20228484W,,,openlibrary; isbndb
9786053163237,Adult / sexual content,review,Adult / sexual content: seks ('seks' in description),seks,6053163236,Beynin Gece Hayatı,"Kabuslar, Sinirbilim ve Uykunun Gizli Dünyası",Dr. Guy Leschziner,Zeynep Arık Tozar; Özde Duygu Gürkan,,,"Sleep, physiological aspects; Neurosciences",Metis Yayınları,record,2024,Türkiye,tur,318,Paperback,,,eng,"Hayatımızın yaklaşık üçte birini uykuda geçiriyoruz ve uykunun fiziksel, nörolojik ve psikolojik sağlığımız açısından ne kadar önemli olduğunu biliyoruz. Ne yazık ki hepimiz gece boyu sıkı bir uyku çekip sabah zinde bir şekilde uyanacak kadar şanslı değiliz. Uzmanlık alanlarından biri de uyku bozuklukları olan nörolog Guy Leschziner bu kitabında uykuyla başı ciddi biçimde dertte olan hastalarının hikâyelerini anlatıyor: uykusunda motosikletine ya da arabasına atlayıp dolaşan Jackie; aksiyon filmlerini aratmayan rüyalar görürken o sahneleri bilfiil canlandırdığı için komik durumlara düşen Alex; espri yapıp güldüğü her seferinde birdenbire yere yığılıveren Adrian; uykusunda seks yapan Tom; uyurken hiç farkında olmaksızın tıka basa yiyen, yiyecek bulamadığında granül kahveden kuşyemine kadar birçok şeyi midesine indiren Don ve diğerleri. “Peki bu hastalardan neden söz ediyorum? Daha da önemlisi, bunları neden okuyasınız ki?” diye soran Leschziner, anlattığı hikâyelerin uyku bozukluklarını uçlarda yaşayan insanlara dair olduğunu, ama bu uç durumları incelemenin uykunun genel işleyişine dair nispeten kısıtlı bilgimizi artırdığını söylüyor. Nitekim imsomni, narkolepsi, gece terörü, apne ve uyurgezerlik gibi bozukluklarla ilgili bu hikâyeleri okurken, uykunun biyolojik, sosyal, çevresel ve psikolojik faktörlerden etkilenen incelikli mekanizmasını ve bu mekanizmanın hayatımız üzerindeki etkilerini daha iyi anlıyoruz.",,,,https://openlibrary.org/works/OL20809917W,,,openlibrary
9786053185956,Adult / sexual content,review,Adult / sexual content: cinsellik ('cinsel saglik' in title),cinsel saglik,6053185957,Cinsel sağlık eğitimi,,Hatice Kumcağız,,,,,Pegem Akademi Yayincilik,isbn_prefix,2016,,tr,,,,"Cinsel sağlık eğitimi, 2016",,,,,,,,,nexusstc
9786053242727,Adult / sexual content,review,Adult / sexual content: prostitution ('fahisesi' in title),fahisesi,6053242721,Omrumun Son Fahisesi,,Ismail Dogan,,,,,Gece Kitapligi,record,2015,,,,paperback,,,,,,,,https://openlibrary.org/works/OL26222880W,,,openlibrary
9786053320722,Adult / sexual content,review,Adult / sexual content: sehvet/sevisme ('sevisme' in title),sevisme,6053320722,Simdi Sevisme Vakti,,Sait Faik Abasiyanik,,,,,Is Bankasi Kültür Yayinlari,record,2014,,en_US,42,paperback,,,,,,,,https://openlibrary.org/works/OL26145636W,,,openlibrary; isbndb
9786053325086,Adult / sexual content,review,Adult / sexual content: orgy/orgasm ('orgy' in description),orgy,6053325082,Bismarck,,Jonathan Steinberg,,,,"Politics and government; Biography; Statesmen; Bismarck, otto, furst von, 1815-1898; Statesmen, germany; Statesmen, biography; Germany, politics and government, 1871-1918; Prussia (germany), politics and government; New York Times reviewed; Hommes d'État; Biographies; Politique et gouvernement; Politieke situatie; Biographie; Statsmän; Biografi; Politik och förvaltning; Historia",Is Bankasi Kültür Yayinlari,record,2015,,tr,,hardcover,,,,"This riveting, New York Times bestselling biography illuminates the life of Otto von Bismarck, the statesman who unified Germany but who also embodied everything brutal and ruthless about Prussian culture. Jonathan Steinberg draws heavily on contemporary writings, allowing Bismarck's friends and foes to tell the story. What rises from these pages is a complex giant of a man: a hypochondriac with the constitution of an ox, a brutal tyrant who could easily shed tears, a convert to an extreme form of evangelical Protestantism who secularized schools and introduced civil divorce. Bismarck may have been in sheer ability the most intelligent man to direct a great state in modern times. His brilliance and insight dazzled his contemporaries. But all agreed there was also something demonic, diabolical, overwhelming, beyond human attributes, in Bismarck's personality. He was a kind of malign genius who, behind the various postures, concealed an ice-cold contempt for his fellow human beings and a drive to control and rule them. As one contemporary noted: ""the Bismarck regime was a constant orgy of scorn and abuse of mankind, collectively and individually."" In this comprehensive and expansive biography--a brilliant study in power--Jonathan Steinberg brings Bismarck to life, revealing the stark contrast between the ""Iron Chancellor's"" unmatched political skills and his profoundly flawed human character. - Publisher.",,,,https://openlibrary.org/works/OL15976495W,,,openlibrary; isbndb
9786053430018,Adult / sexual content,review,Adult / sexual content: erotic ('eroticos' in subjects/genres) | Adult / sexual content: explicit genre ('sadomasoquismo' in subjects/genres) | Adult / sexual content: LoC: erotic/sex instruction ('erotic fiction' in subjects) | Adult / sexual content: LoC: erotic/sex instruction ('erotica' in subjects),erotic fiction; erotic stories; erotica; eroticos; sadomasoquismo,6053430013,Karanlığın Elli Tonu,,E. L. James,,,,"Sexual dominance and submission, fiction; Man-woman relationships, fiction; Relaciones hombre-mujer; Ficción; Sadomasoquismo; Cuentos eróticos; Contemporary Women; Businesspeople; Romance; Erotic fiction; Novela; Erotica; Choice (Psychology); Love stories; Fiction, erotica, general; Fiction, erotica; nyt:trade-fiction-paperback=2012-03-25; New York Times bestseller; Ana Steele (Fictitious character); Christian Grey (Fictitious character); Fiction, romance, erotica; Fiction, romance, general; College students; Erotic stories; Vietnamese language materials",Pegasus Yayınları,record,2012,,tur,640,paperback,,Facsimile,,"Daunted by the singular tastes and dark secrets of the beautiful, tormented young entrepreneur Christian Grey, Anastasia Steele has broken off their relationship to start a new career with a Seattle publishing house. But, desire for Christian still dominates her every waking thought, and when he proposes a new arrangement, Ana cannot resist. They rekindle their searing sensual affair, and Ana learns more about the barrowing past of her damaged, driven, and demanding Fifty Shades. While Christian wrestles with his inner demons, Ana, must confront the anger and envy of the woman who came before her, and make the most important decision of her life.",,,,https://openlibrary.org/works/OL16550681W,,,openlibrary; isbndb; worldcat; internet_archive
9786053430179,Adult / sexual content,review,Adult / sexual content: erotic ('eroticos' in subjects/genres) | Adult / sexual content: explicit genre ('sadomasoquismo' in subjects/genres) | Adult / sexual content: erotic ('eroticas' in description) | Adult / sexual content: LoC: erotic/sex instruction ('erotica' in subjects),erotic stories; erotica; eroticas; eroticos; sadomasoquismo,605343017X,Ozgurlugun Elli Tonu,,E. L. James,,,,"Sexual dominance and submission; Fiction; Relaciones hombre-mujer; Ficción; Sadomasoquismo; Cuentos eróticos; Fiction, erotica, general; Adult & contemporary romance; Man-woman relationships; Psychological fiction; Contemporary Women; Businesspeople; Romance; Adult; Erotica; Sadomasochism; College students; Ana Steele (Fictitious character); Christian Grey (Fictitious character); Fiction, erotica; Erotic stories; sex",Pegasus,record,2012,,tur,,paperback,,2021,,"Cuando la inexperta estudiante Anastasia Steele conocio al joven, seductor y exitoso empresario Christian Grey, nacio entre ellos una sensual relacion que cambio sus vidas para siempre.Sin embargo, desconcertada y llevada al limite por las peculiares practicas eroticas de Christian, la joven lucha por conseguir un mayor com promiso por parte de Grey. Y Christian accede con tal de no perderla.Ahora, Ana y Christian lo tienen todo: amor, pasion, intimidad, bienestar y un mundo de infinitas posibilidades. Pero cuando parece que la fuerza de su relacion puede superar cualquier obstaculo, la fatalidad, el rencor y el destino se conjuran para hacer realidad los peores temores de Ana.""Cincuenta sombras: la exitosa combinacion de historia romantica y juego erotico de alto voltaje que ha tocado la fibra de muchas mujeres.",,,,https://openlibrary.org/works/OL16550682W,,,openlibrary; isbndb; isbndb; worldcat; google_books; internet_archive
9786053430223,Adult / sexual content,review,Adult / sexual content: erotic ('erotica' in subjects/genres),erotica,6053430226,Elli Tonu Uclemesi Seti,,E. L. James,,,,"Fiction, erotica; Fiction, erotica, general; Fiction, romance, short stories",Pegasus,record,2013,,,,paperback,,,,"FIFTY SHADES OF GREY: When college student Anastasia Steele goes to interview young entrepreneur Christian Grey, she encounters a man who is beautiful, brilliant, and intimidating. The unworldly Ana realizes she wants this man, and Grey admits he wants her, too—but on his own terms. When the couple embarks on a daring, passionately physical affair, Ana discovers Christian's secrets and explores her own desires. FIFTY SHADES DARKER: Daunted by Christian's dark secrets and singular tastes, Ana has broken off their relationship to start a new career. But desire for Christian still dominates her every waking thought. They rekindle their searing sensual affair, and while Christian wrestles with his inner demons, Ana is forced to make the most important decision of her life. FIFTY SHADES FREED: Now, Ana and Christian have it all—love, passion, intimacy, wealth, and a world of possibilities for their future. But Ana knows that loving her Fifty Shades will not be easy, and that being together will pose challenges that neither of them would anticipate. Just when it seems that their strength together will eclipse any obstacle, misfortune, malice, and fate conspire to turn Ana's deepest fears into reality.",,,,https://openlibrary.org/works/OL16802928W,,,openlibrary
9786053432135,Adult / sexual content,review,Adult / sexual content: sehvet/sevisme ('sehvetin' in title),sehvetin,605343213X,Sehvetin Kolesi,,Kresley Cole,,,,,Pegasus Yayinlari,record,2014,,,398,paperback,,,,,,,,https://openlibrary.org/works/OL26164612W,,,openlibrary
9786053434689,Adult / sexual content,review,Adult / sexual content: erotic ('erotica' in subjects/genres) | Adult / sexual content: erotic ('erotic' in description) | Adult / sexual content: LoC: erotic/sex instruction ('erotic stories' in subjects),erotic; erotic stories; erotica,605343468X,Grinin Elli Tonu Günlük,,E. L. James,,,,"Man-woman relationships, fiction; FICTION / Contemporary Women; Sexual dominance and submission; FICTION / Romance / Contemporary; Dominance (Psychology); College students; Businessmen; Adultery; Contemporary Women; Contemporary; Romance; Fiction, erotica; nyt:trade-fiction-paperback=2012-03-25; New York Times bestseller; Sexual attraction; Fiction, erotica, general; Large type books; Businesspeople; Erotic stories; Love stories; Domination et soumission (Sexualite); Romans, nouvelles; Vietnamese language materials; Gens d'affaires; Relations entre hommes et femmes",Pegasus,record,2000,,,,paperback,,,,"When literature student Anastasia Steele goes to interview young entrepreneur Christian Grey, she encounters a man who is beautiful, brilliant, and intimidating. The unworldly, innocent Ana is startled to realize she wants this man and, despite his enigmatic reserve, finds she is desperate to get close to him. Unable to resist Ana’s quiet beauty, wit, and independent spirit, Grey admits he wants her, too—but on his own terms. Shocked yet thrilled by Grey’s singular erotic tastes, Ana hesitates. For all the trappings of success—his multinational businesses, his vast wealth, his loving family—Grey is a man tormented by demons and consumed by the need to control. When the couple embarks on a daring, passionately physical affair, Ana discovers Christian Grey’s secrets and explores her own dark desires. Erotic, amusing, and deeply moving, the Fifty Shades Trilogy is a tale that will obsess you, possess you, and stay with you forever. This book is intended for mature audiences.",,,,https://openlibrary.org/works/OL16336633W,,,openlibrary
9786053435143,Adult / sexual content,review,Adult / sexual content: erotic ('erotica' in subjects/genres) | Adult / sexual content: erotic ('erotic' in description) | Adult / sexual content: LoC: erotic/sex instruction ('erotic stories' in subjects),erotic; erotic stories; erotica,6053435147,Grinin Elli Tonu - Film Özel Baskisi,,E. L. James,,,,"Man-woman relationships, fiction; FICTION / Contemporary Women; Sexual dominance and submission; FICTION / Romance / Contemporary; Dominance (Psychology); College students; Businessmen; Adultery; Contemporary Women; Contemporary; Romance; Fiction, erotica; nyt:trade-fiction-paperback=2012-03-25; New York Times bestseller; Sexual attraction; Fiction, erotica, general; Large type books; Businesspeople; Erotic stories; Love stories; Domination et soumission (Sexualite); Romans, nouvelles; Vietnamese language materials; Gens d'affaires; Relations entre hommes et femmes",Pegasus Yayinlari,record,2015,,,576,paperback,,,,"When literature student Anastasia Steele goes to interview young entrepreneur Christian Grey, she encounters a man who is beautiful, brilliant, and intimidating. The unworldly, innocent Ana is startled to realize she wants this man and, despite his enigmatic reserve, finds she is desperate to get close to him. Unable to resist Ana’s quiet beauty, wit, and independent spirit, Grey admits he wants her, too—but on his own terms. Shocked yet thrilled by Grey’s singular erotic tastes, Ana hesitates. For all the trappings of success—his multinational businesses, his vast wealth, his loving family—Grey is a man tormented by demons and consumed by the need to control. When the couple embarks on a daring, passionately physical affair, Ana discovers Christian Grey’s secrets and explores her own dark desires. Erotic, amusing, and deeply moving, the Fifty Shades Trilogy is a tale that will obsess you, possess you, and stay with you forever. This book is intended for mature audiences.",,,,https://openlibrary.org/works/OL16336633W,,,openlibrary
9786053437055,Adult / sexual content,review,Adult / sexual content: sehvet/sevisme ('sehvet' in title),sehvet,6053437050,Sakli Sehvet,,Elizabeth Hoyt,,,,,Pegasus Yayinlari,record,2015,,en_US,384,paperback,,,,,,,,https://openlibrary.org/works/OL26225172W,,,openlibrary; isbndb
9786053439363,Adult / sexual content,review,Adult / sexual content: erotic ('erotica' in subjects/genres),erotica,6053439363,Dominant,,Tara Sue Me,,,,"Roman; Man-woman relationships; Sexual dominance and submission; Amerikanisches Englisch; Fiction; Fiction, erotica, general",Pegasus Yayinlari,record,2016,,tr,488,paperback,,"Oct 28, 2016",,"""Nathaniel West doesn't lose control. As the playboy CEO of West Industries, he governs the boardroom during the day. As a strict dominant with exacting rules, he commands the bedroom at night. He never takes on inexperienced submissives, but when Abigail King's application comes across his desk, he breaks his own restrictions and decides to test her limits. Abby's combination of innocence and willingness is intoxicating, and Nathaniel is soon determined to collar her as his own. As long as she follows his orders and surrenders herself fully to him, no one will get hurt. But when Nathaniel begins falling for Abby on a deeper level, he realizes that the trust must go both ways -- and he has secrets which could bring the foundation of their entire relationship crashing down ...""--Page 4 of cover.",,,,https://openlibrary.org/works/OL22060450W,,,openlibrary; isbndb; openlibrary
9786053993100,Adult / sexual content,review,Adult / sexual content: cinsellik ('cinsellik' in title),cinsellik,6053993107,"Cinsiyet, Cinsel Kimlik ve Cinsellik",,Kolektif,,,,,Istanbul Bilgi Universitesi Yayinlari,record,2013,,tr,170,paperback,,"İstanbul Bilgi Üniversitesi yayınları, 1. baskı, İstanbul, 2013",,,,,,https://openlibrary.org/works/OL26167351W,,,openlibrary; worldcat
9786053994930,Adult / sexual content,review,Adult / sexual content: cinsellik ('cinsellikler' in title),cinsellikler,6053994936,"Yikim, Yeniden Yaratim ve Cinsellikler - Uluslararasi Psikanaliz Yilligi 2017",,Nilüfer Erdem,,,,,Istanbul Bilgi Üniversitesi Yayinlari,record,2017,,tr,289,paperback,,"İstanbul Bilgi Üniversitesi yayınları. Psike İstanbul Psikanaliz kitaplığı. Uluslararası psikanaliz yıllıkları, 1. baskı, İstanbul, 2017",,,,,,https://openlibrary.org/works/OL26228697W,,,openlibrary; worldcat
9786054054213,Adult / sexual content,review,Adult / sexual content: erotic ('erotik' in description) | Adult / sexual content: seks ('seksi' in description),erotik; seksi,605405421X,Haram,,Selva Nuaymi,,,,,Okuyan Us Yayinlari,record,2009,,tr,128,paperback,,"PS, 2009",,"Haramn Suriyeli kadn anlatcs, Pariste yaayan bir ktphanecidir. ten vakit bulduka, sakl kalm Arap erotik edebiyatn aratrmaya balar. Bu gizli okumalar sonucunda, Araplarn, seksi Allahn bir ltfu olarak grdklerini ve Allaha bunun iin kreden dnyadaki tek millet olduklarn kefeder. Bahnmeler, bir yandan cinsellii kefetmesine, dier yandan da izlenimlerini ve tecrbelerini kelimelere aktarmasna olanak verir. Kimseyle paylaamad bu srrn, sadece Dnr adn verdii bir erkee ama cesaretini gsterir. Erkeklerin en byk zevkini kadnlarn vajinalarnda ve kadnlarnkini de erkeklerin penislerinde klan Allaha krler olsun; penis girmedike rahat, huzur ve sakinlie kavuamayan vajina ve vajina iinde olmadka yine bunlara ulaamayan penis NDEKLER ZEVK EVLLKLER VE BAHNAMELERE DAR DNR VE BENM YKME DAR SEKS VE ARAP EHRNE DAR SUYA DAR YKLERE DAR MASZ VE ZNACI KOCASINA DAR BEDENSEL HAZLARA DAR ARAPLARDA GZLLE DAR DLBLME DAR YETTRLME VE ETME DAR ENTRKALARA DAR Arzu edilen yz, ne bir an ne de bir rya. kisinin bir birleimi ve daha da fazlas. Arzu edilen, hasret ekilen ann sonsuz uzunluudur. nsi el-Hac Beden, sadece ne kadar sevildiini deil, sadece yattn yataklar deil, sana bakan gzlerde yanan davetkr arzular da hatrla, senin iin titredii apak olan; anca ans engeli onlar yldrrd. Nihayetinde hepsi gemite kald madem, neredeyse sen de kendini o arzulara teslim etmi grnyorsun; nasl yanarlard hatrla, sana bakan gzlerde, hatrla, beden, senin iin nasl titrerlerdi o dncelerle. Kavafis Ona bam ak, yaln ayak geleceim. Selim Rzku",,,,https://openlibrary.org/works/OL26228921W,,,openlibrary; isbndb; goodreads
9786054182244,Adult / sexual content,review,Adult / sexual content: cinsellik ('cinsellik' in title),cinsellik,6054182242,Cinsellik - Sinirsiz Gucun Gizemli Kaynagi,,Renan Seckin,,,,,Sira Yayinlari,record,2011,,,288,paperback,,,,,,,,https://openlibrary.org/works/OL26167718W,,,openlibrary
9786054268085,Adult / sexual content,review,Adult / sexual content: yetiskin icerik / +18 ('+18' in title),+18,6054268082,Kayıp ülke +18 yaş,şu an 18 yaşında olsanız neler yapardınız,Eyyüp Akyüz,,,,Adolescence; Age (Psychology),Mühür Kitaplığı,record,2010,İstanbul,tur,157,,Genel dizi -- 28; Derleme -- 1,,,,,,613227418,https://openlibrary.org/works/OL33364158W,,,openlibrary
9786054316021,Adult / sexual content,review,Adult / sexual content: Dewey 306.7 (sexual relations) ('306.742092' in dewey),306.742092,6054316028,Fucking Berlin,yaşantı,Sonia Rossi,,,Social sciences,Prostituierte,Özgür Yayın Dağıtım,record,2010,"Cağaloğlu, İstanbul",tur,254,,Labella -- 3,1. basım,ger,"Autobiografie van een jonge Italiaanse vrouw, die in Berlijn in haar levensonderhoud voorziet en haar studie betaalt door te werken als prostituee.",306.742092,,765995532,https://openlibrary.org/works/OL24341833W,,,openlibrary; worldcat
9786054339051,Adult / sexual content,review,Adult / sexual content: orgy/orgasm ('orgasm' in subjects/genres) | Adult / sexual content: orgy/orgasm ('orgazm' in description),orgasm; orgazm,6054339052,Hasta despot,,Yalçın Küçük,,,World history,"Politics and government; Epilepsy; Despotism; Dictatorship; Islam and politics; Personality and politics; Politicians; Psychology; Political psychology; History; Popular works; Orgasm; Erdoğan, Recep Tayyip; Caligula , 12-41; 956.103/8",Mızrak,record,2010,İstanbul,tur; eng; fre,404,,Mızrak Yayınları -- 6,1. baskı.,,1. Kitap. Caligula -- 2. Kitap. Epilepsi Ile Orgazm -- 3. Kitap. Mediko-jüridik. Yalçın Küçük. Includes Bibliographical References And Index. In Turkish; Some English And French.,,DR603 .K827 2010; DR603 .K83 2010; DR603 .H37 2010,733090572; 707524894,https://openlibrary.org/works/OL16669188W,,,openlibrary; isbndb
9786054375172,Adult / sexual content,review,Adult / sexual content: sex ('sex' in title),sex,6054375172,"Şer li çîya, Şêx Zayîr",,Elîyê Evdilrehman,,,Music,,Weşanên Pêrî,record,2011,"Kadıköy, İstanbul",kur,351,Hardcover,Roman,Çapa 1.,,Kurds; Soviet Union; fiction.,,MLCSN 2012/00842 (P); PK6908.9.M26 S47 2011,794505189; 759992744,https://openlibrary.org/works/OL16655168W,,,openlibrary; isbndb
9786054377022,Adult / sexual content,review,Adult / sexual content: seks ('seksi' in description) | Occultism / satanism: okultizm ('occult' in subjects/genres),occult; seksi,6054377027,Cehennemde Aşk Randevuları,Canalıcı Dört Buluşma,Lynsay Sands; Kelley Armstrong; Kim Harrison; Lori Handeland,,,,Anthology; Fiction; Paranormal fiction; Dating (Social customs); Occult fiction; Love stories; Urban Fantasy; Paranormal; Fantasy; Anthologies; Romance; Paranormal Romance; Vampires; Short Stories; Supernatural,Artemis,record,2010,"İstanbul, Türkiye",tur,445,paperback,,2. bs,eng,"Buluştuğu adam bu dünyadan olamayacak kadar mükemmeldi. Haklıydı... O, bu dünyadan değildi. Aklımızdan çıkmayan berbat buluşmalarımız ya da korkunç randevularımız olmadı mı? Olsun. Yine de şükretmeliyiz. Tiksinç deneyimlerimizi yaşatanlar hiç olmazsa insandı. Bir de Cehennemde Aşk Randevuları'ndaki tipleri düşünün! Kelley Armstrong, Lynsay Sands, Kim Harrison ve Lori Handeland, yani bizi doğaüstünün tehlikeli çekimine sürükleyen değerli yazarlarımız, birkaç tuhaf randevu öyküsüyle karşımızda. Kurtadamlar, şeytanımsı sevgililer ve aşk özürlü zombilerle dolu, karanlık, lanetli ve doğaüstü öykülerin tamamı seksi, edepsiz, ateşli ve dikkat çekici! Bazı aşkların mekanı cennet değil malum, kitabımız da işte bunun kanıtı.",,,730769299,https://openlibrary.org/works/OL14906135W,15822722,,openlibrary
9786054379002,Adult / sexual content,review,Adult / sexual content: cinsellik ('cinsel terapi' in title),cinsel terapi,6054379003,Resimli Cinsel Terapi Elkitabi,,Helen Singer Kaplan,,,,,Ck Yayınevi,record,2022,,tr,,paperback,,"US, 2022",,,,,,https://openlibrary.org/works/OL26373017W,,,openlibrary; google_books; goodreads
9786054379057,Adult / sexual content,review,Adult / sexual content: cinsellik ('cinsel terapi' in title),cinsel terapi,6054379054,Cinsel Terapi Ilkeleri ve Uygulamalari,,"Asiye Hekimoglu Gul , Cebrail Kýsa, Filiz Bolat, Sandra R. Leiblum",,,,,CK Yayinevi,record,2013,,,576,paperback,,,,,,,,https://openlibrary.org/works/OL26168191W,,,openlibrary
9786054379088,Adult / sexual content,review,Adult / sexual content: cinsellik ('cinsel terapi' in title),cinsel terapi,6054379089,Yeni Cinsel Terapi,,"Helen Singer Kaplan, Cebrail Kýsa, Filiz Bolat",,,,,CK Yayinevi,record,2014,,tr,510,paperback,,,,,,,,https://openlibrary.org/works/OL26229942W,,,openlibrary; isbndb
9786054393947,Adult / sexual content,review,Adult / sexual content: prostitution ('fahisem' in title),fahisem,6054393944,Sophie Benim Kücük Fahisem,,Merve Kurt,,,,,Paradigma Akademi Yayinlari,isbn_prefix,2015,,tr,672,,,,,,,,,,,,isbndb
9786054455645,Adult / sexual content,review,Adult / sexual content: sehvet/sevisme ('sevismeler' in title),sevismeler,6054455648,Ayakustu Sevismeler,,Zeki Bulduk,,,,,Destek Yayinlari,record,2011,,tr,352,paperback,,2022,,,,,,https://openlibrary.org/works/OL26373188W,,,openlibrary; isbndb; isbndb
9786054554263,Adult / sexual content,review,Adult / sexual content: cinsellik ('cinsellik' in title),cinsellik,6054554263,Cinsellik Uzerine Toplumsal Fragmanlar,,Emre Caner,,,,,Su Yayinevi,record,2015,,,96,paperback,,,,,,,,https://openlibrary.org/works/OL26230452W,,,openlibrary
9786054629718,Adult / sexual content,review,Adult / sexual content: prostitution ('fahise' in title),fahise,6054629719,fahişe,,Laura Lippman,,,,,Koridor Yayincilik,record,2014,,tr,400,paperback,,,,"Als Madame Van Een Duur Escortbureau Denkt Een Vrouw Dat Ze Haar Zaakjes Goed Geregeld Heeft, Maar Altijd Is Er De Dreiging Van De Vader Van Haar Zoontje Die Wegens Moord In De Gevangenis Zit.",,,,https://openlibrary.org/works/OL26230962W,,,openlibrary; isbndb
9786054640003,Adult / sexual content,review,Adult / sexual content: prostitution ('fahise' in title),fahise,6054640003,Fahise Cika,,Thomas Korovinis,,,Social sciences,Prostitutes; Prostitution; Fiction,Istos Yayinlari,record,2012,,tur,72,paperback,,,,,,HQ231.93.A5 K67 2012,894480220,https://openlibrary.org/works/OL26231040W,,,openlibrary; google_books
9786054688449,Adult / sexual content,review,Adult / sexual content: erotic ('erotica' in subjects/genres) | Adult / sexual content: erotic ('erotic' in description) | Adult / sexual content: LoC: erotic/sex instruction ('erotic stories' in subjects),erotic; erotic stories; erotica,6054688448,Elli Yazardan Grinin Elli Tonu,,Kolektif,,,,"Man-woman relationships, fiction; FICTION / Contemporary Women; Sexual dominance and submission; FICTION / Romance / Contemporary; Dominance (Psychology); College students; Businessmen; Adultery; Contemporary Women; Contemporary; Romance; Fiction, erotica; nyt:trade-fiction-paperback=2012-03-25; New York Times bestseller; Sexual attraction; Fiction, erotica, general; Large type books; Businesspeople; Erotic stories; Love stories; Domination et soumission (Sexualite); Romans, nouvelles; Vietnamese language materials; Gens d'affaires; Relations entre hommes et femmes",Optimum Kitap,record,2015,,,360,paperback,,,,"When literature student Anastasia Steele goes to interview young entrepreneur Christian Grey, she encounters a man who is beautiful, brilliant, and intimidating. The unworldly, innocent Ana is startled to realize she wants this man and, despite his enigmatic reserve, finds she is desperate to get close to him. Unable to resist Ana’s quiet beauty, wit, and independent spirit, Grey admits he wants her, too—but on his own terms. Shocked yet thrilled by Grey’s singular erotic tastes, Ana hesitates. For all the trappings of success—his multinational businesses, his vast wealth, his loving family—Grey is a man tormented by demons and consumed by the need to control. When the couple embarks on a daring, passionately physical affair, Ana discovers Christian Grey’s secrets and explores her own dark desires. Erotic, amusing, and deeply moving, the Fifty Shades Trilogy is a tale that will obsess you, possess you, and stay with you forever. This book is intended for mature audiences.",,,,https://openlibrary.org/works/OL16336633W,,,openlibrary
9786054708437,Adult / sexual content,review,Adult / sexual content: sehvet/sevisme ('sevisme' in title),sevisme,6054708430,Sevisme,,Sabri Gurses,,,,,Dedalus,record,2014,,tr,120,paperback,,,,,,,,https://openlibrary.org/works/OL26231326W,,,openlibrary; isbndb
9786054745265,Adult / sexual content,review,Adult / sexual content: cinsellik ('cinsellik' in title),cinsellik,6054745263,Cinsellik Üzerine,,Sigmund Freud,,,,,Alter Yayinlari,record,2017,,tr,117,paperback,,,,,,,,https://openlibrary.org/works/OL26169210W,,,openlibrary; isbndb
9786054756919,Adult / sexual content,review,Adult / sexual content: cinsellik ('cinsellik' in title),cinsellik,6054756915,Cinsellik Uzerine,,Sigmund Freud,,,,,Tutku Yayinevi,record,2015,,,,paperback,,,,,,,,https://openlibrary.org/works/OL26231782W,,,openlibrary
9786054794416,Adult / sexual content,review,Adult / sexual content: sehvet/sevisme ('sevismeleri' in title),sevismeleri,6054794418,Cuma Sevismeleri,,Suat Cetiner,,,,,Favori Yayinlari,record,2014,,,,paperback,,,,,,,,https://openlibrary.org/works/OL26231957W,,,openlibrary
9786054804115,Adult / sexual content,review,Adult / sexual content: erotic ('erotica' in subjects/genres) | Adult / sexual content: LoC: erotic/sex instruction ('erotica' in subjects),erotica,6054804111,Bella,Bir Pirenin Otobiyagrafisi,Stanislas De Rhodes,,,,"Erotica; Fleas; Fiction; Sex customs; Group sex; Puces; Romans, nouvelles; Vie sexuelle",Koyu Kitap,record,2014,,,176,paperback,,,,"Can men of the cloth ever escape temptation? A young maiden, Bella, and her boyfriend Charlie consummate their passion under the moonlight, shrouded in petticoats. Little do they know that someone has been watching them – a priest – who blackmails Bella over the sight he has witnessed, enslaving her into a world of sexual subservience. 'The Autobiography of a Flea' is narrated by the smallest voyeur of them all, who uses his size to avenge Bella's misfortune, revealing the sordid details of a priest's inner sanctum.",,,,https://openlibrary.org/works/OL8570586W,,,openlibrary
9786054811670,Adult / sexual content,review,Adult / sexual content: prostitution ('fahisesi' in title),fahisesi,6054811673,Ömrümün Son Fahişesi,,Ismail Dogan,,,,,Altin Post Yayincilik,record,2014,,,80,paperback,,,,,,,,https://openlibrary.org/works/OL26232111W,,,openlibrary
9786054817474,Adult / sexual content,review,Adult / sexual content: cinsellik ('cinsel islevler' in title),cinsel islevler,6054817477,"Cinsel Islevler, Alt Islatma, Sosyal Fobi ve Olum Korkusunda Hipnoterapi",,"Tahir Ozakkas, Deniz Ilter, Sevgi Akkoyun, Pelin Aksu",,,,,Psikoterapi Enstitusu,record,2014,,,496,paperback,,,,,,,,https://openlibrary.org/works/OL26232132W,,,openlibrary
9786054820597,Adult / sexual content,review,Adult / sexual content: seks ('seks' in description),seks,6054820591,Başka Dünyanın Kuşları,,Brad Watson,,,,,Kafka Yayinevi,record,2018,,tr,304,paperback,,,,"“zengin Iç Yaşamı Sayesinde Bedeninin Kısıtlamalarını Aşmayı Bilen Bir Kadının çok Iyi Yazılmış Portresi.” National Book Award Finalisti De Olan Başka Dünyanın Kuşları’nda Brad Watson, Yirminci Yüzyıl Başları Mississippi’sinin Kırsal Bir Bölgesinde Kadınların O Zaman Ve Mekâna özgü Yegâne “kullanım Alanlarına”, Yani Seks Ve Evliliğe Engel Olacak Genital Bir Bozuklukla Doğmuş Olan Bayan Jane Chisolm’un Hayatını Anlatıyor. Etrafını çevreleyen Tabiatın O Doğurgan Dünyasından çiftlik Yaşamının Gerektirdiği Zorlu Işlere, Onunla Yakın Dostluk Kuran Doktor Thompson’dan, Tüm Sevgisine Rağmen Ondan Ayrılmaya Mecbur Kalan Delikanlıya Varana Dek, Bayan Jane Chisolm Ve Dünyasının Kısırlık Ya Da çoraklıkla Uzaktan Yakından Ilgisi Yok. Tabiatın Güzelliğini, Onun Yanı Sıra Da Kudret Ve Aman Vermezliğini Eserlerinin Alamet-i Farikası Olarak Kullanan Watson, Başka Dünyanın Kuşları’nda Ulaşılmaz Aşkların Hüznünü De Taşıyan Zor, Romantizmden Uzak Ama Yine De Bünyesinde Yüce Bir Güzelliği Barındıran Yakın Bir Geçmişe Tekrar Hayat Veriyor. Sanıyoruz Tolstoy’un Anna Karenina’sı, Gustave Flaubert’in Emma Bovary’si, Harper Lee’nin Scout’u Gibi, Brad Watson’ın Bayan Jane’ini De Artık Edebiyatın Bu ölümsüz Kadınlarının Arasına Ekleyebiliriz.",,,,https://openlibrary.org/works/OL26232166W,,,openlibrary; isbndb
9786054852567,Adult / sexual content,review,Adult / sexual content: sex ('sex' in title),sex,6054852566,1925 direnişi Şêx Şerîf Şêx Husên ve...,,M. Sıraç Bilgin,,,World history,History; Kurds; Ethnic relations; Politics and government; Shaykh Saʻīd Rebellion (Turkey : 1925) fast (OCoLC)fst01907590,J&J Yayınları,record,2015,Diyarbakır,tur,176,,J&J -- 089; J&J -- 89,Birinci baskı.,,,,DR435.K87 B54 2015,961391245,https://openlibrary.org/works/OL32700648W,,,openlibrary; worldcat
9786054906352,Adult / sexual content,review,Adult / sexual content: cinsellik ('cinsellik' in title),cinsellik,6054906356,Müzikte Cinsellik ve Toplumsal Cinsiyet,,Firat Kutluk,,,,,h2o Kitap,record,2016,,,128,paperback,,,,,,,,https://openlibrary.org/works/OL26232539W,,,openlibrary
9786054906802,Adult / sexual content,review,Adult / sexual content: prostitution ('genelevde' in title),genelevde,6054906801,Genelevde Yas,,İrfan Yalçın,,,,,h2o Kitap,record,2019,,,192,paperback,,,,,,,,https://openlibrary.org/works/OL24331937W,,,openlibrary
9786054912391,Adult / sexual content,review,Adult / sexual content: seks ('seksi' in description),seksi,6054912399,10 Admda Erken Boalma Tedavisi,,Cem Kee; Yaam Yanarda elik,,,,,Pusula Yaynevi,record,,,tr,,,,PT,,"Uzun sredir arzuladnz partnerinizle gzel bir akam yemeinden sonra nihayet birliktesiniz, her ey ok gzel, ortam msait, her iki taraf da birbirini arzuluyor ama her ey 30 saniyede bitiyor. Kendinizi ve partnerinizi dnn, saniyelerin, dakikalarn kymetini dnn. 7 dakika ve zerinde sren bir birliktelik iin neler vermezdiniz? Erken boalma kbusunu yaamamak elinizde. 10 admda erken boalma tedavisi ile seksi doyasya yaayn. Mutlu oluni mutlu edin! Cinsel iliki srasnda erken boalmaya bu kitaptaki egzersizleri uygulayarak son verebilir, ok daha uzun ve mutlu bir cinsel birliktelik yaayabilirsiniz. (Arka Kapak)",,,,,,,goodreads
9786054912513,Adult / sexual content,review,Adult / sexual content: cinsellik ('cinsel terapi' in title),cinsel terapi,6054912518,Sistemik Cinsel Terapi El Kitabi; Sistemler Arasi Yaklasim,,Nancy Gambescia;Gerald R. Weeks;Katherine M. Hertlein,,,,,Pusula Yayincilik,record,2018,,,342,paperback,,,,,,,,https://openlibrary.org/works/OL26232635W,,,openlibrary
9786054912636,Adult / sexual content,review,Adult / sexual content: cinsellik ('cinsel yasami' in title),cinsel yasami,6054912631,Kadinin Cinsel Yasami,,Cem Kece,,,,,Pusula Yayinevi (Ankara),record,2020,,,224,paperback,,,,,,,,https://openlibrary.org/works/OL26232630W,,,openlibrary
9786054912704,Adult / sexual content,review,Adult / sexual content: cinsellik ('cinsel islev' in title),cinsel islev,6054912704,Erkek Cinselliginin Perde Arkasi,Erkek Cinsel Islev Bozukluklarinin Tani ve Tedavisi,Umut Özdemir Cem Keçe,,,,,Pusula (Kisisel) Yayincilik,record,2021,,,288,paperback,,,,,,,,https://openlibrary.org/works/OL26169881W,,,openlibrary
9786054912797,Adult / sexual content,review,Adult / sexual content: cinsellik ('cinsel islev' in title),cinsel islev,6054912798,Erkek cinselliği ve erkek cinsel işlev bozukluklari,,Cem Keçe; Fatma Coşcar; Osman Çelik,,,,,Pusula Yayinevi - Ankara,isbn_prefix,,,tr,,,,,,,,,,,,,google_books
9786054959457,Adult / sexual content,review,Adult / sexual content: erotic ('erotica' in subjects/genres),erotica,605495945X,Teleny,,Oscar Wilde,,,,"Gay men; Fiction; Fiction, erotica, general; Fiction, gay; Sexuality; Gay musicians; Fiction, erotica; Gay men, fiction; Gay erotica; Fiction, lgbtq+, gay; Music; Love; Emotions & Feelings; Lonely; Cheating; Lust; Addictive Behavior; Classic Literature; LGBTQ erotica; LGBTQ fiction before Stonewall",Chiviyazilari Yayinevi,record,2017,,,,paperback,,,,"Camille Des Grieux, a French man, attends a classical concert with his mother. When a Hungarian piano player named Rène Teleny starts to play, Des Greiux begins to have shared visions of lust with the piano player. This book is story of two men and their journey to and from each other, their hearts only made for one another.",,,,https://openlibrary.org/works/OL7955184W,,,openlibrary
9786054972562,Adult / sexual content,review,Adult / sexual content: cinsellik ('cinsellikler' in title),cinsellikler,6054972561,Seni Dolaba Kim Koydu? Gizlenen Cinsellikler,,Gökcen Ezber; n/a,,,Social sciences,Sex customs; Sexual ethics; History; Sex; Social conditions; Social aspects; Sexual minorities; Gays; Lesbians,Aylak Kitap,record,2017,,tur,224,paperback,,,,,,HQ18.T9 E93 2017,1012852911,https://openlibrary.org/works/OL26170237W,,,openlibrary
9786055053604,Adult / sexual content,review,Adult / sexual content: sex ('sex' in title),sex,6055053608,Dîwana Şêx Şemsedînê Exlatî,metn û vekolîn,Bamed Serdar,,,Language & literature,Criticism and interpretation; Kurdish Sufi poetry; History and criticism; Kurdish poetry; Sufism,Nûbihar,record,2015,"Fatih, İstanbul",kur,158,,Klasîk -- 20,Çapa yekem.,,"Exlatî, Şemsedînê Qutbê, 1588-1674; criticism and interpretation; Kurdish sufi poetry; history and criticism.",,PK6908.9.E95 Z87 2015,954037209,https://openlibrary.org/works/OL32699782W,,,openlibrary
9786055053635,Adult / sexual content,review,Adult / sexual content: sex ('sex' in title),sex,6055053632,"Serhildana Şêx ʻUbeydullahê Nehrî, 1880",di bełgeyên Qacarî da,Miḧemed Ḧeme Baqî,,,World history,Sources; History; Kurds; Autonomy and independence movements; Shaykh ʻUbayd Allāh Rebellion (Turkey : 1880) fast (OCoLC)fst01354702,Nûbihar,record,2016,"Fatih, İstanbul",kur,580,,Dîrok,Çapa yekem.,,,,DR574 .B37 2016,1019447232,https://openlibrary.org/works/OL32562963W,,,openlibrary; worldcat
9786055053949,Adult / sexual content,review,Adult / sexual content: sex ('sex' in title),sex,6055053942,Dîwana Şêx Ehmedê Feqîr,Metn û Lêkolîn,Şêx Ehmedê Feqîr,,,Language & literature,Kurdish poetry,Nubihar,record,2016,Istanbul,kur; per; ara,571,,,"İstanbul, 2016",,"Den berømte digter sheik Ehmedê Feqîrs digtsamling, samt analyse af hans digter og digtning",,PK6908.6.F46 D59 2016; PK6908.9 .E339 2016,1162861840; 1273426236,https://openlibrary.org/works/OL32593822W,,,openlibrary; worldcat
9786055060121,Adult / sexual content,review,Adult / sexual content: erotic ('erotik' in description),erotik,6055060124,Solugun Mucizesi,,Dimitris Sotakis,,,,,DeliDolu,record,2014,,tr,152,paperback,,"US, 2014",,"Sotakis, kitlelerin psikolojisini ve insann doutan boyun emeye eilimli yapsn mthi bir ironiyle ele alyor. Eleftherotypia Bir hikye anlatc olarak Dimitris Sotakise apka karyoruz. Romanda yaratt atmosferle okur olarak sizi tutsak alyor; yaratt gereki klostrofobik alan ise tylerinizi diken diken ediyor. Ta Nea Evinize mobilya teslimat yaplmasna izin vermeniz karlnda zengin olacanz sylense ne cevap verirdiniz? Gen adam Evet dedi ve tm yaam deiti nsanlarn arzularn yerine getiren byk irkete evini teslim ederken kurduu hayallerle aydnland dnyas. Bir ev alacak, uzun sredir mutlu edemedii sevgilisiyle oraya tanp her eye yeniden balayacakt. Tek yapmas gereken, bir yl boyunca btn gn evde durmak ve evine yaplacak teslimatlar beklemekti. Soluun Mucizesi, Yunanistandaki ekonomik krizin bireyler zerinde yaratt basky, insann doutan boyun emeye eilimli yapsna dayandrarak mthi bir ironiyle ele alyor. Romanda yaratlan gereki ve klostrofobik atmosfer ile sktrlmlk hissinin sebep olduu gerilim, okuru karanlk ve vurucu bir deneyime srklyor. Ev, Yeil Kap, On Bir Erotik lm, Grlt ve Msr Adam adl yaptlaryla tannan ve 2010da Vincitore dell Athens Edebiyat dln, 2011de de Avrupa Birlii Edebiyat dln alan yazarn Soluun Mucizesi roman Sotakisi ann en nemli yazarlarndan biri hline getiriyor.",,,,https://openlibrary.org/works/OL26170685W,,,openlibrary; isbndb; goodreads
9786055162276,Adult / sexual content,review,Adult / sexual content: sex manual ('sex instruction' in subjects/genres) | Adult / sexual content: LoC: erotic/sex instruction ('sex instruction' in subjects),sex instruction,605516227X,Etik Surtuk,,Janet Hardy,,,,Sex; Sexual ethics; Polyamory; Non-monogamous relationships; Free love; Etik; Sexologi; Sex instruction; Sex customs,April Yayincilik,record,2014,,tr,344,paperback,,"Oct 29, 2014",,"> The guide of choice for people curious to move beyond conventional monogamy, and for anyone interested in learning better skills for love, sex, and intimacy, *The Ethical Slut* will open you up to the adventure and freedom that comes from redefining the way you relate to the adventure and freedom that comes from redefining the way you relate to friends and lovers. Janet W. Hardy and Dossie Easton offer the techniques, skills, and ideals they have developed for practicing successful and ethical polyamory through open communication, emotional honest, and managing jealousy. This updated and expanded edition includes more than fifteen practical exercises, new topics such as consent and overcoming sexual shame, tributes to poly pioneers, and interviews with contemporary sluts who are making this way of loving a reality. Whether you're a card-carrying slut or just testing the waters, you'll learn how to find your desires and discover romance and friendship beyond your dreams. — Back cover of the 3rd edition",,,,https://openlibrary.org/works/OL8801164W,,,openlibrary; isbndb; openlibrary
9786055218706,Adult / sexual content,review,Adult / sexual content: cinsellik ('cinsel sorunlariniza' in title) | Adult / sexual content: LCC HQ21-32 (sex instruction) ('hq31 .s46 2013' in lcc),cinsel sorunlariniza; hq31 .s46 2013,6055218704,NLP ile cinsel sorunlarınıza çözümler,,"Şenyürek, Bülent",,SELF-HELP / Neuro-Linguistic Programming (NLP),Philosophy & psychology,Sexual problems; Neuro-linguistic programming; Cinsel problemler; Nörolinguistik programlama,Paraf Yayınları,record,2013,,tr,,,,"Hiperlink, İstanbul, 2013",,,155.34,HQ31 .S46 2013,,,,,ebsco
9786055289836,Adult / sexual content,review,Adult / sexual content: erotic ('erotica' in subjects/genres) | Adult / sexual content: erotic ('erotic' in description) | Adult / sexual content: LoC: erotic/sex instruction ('erotic stories' in subjects),erotic; erotic stories; erotica,6055289830,Grinin Elli Tonu,,E. L. James,,,,"Man-woman relationships, fiction; FICTION / Contemporary Women; Sexual dominance and submission; FICTION / Romance / Contemporary; Dominance (Psychology); College students; Businessmen; Adultery; Contemporary Women; Contemporary; Romance; Fiction, erotica; nyt:trade-fiction-paperback=2012-03-25; New York Times bestseller; Sexual attraction; Fiction, erotica, general; Large type books; Businesspeople; Erotic stories; Love stories; Domination et soumission (Sexualite); Romans, nouvelles; Vietnamese language materials; Gens d'affaires; Relations entre hommes et femmes",Pegasus Yayınları,record,2015,,tur,576,paperback,,"3. Baski, Istanbul, 2013",,"When literature student Anastasia Steele goes to interview young entrepreneur Christian Grey, she encounters a man who is beautiful, brilliant, and intimidating. The unworldly, innocent Ana is startled to realize she wants this man and, despite his enigmatic reserve, finds she is desperate to get close to him. Unable to resist Ana’s quiet beauty, wit, and independent spirit, Grey admits he wants her, too—but on his own terms. Shocked yet thrilled by Grey’s singular erotic tastes, Ana hesitates. For all the trappings of success—his multinational businesses, his vast wealth, his loving family—Grey is a man tormented by demons and consumed by the need to control. When the couple embarks on a daring, passionately physical affair, Ana discovers Christian Grey’s secrets and explores her own dark desires. Erotic, amusing, and deeply moving, the Fifty Shades Trilogy is a tale that will obsess you, possess you, and stay with you forever. This book is intended for mature audiences.",,,,https://openlibrary.org/works/OL16336633W,,,openlibrary; isbndb; worldcat; internet_archive
9786055302955,Adult / sexual content,review,Adult / sexual content: cinsellik ('cinsellik' in title),cinsellik,6055302950,Kadinlar Cinsellik ve Sevgi,,Georg Simmel,,,,Frau; Geschlechterverhältnis; Liebe; Sexualverhalten,Pinhan Yayincilik,record,2016,,tur,152,paperback,,"1, 2016",,,,,,https://openlibrary.org/works/OL26235556W,,,openlibrary; isbndb; nexusstc
9786055358785,Adult / sexual content,review,Adult / sexual content: seks ('seksi' in description),seksi,6055358786,Unlu Ask,,Burcu Bahtiyar,,,,,Ephesus Yayinlari,record,2015,,tr,496,paperback,,"PS, 2015",,"O bir Trk. O bir kadn. O bir bodyguard. O nl film yldz Can Taker'n seksi, haval, belal taknts... KAREN YAIZ 25 yanda. Genliinin baharnda. Ve hep yapmak istedii ii yapyor, nk bu ite iyi! Ancak iinde hareketi sevse de, zel hayat iler acs derecede sradan, rutin ve skc... Aslnda Karen, bu skc ve rutin hayatndan da memnun. Fakat her eyin bir krlma noktas var. Karen bir anda kendisini iki yakkl erkek tarafndan kuatlm olarak buluyor! CAN TAKER O bir dnya star. Kadnlar onunla birlikte olmak iin yaryor ama onun peinde olduu tek bir kadn var; mark bodyguard. TOPRAK ise Karen'in en yakn arkada, dostu... O olmadan geen bir gn bile olmad. ki erkek, iki ak, stne bir de suikast bir psikopat! Karen iin hayat bundan sonra diken stnde bir maceradan ibaret (Tantm Blteninden)",,,,https://openlibrary.org/works/OL24333095W,,,openlibrary; isbndb; goodreads
9786055402181,Adult / sexual content,review,Adult / sexual content: sex ('sex' in title),sex,6055402181,"Dîwan, şêx m. hadiyê qewmanî (q.s) û seyda şêx mustefayê sîsî (q.s), muftî mela mehfûzê quewmanî (q.s), şêx muhemmed şewqî efendî (q.s), mela yûsifê behrimanî (q.s), mela muhemmedê saricî (q.s)",,M (Amadekar) Seydaoğlu,,,Language & literature,,Nubihar,record,2011,İstanbul,tur,166,,,,,,,PK6908.9.Q39 A6 2011,913881009,https://openlibrary.org/works/OL32159384W,,,openlibrary
9786055411695,Adult / sexual content,review,Adult / sexual content: sehvet/sevisme ('sehvet' in title),sehvet,6055411695,Maddenin Haritalarinda Ilerleyen Sehvet,,Mehmet Hakký Sucin Adonis,,,,,Kirmizi Yayinlari,record,2015,,tr,134,Paperback,,1,,,,,,,,,isbndb
9786055433659,Adult / sexual content,review,Adult / sexual content: erotic ('erotica' in subjects/genres),erotica,6055433656,Lady Chatterley'in Asigi,,D. H. Lawrence,,,,"Sexual behavior; Married women; Adultery; Nobility; Fiction; Classic Literature; Gamekeepers; England; Man-woman relationships, fiction; Aristocracy (Social class); Runaway wives; British and irish fiction (fictional works by one author); Married people, fiction; England, fiction; Fiction, erotica; Great britain, fiction; Large type books; Wives; Fiction, erotica, general; Family; English literature; Mujeres casadas; Novela; Adulterio; Libros audiograbados",Olimpos Yayinlari,record,2012,,,,paperback,,,,"Ours is essentially a tragic age, so we refuse to take it tragically. The cataclysm has happened, we are among the ruins, we start to build up new little habitats, to have new little hopes. It is rather hard work: there is now no smooth road into the future: but we go round, or scramble over the obstacles. We've got to live, no matter how many skies have fallen.",,,,https://openlibrary.org/works/OL81180W,,,openlibrary
9786055465605,Adult / sexual content,review,Adult / sexual content: cinsel haz/teknik ('cinsel fanteziler' in description),cinsel fanteziler,6055465604,Ruyalarin Yorumu Cilt,2,Sigmund Freud,,,,,Alter Yayinlari,record,2011,,tr,,paperback,,"PT, 2011",,"414 sayfa 153-195 6 Mays 1856'da Avusturya mparatorluu'nun bugn ekoslovakya'da yer alan Pribor ehrinde domu ve 23 Eyll 1939 ylnda ngiltere'de lmtr. Psikoanalizin kurucusu olan Avusturyal nrolog , yalnzca psikolojiyi deil, sanat, eitim, antropoloji gibi alanlar da derinden etkileyen ve geni tartmalar yaratan psikanaliz kuramyla 20. yzyla damgasn vuran dnrler arasnda yer al ir. ""Hastay konuturarak tedavi"" yntemini gelitirdi Freud, hipnozun geici iyilemeler saladn grnce bu yntemi brakt ve psikanaliz tekniinin temel esi olan serbest arm yntemini gelitirdi. Bu tedavi ynteminde hasta btnyle geveyerek ve arm zincirlerini izleyerek dnce ve anlan arasnda dolayor, sonunda kendisini rahatsz eden sorunla ilintili bir noktaya geliyordu. Hastalar zerinde almalar sonucunda, nevrozun temelinde cinsel atmalarn yatt konusundaki inanc pekiti. Histerinin ise ocuklukta yaanan sarsc bir cinsel deneyimden, (aile bireylerinden birinin cinsel saldrs) ortaya ktna inanyordu; pek ok hastasndan benzer bir yk dinlemiti. Ama sonra ok nemli bir ey ke Hastalarnn anlatt ykler uydurmayd ve byle bir saldrya hi uramamlard. Bylece almalarn ocukluktaki cinsel fanteziler zerine younlatrd. 1897'de sistemli biimde kendi kendini analiz etmeye balad ve Odeipus kavramn gelitirdi. Bu yllarda bir yandan da Dlerin Yorumu adl yaptn yazyordu. Yaptnda, ryalarn temel ilevinin isteklerin doyurulmas olduunu, bu isteklerin ryalarda, younlam ya da yer deitirmi biimlerde da vurulduunu ve bilind mekanizmalarla eitli simgeler biimind",,,,https://openlibrary.org/works/OL26236311W,,,openlibrary; isbndb; goodreads
9786055598716,Adult / sexual content,review,Adult / sexual content: cinsellik ('cinsellik' in title),cinsellik,605559871X,Kadinlar Icin Cinsellik ve Duygular,,,,,,,Dharma Yayınları,isbn_prefix,2013,,eng,,,,,,,,,,https://openlibrary.org/works/OL31634986W,,,openlibrary; internet_archive
9786055601195,Adult / sexual content,review,Adult / sexual content: sehvet/sevisme ('sevismeleri' in title),sevismeleri,6055601192,Ahtapot Sevismeleri,,Mine Özdemirtaþ,,,,,Kora Yayin,record,2011,,,158,paperback,,,,,,,,https://openlibrary.org/works/OL24258029W,,,openlibrary
9786055675950,Adult / sexual content,review,Adult / sexual content: cinsellik ('cinsellik' in title),cinsellik,6055675951,Bir Nefeste Cinsellik Tarihi,,Karen Dolby,,,,,Maya Kitap,record,2014,,tr,272,paperback,,"Oct 31, 2014",,,,,,https://openlibrary.org/works/OL26259648W,,,openlibrary; isbndb; openlibrary
9786055730666,Adult / sexual content,review,Adult / sexual content: seks ('seksualitet' in description),seksualitet,6055730669,Bekâret Boncuğu,,Zeynep Aliye,,,,,Kavis,isbn_prefix,,,tr,,,,,,"Noveller Om Kvinder, Kærlighed Og Seksualitet",,,,,,,isbndb
9786055945879,Adult / sexual content,review,Adult / sexual content: cinsellik ('cinsellik' in title),cinsellik,6055945878,Türk edebiyatında kadın yazarlar,kötücüllük - cinsellik - erotizm,Aysu Erden,,,Language & literature,Turkish Women authors; Turkish literature; Women authors; History and criticism; Women in literature; Women and literature,Hayal Yayınları,record,2011,"Kadıköy, İstanbul",tur,132,Paperback,,1. baskı.,,,,PL210.W65 E73 2011; PL205 .E733 2011,745977699,https://openlibrary.org/works/OL23232936W,,,openlibrary; isbndb; worldcat
9786056386039,Adult / sexual content,review,Adult / sexual content: prostitution ('fahise' in title),fahise,6056386031,Kor Fahise Bicagi,,"Nursel Calap, Cagan Dikenelli",,,,,Mendirek Yayincilik,record,2014,,tr,272,Paperback,,,,,,,,,,,isbndb
9786056488443,Adult / sexual content,review,Adult / sexual content: prostitution ('genelev' in title),genelev,6056488446,Genelev,,Sophie Bonnet,,,,,Güldünya Yayinlari,record,2015,,,158,paperback,,,,,,,,https://openlibrary.org/works/OL26238984W,,,openlibrary
9786056595752,Adult / sexual content,review,Adult / sexual content: obscene ('mustehcen' in description),mustehcen,6056595757,Enayinin Portföyü,,Kurt Vonnegut,İmra Gündoğdu,,,"American essays; Fiction, science fiction, collections & anthologies; Fiction, short stories (single author); Fiction; Short Stories; Science Fiction; Classics; Essays; Anthologies; Literary Fiction; Short Story Collection",Nora Kitap,record,2016,,tur,151,paperback,,,eng,"“Öbür dünya, bu hayatın en iyi anlarının sonsuzluğundan ibaretse bunu bilmek istemez misin?” “Batı Yarıküre yalnız ABD'den oluşuyormuş (…) gibi yazdığım için özür dilerim. Yaratıcı yazarlık derslerinde öğretilen ilk kural şudur; bence de iyi kuraldır: ‘Bildiğinizi yazın.’ ” Kurt Vonnegut, Enayinin Portföyü’nde bildiğini yazıyor. Kısa, alaycı ve karanlık bu altı kısa kurgu öyküyle bir kurgudışı makale, Vonnegut’ın hicvini ve hayatın müstehcen anlamsızlığını kusursuz bir şekilde tanımlıyor. En iyi romanlarında olduğu gibi bu kitapta da Vonnegut, bizleri insan ruhunun en karanlık köşelerine götürüyor; ince zekası ve mizahıyla daha muhteşem varlıklar olma potansiyelimizi bizlere hatırlatıyor. “Enayinin Portföyü: 20. yüzyılın en büyük yazarlarından Kurt Vonnegut’ın daha önce hiç yayımlanmamış yeni kitabı”",,,,https://openlibrary.org/works/OL21162744W,30300934,,openlibrary; isbndb
9786056632631,Adult / sexual content,review,Adult / sexual content: erotic ('erotik' in description),erotik,6056632636,Gezgin Libido ve Histerik Beden Hans Bellmer,,Sue Taylor,,,,,Sub Yayinlari,record,2016,,tr,64,paperback,,"FR, 2016",,"Hans Bellmer Almanya doumlu bir sanat, her ne kadar sanat dnyasnda ""srrealist fotoraf"" olarak anlyor olsa da bu unvan onun sanata bak asn ve kulland yntemleri anlatmakta elbette ki ok yetersiz. Kendisi dnyaya en bilinen ve ses getiren almas ""bebek projesi"" ile nam sald. 1933 ylnda durdurulamaz olan Nazi partisine kar Hans Bellmer'in bir tepkisi olarak domu olan bu proje fotoraflardaki allmn dnda pozlar ve deforme edilmi vcutlar ile varlk buluyordu; Almanya'da o srete yaanmakta olan ""mkemmel vcut ve rk"" anlayna net bir kar duru olduu doru olsa da salt bu kefeye de konamazlard. Zira Hans Bellmer'in de bir eit agalmatofilik olduu hakim gr de mevcutken sanatnn kendisi de yaarken bunu inkar etmemi idi. Bellmer'in mevzu almalarnda; hrpalanm ve hatta tabir caizse ""tecavze uram"" gibi grnen, kolu ya da baca olmayan kadn figrleri ile kar karyayzdr. Kald ki hastalkl ya da deil erotik imgelemlere sahip ve bunlar canlandran durular sergilediini de ve bu almalarn ok zaman ""rahatsz edici"" olarak damgalandn da dile getirmek gerekiyor. Bellmer her ekilde bebekleri ve onlarn fotoraflaryla ortaya yksel bir kurgu koyuyor. Bu kitapta Sue Taylor sadece bebek projesi ve fotograflar ile deil; izimleri ve oklu biimdeki almalar bir araya getirilmi Bellmer'e; dedikodular, nyarglar gibi vasatlklardan kurtarlm bir dnyada -kuramsal bir analizin ierisinden bakyor. Hans Bellmer'i ve eserlerini alglayabilmek iin en az onlar kadar deerli bir alma.",,,,https://openlibrary.org/works/OL26239251W,,,openlibrary; goodreads
9786057017857,Adult / sexual content,review,Adult / sexual content: seks ('seks' in description),seks,6057017854,Evlilikoloji,,Belinda Luscombe,,,,,Ilksatir Yayinevi,record,2021,,tr,,,,"US, 2021",,"Paperback. 13,50 / 21,00 cm. In Turkish. 242 p. Meri Mekik Evlilikoloji, evliligin sagliginiz, mali durumunuz, ocuklariniz ve mutlulugunuz iin neden ok daha iyi oldugunu, uzun sre birlikte yasamanin faydalarini aiklamak iin bilimsel bulgular, uzman tavsiyeleri ve evlilik siperlerinde geirilen yillardan yararlanan ok zeki, eglenceli, derinlikli ve sasirtici derecede iyimser bir rehber! Time dergisinde uzun yillar boyunca evlilik hakkinda yazilar yazan Belinda Luscombe, Evlilikoloji'de agdas evlilikleri bozabilecek 6 fay hattini asinalik, kavga, mali durum, aile, seks ve terapi. Luscombe yillar boyu insanlik leminde neyin evrensel neyin iftlere zg oldugunu anlamaya alisarak, bir gazetecinin yabanci bir lkeyi kesfetmesi gibi tanimaya alisiyor evliligi. Sayisiz makale okuyor, uzmanlarin, arastirmacilarin grslerine basvuruyor, ift danismanlari, seks terapistleri hatta mali danismanlarla grsyor, evlilikle ilgili istatistikleri analiz ediyor ve sonuta, konuya iliskin gerekleri bilimsel olarak aktardigi, mitleri rttg, sayisiz yaklasimi bir araya getirdigi, basit, uygulanabilir, keyifli teknikler ve ipulariyla dolu, byleyici bir arastirma, anekdot ve bilgelik karisimi sunuyor okurlara. ""Eger bunu bir kitapida ayakst okuyorsaniz ve partnerinizden ayrilmaniz gerekip gerekmedigine dair cevabi 45 saniye iinde istiyorsaniz, o zaman sizin iin sunu s Muhtemelen hayir! En azindan henz degil. Uzun bir iliskinin basli basina degerli oldugu fikrinin imaji son zamanlarda biraz zedelenmis durumda.",,,,,,,goodreads
9786057072269,Adult / sexual content,review,Adult / sexual content: seks ('seksualiteit' in description),seksualiteit,605707226X,Akşamlar rahatsız edicidir,,Marieke Lucas Rijneveld,Belma Sezgin Yüksel,,,"18.11 Dutch literature; Dutch fiction; New York Times reviewed; Brothers; Fiction; Death; Accidents; Guilt; Grief; Brothers and sisters; Fiction, family life, general; Brothers, fiction; Netherlands, fiction",MonoKL Kitap,record,2021,,tur,224,Paperback,,,dut,"'De avond is ongemak' is het schrijnende verhaal van een religieus boerengezin dat wordt getroffen door de dood van een kind. Matthies komt op een dag niet meer terug van het schaatsen en laat zijn zusje Jas in totale verwarring achter. Door de ogen van de dertienjarige Jas zien we hoe de familieleden elk op hun eigen manier omgaan met het verlies. Vader en moeder zijn volledig verlamd door verdriet en zien niet hoe Jas en haar zusje Hanna en haar broer Obbe ondertussen langzaam ontsporen. Onder leiding van Obbe ondernemen ze morbide experimenten met dieren en Hanna en Jas dromen hartstochtelijk van een Redder, een man als Boudewijn de Groot, een man die hen mee kan nemen naar de Overkant en hen in kan wijden in de geheimen van hun seksualiteit. Marieke Lucas Rijneveld (1991) geldt als een van de grootste talenten van de Nederlandse letteren. In 2015 debuteerde ze met de meermaals herdrukte dichtbundel 'Kalfsvlies', die werd bekroond met de C. Buddingh' Prijs voor het beste poëziedebuut.",,,,https://openlibrary.org/works/OL19740451W,,,openlibrary; isbndb
9786057092311,Adult / sexual content,review,Adult / sexual content: cinsellik ('cinsellik' in title) | Adult / sexual content: sehvet/sevisme ('sehveti' in title),cinsellik; sehveti,6057092317,İki Şehveti Dizginlemek: Mide ve Cinsellik,,Imam-ı̂.* Gazâlı̂,,,,,Çelik Yayinevi,record,2021,,,,,,,,"Ersan Urcan Imam-i Gazâlî’nin en büyük eseri olan Ihyâu Ulûmi’d-Din, her dönem Müslümanlar için ilk akla gelen basvuru kaynagi olmus ve bu esere büyük güven duyulmustur. Ihyâu Ulûmi’d-Din, dört ana bölümden ve her bölüm de onar konudan olusmaktadir. Ihyâu Ulûmi’d-Din içinde yer alan konularin her biri, eserin orijinal anlatimi asla bozulmadan, akici ve duru bir dil kullanilarak çevirisi yapildi ve basli basina birer kitap haline getirildi. Ihyâu Ulûmi’d-Din’in üçüncü bölümü olan Helak Edici Seyler Bölümü’nün üçüncü konusu Iki Sehveti Dizginlemek’tir. Imam-i Gazâlî bu eserinde; açligin fazileti, faydalari, mide sehvetini dizginleme, açligin hükmü ve insanlarin ahvaline göre onun fazileti, sehvetin terkinde riyazetin önemi ve evlenme hususunda yapilmasi gerekenler gibi önemli konular hakkinda bilgiler verir. Sonuçta ise mide, göz ve tenasül organinin sehvetine muhalefet eden kimsenin ulasacagi yüksek faziletler hakkinda genis izahat yapar ve bu noktaya ulasmak için nasil bir yol takip edilmesi gerektigini izah eder.",,,,https://openlibrary.org/works/OL45743613W,,,openlibrary
9786057444844,Adult / sexual content,review,Adult / sexual content: sex ('sex' in title),sex,6057444841,Serhildana Şêx Seîd. Zabitnameyên dadgeha îatîqlalê ya şerqê,,Kerem Serhedî,,,,,Payiz Yayıncılık,record,2021,Ankara,kur,776,,,,,,,,,https://openlibrary.org/works/OL32126468W,,,openlibrary
9786057603364,Adult / sexual content,review,Adult / sexual content: prostitution ('fahise' in title),fahise,6057603362,Nejmah Değil Sistem Fahişe,,Duygu Ulaşan,,,,,Karina Yayınevi,record,2019,,,128,paperback,,,,,,,,https://openlibrary.org/works/OL26241203W,,,openlibrary
9786057647917,Adult / sexual content,review,Adult / sexual content: cinsellik ('cinsellik' in title),cinsellik,6057647912,Zihin Yetersizligi Olan Bireylere Yönelik Kapsamli Cinsellik Egitimi,,Didem Güven,,,,,Elpis Yayınları,isbn_prefix,,,tr,,,,,,,,,,,,,google_books
9786057690227,Adult / sexual content,review,Adult / sexual content: prostitution ('fahise' in title),fahise,6057690222,Fahise Cilekler,,Güldem Sahan,,,,,Eksik Parca Yayinevi,record,2019,,,136,paperback,,,,,,,,https://openlibrary.org/works/OL24334395W,,,openlibrary
9786057728470,Adult / sexual content,review,Adult / sexual content: cinsellik ('cinsellik' in title),cinsellik,6057728475,"Ah Bu Sevda! - Türk Edebiyatinda ""Öteki"" Cinsellik Öyküleri 1872-1928",,Serdar Soydan,,,Language & literature,Turkish literature; History and criticism; Gender identity in literature; Gender nonconformity in literature,Sel Yayincilik,record,2020,,,238,paperback,,,,,,PL210.S36 A4 2020,1193235050,https://openlibrary.org/works/OL24258094W,,,openlibrary
9786057762245,Adult / sexual content,review,Adult / sexual content: erotic ('erotic' in description),erotic,605776224X,Jurgen - Bir Adalet Komedisi,,James Branch Cabell,,,,"Classic Literature; Fantasy; Fiction; Middle Ages; Devil; Wives; Poictesme (imaginary place), fiction; Fiction, fantasy, historical; Fiction, fantasy, epic; Fiction, humorous, general; Moyen Âge; Romans, nouvelles; American Fantasy fiction; Stinehour Press. 1976; Fiction, general",Ithaki Yayinlari,record,2019,,tr,336,paperback,,,,"""Jurgen: A Comedy of Justice,"" an entry in the Poictesme series, is an epic fantasy voyage as well as an erotic fable. Cabell himself wrote: ""This fable is, as the world itself, a book wherein each man will find what his nature enables him to see; which gives us back each his own image; and which teaches us each the lesson that each of us desires to learn."" Jurgen was banned for decades because of its explicit content. It was, and remains, a groundbreaking early fantasy novel and a worthy addition to the Wildside Fantasy Classics line.",,,,https://openlibrary.org/works/OL6585796W,,,openlibrary; isbndb
9786057768940,Adult / sexual content,review,Adult / sexual content: erotic ('erotik' in description),erotik,6057768949,Hakikat Şaraptadır,,Søren Kierkegaard,,,,,Pinhan Yayıncılık,record,2022,,tr,,,,"1, 2022",,"In Vino Veritas’ta, olayları bize aktaran William Afham’dır. Afham, Kierkegaard’un diğer metinlerinde rastladığımız aşina takma adlara karşılık ilk defa bu metinde tanıştığımız bir karakterdir. Kendisi bir davet düzenler, davette sınırsız şarap olacağını ve davetlilerden her birinin ancak şarap etkisini o kişide gösterdikten sonra, başka bir deyişle normalde kişinin söylemeyeceği şeyleri söyler duruma gelmesinden sonra konuşmaya başlayacağını bize söyler. Bu bağlamda konuşmalar olacaktır, sohbetler değil. Tartışmanın konusu Eros’tur ve konuşmalar erotik aşk üzerine dönecektir.",,,,,,,nexusstc
9786057865014,Adult / sexual content,review,Adult / sexual content: seks ('seks' in description),seks,6057865014,Headbang 4,,Kolektif,,,,,Karakarga,record,2019,,tr,224,paperback,,"US, 2019",,"Rock ve metal kltrnn en nemli yaynlarna imza atan ekipten arivlik bir kitap serisi. ""Jinjer'laysan her eye hazrlkl olmalsn! Kendimizi trlere, tarzlara ya da baka herhangi bir eye gre asla snrlamayacaz."" - Eugene Kostyuk (Jinjer) - ""Biz mzii kendimizi ifade etmek iin yapyoruz, birilerini etkilemek iin deil!"" - Michael Amott (Arch Enemy) - ""ni klar var yaptmz mziin. Bunu bir pizza gibi dn. Metal mzik pizzann hamuru. Klasik mzik vs. gibi eler de zerindeki malzemeler."" - Asis Nessari (Haggard) - ""ok kasmadan, zorlamadan, akrobatik eyler yapmaya uramadan, keyif aldmz mzii yapmaya ve de onu dzgnce almaya altk. Melodik yapyla ilikili olarak, ok yormayan, punk-metal gibi bir eyler kt ortaya. Ak, seks, anari, hzn ve elenceyi bir kavanoza koyup serte alkalyorsunuz ve sonra bolca buzla bira bardanda servis ediyorsunuz."" - Alper Yarangmeli (Dr. Skull) - ""Trkiye bizi en scak karlayan lke. Sizin mzikal motiflerinizden de fazlasyla esinleniyor ve bunu mziimizde kullanyoruz. nsanlar da bizim insanmza benziyor. Benzer mantaliteye sahibiz. Buraya her geliimiz gzel hissettiriyor. Eve gelmiiz hissi."" - Chen Balbus (Orphaned Land) - ""Biz kendini tekrar eden, statik bir mzik yapmak istemiyoruz. Srekli yeni ve farkl hissettiren eyler yapmaya abalyoruz. Hibir zaman belli bir mzik tarzna saplanp kalmak istemiyoruz."" - Mat Welsh (While She Sleeps) - ""Albm fikri kafamda olumaya baladnda ncelikle meditasyon yaptm, sonra ok okudum. Duygularm da vuran, iinde ruh barndran bir Rotting Christ albm olsun iste",,,,https://openlibrary.org/works/OL26242974W,,,openlibrary; goodreads
9786057995346,Adult / sexual content,review,Adult / sexual content: erotic ('erotik' in description),erotik,6057995341,Askin Psikolojisi,,Sigmund Freud,,,,,Cem Yayinevi,record,2019,,tr,88,paperback,,"PS, 2019",,"Drt makaleden oluan Akn Psikolojisi'nin ilk makalesinde Freud ocuun cinselliin ne olduunu tam anlamasa da iinde baz duygularn, zellikle erotik kkenli duygularn etkisini hissetmeye baladn, zellikle erkek ocuun annesine kar olan ar sevgisi ve ballnn zaman iinde zellikle cinsel organn fark edince cinsel bir eilime de dnebildiini ve bunun sonucunda da babaya kar dmanca duygularn ortaya kabildii sylyor. kinci makalede Freud, anneyle fahie arasndaki blmlemeyi daha kapsaml olarak yani hem kadn hem de erkek asndan tekrar ele alyor. Ancak bu kez libidonun iindeki iki duygu akm, efkat ve cinselliin kartln betimliyor. Erkekler sevdiklerinde arzulamazlar, arzuladklarnda ise sevmezler, diyor. Bekret Tabusu balkla nc makalede Freud, kadn ile erkek arasndaki cinsel ilikiye deiniyor. Kitaptaki son makale Freudun kadnlarn ruhsal geliimine ilikin grlerindeki yeniden deerlendirmelerinin ve konuya ilikin sonraki almasnn tohumlarn ieren bir makalesidir. Cesaretle ele ald konular, cesaretle ileyerek psikanalizin kurucusu olmay baaran Freudun bu yaptn da severek okuyacanz inancyla sunuyoruz.",,,,https://openlibrary.org/works/OL26371797W,,,openlibrary; isbndb; goodreads
9786057995360,Adult / sexual content,review,Adult / sexual content: cinsellik ('cinsel yasamin' in title),cinsel yasamin,6057995368,Psikanaliz Acisindan Cinsel Yasamin Kökenleri,,Sandor Ferenczi,,,,,Cem Yayinevi,record,2019,,,140,paperback,,,,,,,,https://openlibrary.org/works/OL26371791W,,,openlibrary
9786058037762,Adult / sexual content,review,Adult / sexual content: sex ('sex' in title),sex,605803776X,Dîwana Şêx 'Ebdurrehman'ê Aqtepî,,Şêx 'Ebdurrehman'ê Aqtepî,,,,,Weşanên Dara,record,2019,Istanbul,kur,169,,,,,,,,1256656497,https://openlibrary.org/works/OL32126732W,,,openlibrary
9786058056022,Adult / sexual content,review,Adult / sexual content: sex ('sex' in title),sex,6058056020,Me çı dî û çı nedî (Şahidên Qetlî'amên piştî - Qiyama Şêx Se'îd Dipeyivin),,Mehmet Baran,,,,,Banga Heq,record,2020,Istanbul,kur,207,,,,,,,,,https://openlibrary.org/works/OL32126422W,,,openlibrary
9786058056053,Adult / sexual content,review,Adult / sexual content: sex ('sex' in title),sex,6058056055,Eḥmet Ḥîlmî el-qoẋî û rehberê sanî Şerha 'Eqîda şêx Eḥmedê Xanî,,Cevdet Karaman,,,,,Banga Heq,record,2021,Istanbul,kur,244,,,,,,,,,https://openlibrary.org/works/OL32126421W,,,openlibrary
9786058108882,Adult / sexual content,review,Adult / sexual content: seks ('seks' in description),seks,6058108888,Ülkesiz Bir Adam,,Kurt Vonnegut,Algan Sezgintüredi,,,,April,record,2020,Türkiye,tur,120,paperback,,,eng,"Vonnegut yapmayı en iyi bildiği şeyi yapıyor: Kendi Olmak. Vonnegutluk. Ülkesiz Bir Adam'da dâhi yazar sanat, seks ve politika üzerine introspektif bir performansa girişiyor. Gelecek günlerin olası senaryolarına dair esprili, isabetli ve keskin gözlemler bunlar. Vonnegut'la henüz tanışmamış okurlar için bir merhaba, sadık takipçileri için bir el kitabı.",,,,https://openlibrary.org/works/OL26244611W,51456633,,openlibrary
9786058257221,Adult / sexual content,review,Adult / sexual content: sehvet/sevisme ('sehvet' in title),sehvet,6058257220,Sehvet,,Geneva Lee,,,,,Pay Kitap,isbn_prefix,,,tr,384,,,,,,,,,,,,isbndb
9786058393066,Adult / sexual content,review,Adult / sexual content: erotic ('erotic' in description),erotic,605839306X,Bir Findik Kirma Projesi,,Robin Rinaldi,,,,"Women--Sexual behavior; bisexual women; Middle-aged women; Open marriage; Sexual behavior; Midlife crisis; Women; BIOGRAPHY & AUTOBIOGRAPHY; Personal Memoirs; Sexualité; Crises de l'âge adulte; Journalistes; Women journalists; Sexual freedom; Femmes; Online dating; Mariage ouvert; Case studies; Biographies; Biography; BIOGRAPHY & AUTOBIOGRAPHY / Personal Memoirs; Women, sexual behavior; Journalists, united states; Journalists, biography; Marriage",Güldünya Yayinlari,record,2016,,tr,240,paperback,,,,"""What if for just one year you explored everything you'd wondered about sex but hadn't tried? The project was simple: An attractive, successful magazine journalist, Robin Rinaldi, would move into a San Francisco apartment, join a dating site, and get laid. Never mind that she already owned a beautiful flat a few blocks away, that she was forty-four, or that she was married to a man she'd been in love with for eighteen years. What followed--a year of sex, heartbreak, and unexpected revelation--is the topic of this riveting memoir, The Wild Oats Project. An open marriage was never one of Rinaldi's goals--her priority as she approached midlife was to start a family. But when her husband insisted on a vasectomy, she decided that she could remain married only on her own terms. If I can't have children, she told herself, then I'm going to have lovers. During the week she would live alone, seduce men (and women), attend erotic workshops, and partake in wall-banging sex. On the weekends, she would go home and be a wife. At a time when the bestseller lists are topped by books about eroticism and the shifting roles of women, this brave memoir explores how our sexuality defines us--and it delivers the missing link: an everywoman's account of sex. Combining the strong literary voice of Cheryl Strayed's Wild with the adventurousness of Elizabeth Gilbert's Eat, Pray, Love, The Wild Oats Project challenges our sensibilities and evokes the delicate balance between loving others and staying t",,,,https://openlibrary.org/works/OL17114881W,,,openlibrary; isbndb
9786058537132,Adult / sexual content,review,Adult / sexual content: prostitution ('fahisesi' in title),fahisesi,6058537134,Istanbul'un Sansli Fahisesi. Translated by Mehmet Nusret,,Paul L. Wellman,,,,,Elf Yayinlari,record,2014,,tr,389,paperback,,"Oct 31, 2014",,,,,,https://openlibrary.org/works/OL26263821W,,,openlibrary; openlibrary
9786059011273,Adult / sexual content,review,Adult / sexual content: erotic ('erotic' in subjects/genres) | Adult / sexual content: erotic ('erotica' in description) | Adult / sexual content: LoC: erotic/sex instruction ('erotica' in subjects) | Adult / sexual content: LoC: erotic/sex instruction ('erotic literature' in subjects),erotic; erotic literature; erotica,6059011276,Afrodit,,Pierre Louÿs,,,Literature,"Fiction; French Erotic literature; French Historical fiction; History; Translations into English; Greek Mythology; Goddesses; Pierre Louys; Erotica; Aphrodite; Erotic Literature; Fiction, science fiction, general; Aphrodite (greek deity); Man-woman relationships; Histoire; Romans, nouvelles; Relations entre hommes et femmes; French fiction; Translations into Chinese",Parola Yayinlari,record,2014,,tr,296,paperback,,,,"This was ""the only only complete English version extant"" of a novel originally in French about a courtesan living in ancient Alexandria. The book is lavishly illustrated, but is sloppy in other ways. For instance, every time there is a full page illustration (and there are many) the page numbering skips, and the margins of the page are not evenly wide. This is the kind of book that you had to cut the pages with a knife before you could read it. You could call the story erotica, but it is no worse than The Decameron or Chaucer. It must have been pretty hot reading in 1906. The book has a page stating ""This Edition on Large Paper is limited to 1000 copies of which this is No......"" but nobody bothered to fill in the number, so I would guess that more than 1,000 of these were printed.",843.91,PQ2623.O8 A82 1925,,https://openlibrary.org/works/OL1237227W,,,openlibrary; isbndb
9786059021401,Adult / sexual content,review,Adult / sexual content: sehvet/sevisme ('sehvet' in title),sehvet,6059021409,"Lale, Kan ve Sehvet",,Halil Bezmen,,,,,Müptela Yayinlari,record,2016,,,296,paperback,,,,,,,,https://openlibrary.org/works/OL26264102W,,,openlibrary
9786059030229,Adult / sexual content,review,Adult / sexual content: seks ('seks' in description),seks,605903022X,Ben de Varm,,Deniz Su Tiffany,,,,,Ray Yaynclk,record,2016,,tr,,,,"Large Print, US, 2016",,"Eer din, dil, rk ya da cinsel kimliinizden tr ezilen bir aznlk mensubuysanz, cannzn yanmamas iin sesinizi duyurmanz gerekir. Fakat ses nasl duyurulur? Ya elinize alrsnz megafonu barrsnz meydanlarda, ya da dier insanlarla birebir iletiim kurarsnz ve sizi tanmalarn salarsnz. Gemiten bugne kadar sadece eylem yapp mcadele eden bir trans kadn portresi izilmi lkede, stelik nefret cinayetleri ve seks iilii boyutu varken, bu kitap iki yolun ortasndan giderek sizlere ulamay amalyor. Eski gazete haberlerindeki ""satrl travestilerin dehet sat"" manetlerinden balayarak tm trans tabularn ykmaya ve toplumun dlanm bir kesimine kucak amaya hazr msnz? Doru bildiiniz yanllar bakalarndan deil, bizzat bir transsekselin azndan okuyacaksnz. Cinsiyet gei srecinden duygusal dalgalanmalara, aile ve ikili ilikilere kadar translarla ilgili her ey bu kitabn iinde yer almaktadr. (Tantm Blteninden)",,,,,,,goodreads
9786059315661,Adult / sexual content,review,Adult / sexual content: explicit genre ('sadomasochistisk' in description) | Adult / sexual content: seks ('seksualitet' in description),sadomasochistisk; seksualitet,6059315666,"Ten, Organlari Sarip Sarmalayan Elastik Kiliftir",,Bjorn Rasmussen,,,,,Alakarga Sanat Yayinlari,record,2017,,tr,112,paperback,,"İstanbul, 2017",,"Eksperimenterende roman. Bjørn er 15 år og bor på en rideskole i Vestjylland sammen med sin depressive mor og to ældre brødre. Han forelsker sig i en 20 år ældre mand, som han udvikler et sadomasochistisk forhold til. Hans seksualitet og forelskelse er uforløst, og om dette kredser hans tanker",,,,https://openlibrary.org/works/OL26247757W,,,openlibrary; isbndb; worldcat
9786059318150,Adult / sexual content,review,Adult / sexual content: erotic ('erotic' in subjects/genres) | Adult / sexual content: LoC: erotic/sex instruction ('erotic stories' in subjects),erotic; erotic stories,6059318150,Maestra,,L. S. Hilton,,,,"Art; Art dealers; Fiction; Corrupt practices; Hostess clubs; Fiction, psychological; Fiction, thrillers, general; Single women, fiction; nyt:hardcover-fiction=2016-05-08; New York Times bestseller; Single women; Forgeries; Suspense; Psychological; Contemporary Women; Erotic stories",Okuyan Us Yayinlari,record,2016,,,364,paperback,,,,"By day, Judith Rashleigh is a put-upon assistant at a prestigious London art house. By night, she's a hostess at one of the capital's notorious champagne bars. Desperate to make something of herself, Judith knows she has to play the game. She's transformed her accent and taught herself about wine and the correct use of a dessert fork, not to mention the art of discretion. She's learned to be a good girl. But when Judith is fired for uncovering a dark secret at the heart of the art world--and her honest efforts at a better life are destroyed--she turns to a long-neglected friend. A friend who kept her chin up and back straight through every slight: Rage.",,,,https://openlibrary.org/works/OL20022922W,,,openlibrary
9786059331012,Adult / sexual content,review,Adult / sexual content: sehvet/sevisme ('sevismeleri' in title),sevismeleri,6059331017,Hafta Sonu Sevismeleri,,Jülide Emre,,,,,Asi Kitap,record,2000,,,106,paperback,,,,,,,,https://openlibrary.org/works/OL26247904W,,,openlibrary
9786059397612,Adult / sexual content,review,Adult / sexual content: sehvet/sevisme ('sevisme' in title),sevisme,6059397611,Erkekler İçin Taocu Sevişme Sırları,,Mantak Chia,,,,,Butik Yayınları,record,2019,,tr,416,Paperback,,,,,,,,,,,isbndb
9786059452441,Adult / sexual content,review,Adult / sexual content: cinsellik ('cinsellik' in title),cinsellik,6059452442,Sanat Hakkında Kısa Bir Kitap,Bakış - Malzemeler - Zihin - Adanmışlık - İktidar - Cinsellik,Dana Arnold,,,,,Hayalperest Yayınevi,record,2019,,,182,paperback,,,,,,,,https://openlibrary.org/works/OL26248520W,,,openlibrary
9786059479073,Adult / sexual content,review,Adult / sexual content: yetiskin icerik / +18 ('18+' in title),18+,6059479073,Gantz 3,18+,Hiroya Oku,,,,,Kurukafa Yayinevi,record,2017,,tr,224,paperback,,"Ankara, 2017",,,,,,https://openlibrary.org/works/OL26265445W,,,openlibrary; isbndb; worldcat
9786059479097,Adult / sexual content,review,Adult / sexual content: yetiskin icerik / +18 ('18+' in title),18+,605947909X,Gantz 5,18+,Hiroya Oku,,,,,Kurukafa Yayinevi,record,2018,,tr,224,paperback,,,,,,,,https://openlibrary.org/works/OL26248605W,,,openlibrary; isbndb
9786059514040,Adult / sexual content,review,Adult / sexual content: cinsellik ('cinsellik' in title),cinsellik,6059514049,Genc Psikolojisi-Ask ve Cinsellik,,Hamdi Kalyoncu,,,,,Yediveren Yayinlari,record,2017,,tr,280,Paperback,,,,,,,,,,,isbndb
9786059545426,Adult / sexual content,review,Adult / sexual content: sex manual ('sex instruction' in subjects/genres) | Adult / sexual content: LoC: erotic/sex instruction ('sex instruction for women' in subjects) | Adult / sexual content: LoC: erotic/sex instruction ('sex instruction' in subjects),sex instruction; sex instruction for women,6059545424,Kuantumask,,Laura Berman,,,,Sex; Intimacy (Psychology); Love; Sex instruction for women; Man-woman relationships; FAMILY & RELATIONSHIPS; Love & Romance; SELF-HELP; General; Sex instruction,Nemesis Kitap,record,2017,,,456,paperback,,,,"""Once the initial intense excitement of a new relationship fades, we tend to think there are only two options: chase the impossible dream of recapturing that early magic or settle for a less than fulfilling love life. In Quantum Love, sex and relationship expert Laura Berman, Ph.D., the New York Times best-selling author of eight books including For Women Only, Real Sex for Real Women, and The Passion Prescription, offers a thrilling alternative--a higher level of love beckoning us to move forward, not backward. Using the essential truth we've learned from the study of quantum physics--the fact that at our molecular core, each of us is simply a vessel of energy--she explains how we can use what's happening in our inner world to create a level of passion, connection, and bliss in our relationships that we never imagined possible. Quantum Love taps the latest scientific and metaphysical research to help readers apply the principles of quantum physics to their lives in real, sustainable ways. Drawing on her clinical practice and case studies as well as her personal journey, Dr. Berman guides readers to: plot their unique energetic frequency of love with her Quantum Lovemap work consciously with the energy of body, heart, and mind make four key commitments designed to raise their energetic profile bring their frequency into harmony with their partner's in order to grow together psychically, emotionally, and sexually We can't go back to the honeymoon phase--and the truth is",,,,https://openlibrary.org/works/OL20228388W,,,openlibrary
9786059585019,Adult / sexual content,review,Adult / sexual content: seks ('seksi' in description),seksi,6059585019,Hata,,Elle Kennedy,Tuba Özkat,,,College students; Fiction; Hockey players; Series:Off-Campus,Yabancı Yayınları,record,2016,"İstanbul, Türkiye",tur,376,paperback,,1. baskı,eng,"O birden fazla alanda tam bir oyuncuydu… Ama bu defa onu bekleyen, çok sıkı bir oyundu… New York Times çoksatan yazarı Elle Kennedy yakışıklı, ateşli ve eğlenceli hokey oyuncularıyla geri dönüyor… John Logan istediği her kızı tavlayabilirdi. Bu hokey yıldızı için hayat, partiler ve tek gecelik ilişkilerden ibaret gibiydi ama baştan çıkarıcı gülüşünün ve rahat tavırlarının ardında mezuniyet sonrası hayatı ile ilgili giderek artan bir umutsuzluk yatıyordu. Birinci sınıf öğrencisi Grace Ivers ile yaşadıkları seksi bir karşılaşma, Logan'ın tam da aradığı şeydi fakat düşüncesizce yapılan bir hata Grace'i ondan uzaklaştırdığında, Logan'ın tek bir amacı kalmıştı; ikinci bir şansı hak ettiğine Grace'i inandırmak. Pek de gösterişli denemeyecek ilk senenin ardından Grace, Briar Üniversitesi'ne daha olgun, daha akıllı ve kendisini küçük düşüren kibirli hokey oyuncusunu kesinlikle unutmuş olarak geri dönmüştü. O artık, ilk buluştuklarındaki naif kız değildi ve kimsenin acımasına ihtiyacı yoktu. Eğer Logan onun hokey oyuncularına hayran diğer kızlar gibi sırtüstü yatıp ona yalvaracağını sanıyorduysa, çok yanılıyordu. Logan onu geri mi istiyordu? O zaman bunun için uğraşması gerekecekti. Bu defa ipler Grace'in elindeydi... ve Grace onu çıldırtmaya kararlıydı.",,,1012739194,https://openlibrary.org/works/OL22057778W,31380479,,openlibrary; isbndb
9786059585835,Adult / sexual content,review,Adult / sexual content: adult romance ('adult romance' in subjects/genres),adult romance,6059585833,Bin Öpücük,,Tillie Cole,Merve Özcan,,,"Young adult romance; contemporary romance; new adult romance; forbidden love; second chance romance; first love; love triangle; grief; loss; healing; forgiveness; redemption; nyt:young-adult-paperback-monthly=2023-10-08; New York Times bestseller; Children's fiction; Adolescence, fiction; Death, fiction",Yabancı Yayınları,record,2017,,tur,,paperback,,,,"One kiss lasts a moment. But a thousand kisses can last a lifetime. One boy. One girl. A bond that is forged in an instant and cherished for a decade. A bond that neither time nor distance can break. A bond that will last forever. Or so they believe. When seventeen-year-old Rune Kristiansen returns from his native Norway to the sleepy town of Blossom Grove, Georgia, where he befriended Poppy Litchfield as a child, he has just one thing on his mind. Why did the girl who was one half of his soul, who promised to wait faithfully for his return, cut him off without a word of explanation? Rune’s heart was broken two years ago when Poppy fell silent. When he discovers the truth, he finds that the greatest heartache is yet to come. Standalone Young Adult Tearjerker Romance. For ages 14 and up.",,,,https://openlibrary.org/works/OL20824826W,,,openlibrary; isbndb; google_books
9786059692977,Adult / sexual content,review,Adult / sexual content: cinsellik ('cinsellik' in title),cinsellik,6059692974,"Aramızdaki Çekim-Aşk, Cinsellik ve Çekiciliğin Bilimi",,Brian Alexander,,,,,Sola Unitas,record,2017,,,,paperback,,,,,,,,https://openlibrary.org/works/OL26250021W,,,openlibrary
9786059878265,Adult / sexual content,review,Adult / sexual content: Dewey 306.7 (sexual relations) ('306.76' in dewey),306.76,6059878261,Homoseksuel Arzu,,Guy Hocquenghem,,,Social sciences,Homosexuality; Philosophy; Homophobia; Queer theory,Altikirkbes Basin Yayin,record,2015,,,144,paperback,,,,,306.76,,,https://openlibrary.org/works/OL671594W,,,openlibrary
9786059878609,Adult / sexual content,review,Adult / sexual content: erotic ('erotik' in description),erotik,6059878601,Kendine Ait Bir Oda,,Virginia Woolf,,,,,Altikirkbes Basin Yayin,record,2016,,tr,128,paperback,,"1. bs, İstanbul, 2016",,"Virginia Woolf Ile çoğu Zaman Edebi Ya Da Politik Olarak Kurduğumuz Yakın Ilişki Veya Karşılaşmaların Temelinde Aile, Toplum Ya Da Eşyaya Karşı Sakinmiş Gibi Görünen Ama Aslında Her Gün Farklı Bir Düşünceyle Bir Başka Protesto Hazırlığında Olan Yapıların Homo-erotik Ve Ilerici Bir Bileşkesi Vardır. Woolf Geleceğe Dair Hayallerin Imha Edilmesinden Yanadır, çünkü Iyi Ya Da Kötü Olabilecek Her şey, Içerisinde Daima Başka Belirsizlik Ve Tehlikeleri Barındırır. Kendine Ait Bir Oda, Yazarın Sürekli Birbirini Takip Eden Sorgularına Karşılık Oluşturduğu Bir Ajandadır.",,,,https://openlibrary.org/works/OL26241083W,,,openlibrary; isbndb; worldcat
9786253890018,Adult / sexual content,review,Adult / sexual content: cinsellik ('cinsellik' in title),cinsellik,6253890018,Kizil Kralice - Cinsellik ve Insan Dogasinin Evrimi,,Matt Ridley,,,,,,,,,tr,,,,,,,,,,,,,google_books
9786253995874,Adult / sexual content,review,Adult / sexual content: cinsellik ('cinsel saglik' in title),cinsel saglik,6253995871,Her Yönüyle Cinsel Sağlık,,Özlem KARABULUTLU,,,,,Akademisyen Kitabevi,isbn_prefix,,,tr,,,,,,,,,,,,,google_books
9786254005749,Adult / sexual content,review,Adult / sexual content: yetiskin icerik / +18 ('+18' in title),+18,6254005743,(+18) Kendini aynada yanağından öpme sanatı - dene -,,Mustafa Kemal Çelik,,,,,Düşişleri Bakanlığı,record,2020,Lefkoşa,tur,79,,,,,,,,1243882279,https://openlibrary.org/works/OL45805848W,,,openlibrary; isbndb
9786254052835,Adult / sexual content,review,Adult / sexual content: orgy/orgasm ('orgasm' in subjects/genres),orgasm,6254052830,Otomatik Portakal ; Modern Klasikler Dizisi - 3,,Anthony Burgess,,,Literature,bible; aversion therapy; unintended consequences; Beethoven's Fifth Symphony; gang rape; psychiatric hospitals; maturity; metanoia; assault; joyriding; rape; metafiction; orgasm; novella; antisocial personality disorder; classical music; black comedy; argot; Nadsat; dystopias; satire; literature; Juvenile delinquents; Science fiction; Rehabilitation,Türkiye Is Bankasi Kültür Yayinlari,record,2021,,tr,,hardcover,,,,"A Clockwork Orange is a dystopian satirical black comedy novel by English writer Anthony Burgess, published in 1962. It is set in a near-future society that has a youth subculture of extreme violence. The teenage protagonist, Alex, narrates his violent exploits and his experiences with state authorities intent on reforming him. The book is partially written in a Russian-influenced argot called ""Nadsat"", which takes its name from the Russian suffix that is equivalent to '-teen' in English. According to Burgess, it was a jeu d'esprit written in just three weeks. In 2005, A Clockwork Orange was included on Time magazine's list of the 100 best English-language novels written since 1923, and it was named by Modern Library and its readers as one of the 100 best English-language novels of the 20th century. The original manuscript of the book has been kept at McMaster University's William Ready Division of Archives and Research Collections in Hamilton, Ontario, Canada since the institution purchased the documents in 1971. It is considered one of the most influential dystopian books. ---------- Also contained in: [A Clockwork Orange and Honey for the Bears](https://openlibrary.org/works/OL23787405W) [A Clockwork Orange / The Wanting Seed](https://openlibrary.org/works/OL17306508W)",823.914,,,https://openlibrary.org/works/OL261794W,,,openlibrary; isbndb
9786254057014,Adult / sexual content,review,Adult / sexual content: sehvet/sevisme ('sevisme' in title),sevisme,6254057018,Simdi Sevisme Vakti,,Sait Faik Abasiyanik,,,,,Is Bankasi Kültür Yayinlari,record,2022,,tr,56,Paperback,,,,,,,,,,,isbndb
9786254130021,Adult / sexual content,review,Adult / sexual content: prostitution ('fahise' in title),fahise,6254130025,Kibar Fahise Zeynep,,Nahid Sirri Örik,,,,,Oglak Yayincilik,record,2021,,tr,96,Paperback,,,,,,,,,,,isbndb
9786254180040,Adult / sexual content,review,Adult / sexual content: LCC HQ21-32 (sex instruction) ('hq21.b39 2022' in lcc),hq21.b39 2022,6254180049,Genel ve çok özel ilişkilerin sakıncaları el kitabı,,Bedri Baykam,,,Social sciences,Sociology,Kırmızı Kedi Yayınevi,record,2021,Istanbul,tur,732,,,"Birinci basım, İstanbul, 2022",,"""Toplumun bugün anladığı anlamda 'aldatma' diye bir kavram yoktur. Tersine, 'Ömür boyu başka hiç kimse ilgimi çekmeyecek ve önümüzdeki 60 yıl başka hiç kimseleri beğenip ilgilenmeyeceğim' illüzyonu ile toplumun tüm katmanları aldatılmıştır. Bütün ilişkilerin sosyolojisi ve akışı bu illüzyona dayalı yanılgı üzerine kurulmuş, insanlar doğdukları andan itibaren aşılanan bu kodlarla Şartlandırılmışlardır. Böyle bir sonsuz tekeşlilik dayatmasına insanların çakılıp kalmasını beklemek, kuşlardan bayramlarda veya Noel günü uçmamalarını beklemek kadar saçmadır. Öte yandan, insanlar bir de 'aile' kavramına, anne baba sevgisine odaklanarak yaşamaya alışmışlardır. Aile kurma güdüsünün temeli olan 'aşk', insanları köreltip onlara en büyük güç ve zaaflarını derinliklerinde hissettiren temel bir duyudur. İnsanların tüm ömrü, bu okuduğunuz iki paragrafin uzlaşmaz görünen çelişkileri arasında çarmıha gerilerek, büyük oranda ömürleri boyunca işkence görerek geçer... Bedri Baykam, Genel ve Çok Özel İlişkilerin Sakıncalı El Kitabı'nda, bu 'en tehlikeli' konuları ve içerdikleri tabuları elinin tersiyle iterek mizah, bilimsel araştırma ve somut verileri, geçmiş ve bugün üzerinden çalkalayarak giderken, yaklaşmakta olan robot partnerlerin tehlikeli gölgesini ve bu kıskançlık kavga gürültüleri içinde geçip giden o kısacık hayatımızın esas değerini okuyucuya hissettirmek istiyor...""--Back cover",,HQ21.B39 2022,,https://openlibrary.org/works/OL32036580W,,,openlibrary; worldcat
9786254414831,Adult / sexual content,review,Adult / sexual content: cinsellik ('cinsellik' in title),cinsellik,625441483X,Bu Isler Ince Isler;Iliskiler ve Cinsellik Üzerine Denemeler,,Özgür Uysal,,,,,Destek Yayinlari,record,2022,,tr,288,Paperback,,,,,,,,,,,isbndb
9786254416699,Adult / sexual content,review,Adult / sexual content: prostitution ('fahise' in title),fahise,6254416697,Melek terörist fahişe,,Osman Balcıgil,,,,,Destek Yayınları,record,2022,,tr,,,,"İstanbul, Türki̇ye, 2022",,"Holly, Lilli ve Iris gibi ünlü film karakterlerini şaşırtıcı biçimde canlandıran güzel kadın melek mi, terörist mi yoksa fahişe mi? Ünlü gazeteciyi ağına nasıl düşürdü? Amaçlarına neden alet etti? Matilt Manukyan nasıl Türkiye'nin en zengin iş insanlarından biri oldu? Dünyanın bir numaralı genelev patroniçesi Madam Manukyan'ın otomobilini havaya kim uçurdu? Ermeni terör örgütleri mi, milliyetçiler mi, muhafazakârlar mı yoksa mafya mı? 70'li yıllara damgasını vuran Ermeni terör örgütü ASALA'nın arkasında kim vardı? Lideri Agop Agopyan nasıl öldürüldü?",,,,,,,worldcat; goodreads
9786256370104,Adult / sexual content,review,Adult / sexual content: seks ('seks' in description),seks,6256370104,Cennette Bir Hafta,,Hakan Karahan; Mona Kitap,,,,,Mona Kitap,record,2023,,tr,,,,"PS, 2023",,"Krklareli Derekydeki iftlik evini bir butik otele dntren yazar Zafer, stanbulda bir trl evrilememi, kendi deyimiyle tersine doal seilim yaam ve sonucunda da stanbuldan gmtr. Eer kalsaydm, der, gittike vahileen yaam beni yiyip bitirecekti. Zafer, elindeki yaamla hissettiklerinin arasndaki byk elikiyi grdkten sonra kurduu yeni dzende, dokuzuncu kitabn yazmaya karar verir. 2020 yaznda, pandemi nedeniyle bombo kalan oteline gelen bir kadn, onun akp giden bu sakin hayatn alt st edecektir. Bu tebessmde hem lgn bir kalabalk hem de ie dnk yalnz bir kadn vard. Ayn zamanda bir tehlike ve sadece kendi menfaati iin var olan bir ey barnyordu. Bakaldran bir ey. Hibir ey ona yetmezmi gibi bir doyumsuzluk. Buras cennet, dediinde yaamdaki eriilemez her eyi ona yaknlatran ve yutan bir g vard. Ancak kendini lk diye tantan bu kadn, ergenlik yllarndaki seks dergilerinde Elke adyla grdnden emindir Zafer. Kafam ar kovan gibiydi. Nasl Trke rendi? Yoksa bandan beri Trk myd? mknsz. Peki, imdi ben ona nasl davranmalym? Kendini hatrlayan birine nasl tepki verir? Onu tandm sylemeli miyim, yoksa sakl m tutmalym? Zafer ve lknn bir haftalk dostluklar, hem byk srlar ortaya karacak hem de bu ssz otelin mucizeleri gerekletirmeyi baarabildiini gsterecekti. Hakan Karahann tek solukta okunan roman Cennette Bir Hafta, g nedeniyle kalabalklaan stanbul, pandemiden dolay yaklaan ekonomik kriz, kadnlar, erkekler, ak, seks, varolusal seimler, ailevi travmalar, birey olmak ve lm gibi konularda okura yeni pencereler amay",,,,,,,goodreads
9786257135337,Adult / sexual content,review,Adult / sexual content: cinsellik ('cinsellik' in title),cinsellik,6257135338,Cinsellik Üzerine,,Sigmund Freud,,,,,Olimpos Yayinlari,record,2020,,tr,192,paperback,,,,,,,,https://openlibrary.org/works/OL26268102W,,,openlibrary; isbndb
9786257359177,Adult / sexual content,review,Adult / sexual content: seks ('seksi' in description),seksi,6257359171,Cesaret,,Elle Kennedy,Gülfem Çırak,,,American literature; Romance; Sports Romance; Sports; Hockey; New Adult; College; Fake Dating; Hockey Romance; Contemporary; College Romance,Nemesis,record,2021,"İstanbul, Türkiye",tur,360,paperback,"Briar kampüsü, 4",1. baskı,eng,"Hayatım boyunca üniversitenin kanatlarımı özgürce açabileceğim bir yer olacağını düşünmüştüm, ancak gerçek hayat hayallerdeki gibi ilerlemiyordu. İnsanlara uyum sağlamak için büyük zorluklar çekmem yetmezmiş gibi sözde arkadaşlarım yüzünden bir meydan okumayla karşı karşıyaydım: Okuldaki en seksi hokey oyuncusunu baştan çıkarmam gerekiyordu. Conor Edwards partilerde ve yatak odalarında sıklıkla boy gösteren biriydi. Onun gibi erkeklerin, benim gibi kızlara ikinci kez bakmadığını anlayana dek hiç farkına varmadan âşık olabileceğim tipte bir adamdı. Fakat Bay Popüler, meydan okumayı duyduğunda yüzüme gülmek yerine herkese rol yapmamızı kabul etti. Oyun oynamaya bayılıyordu ve etrafımızdakileri çıldırtmak da şimdiye kadar oynadıklarının en eğlencelisi olacaktı. Onunla zaman geçirdikçe, Conor’ın fan kulübünün bile bilmediği sırları olduğunu keşfettim. Ancak cazibesine karşı koymak neredeyse imkânsızdı. Cesaretle atıldığım bu aptalca oyunun başımda patlaması an meselesiydi.",,,1298646212,https://openlibrary.org/works/OL21028365W,58319724,,openlibrary
9786257432382,Adult / sexual content,review,Adult / sexual content: cinsellik ('cinsellik' in title),cinsellik,6257432383,Bir Müslüman Cinsellik ve Ask'a Nasil Bakmali?,,Kadir Canatan,,,,,Beyan Yayinlari,record,2021,,tr,104,paperback,,"Oct 31, 2021",,,,,,https://openlibrary.org/works/OL26255947W,,,openlibrary; openlibrary
9786257462303,Adult / sexual content,review,Adult / sexual content: erotic ('erotic' in subjects/genres),erotic,6257462304,Ars Amatoria Or The Art Of Love,,Ovid,,,,"Love poetry, Latin; Love-letters; Poetry; Latin Erotic poetry; Latin Didactic poetry; Seduction; Translations into English; Translations into French; Translations into Spanish; Translations into Italian; Incantations; Problems, exercises; Latin Love poetry; Traducciones al español; Poesía; Love poetry; Translations into Russian; Latin literature; Separation (Psychology); Translations into German; Man-woman relationships; Readers; Anthologies; Latin language; Love",Gece Kitapligi,record,2021,,,80,paperback,,,,"Originally published Manchester: Carcanet, 2003.",,,,https://openlibrary.org/works/OL97725W,,,openlibrary
9786257836395,Adult / sexual content,review,Adult / sexual content: cinsellik ('sexuality' in title),sexuality,6257836395,Human Sexuality,,Alfred Adler,,,,,Gece Kitapligi,record,2020,,,63,paperback,,,,,,,,https://openlibrary.org/works/OL26269654W,,,openlibrary
9786257976114,Adult / sexual content,review,Adult / sexual content: sehvet/sevisme ('sevismek' in title),sevismek,6257976111,Oysa Sevismek Için Girmedim Koynuna,,Halil Dinç,,,,,Gece Kitapligi,record,2019,,,152,paperback,,,,,,,,https://openlibrary.org/works/OL24332800W,,,openlibrary
9786257984904,Adult / sexual content,review,Adult / sexual content: prostitution ('fahiseler' in title),fahiseler,6257984904,Fahiseler Sokagi,,Mehmet Ali Güldalli,,,,,Klaros Yayinlari,record,2020,,,112,paperback,,,,,,,,https://openlibrary.org/works/OL24334304W,,,openlibrary
9786257994187,Adult / sexual content,review,Adult / sexual content: erotic ('erotica' in subjects/genres),erotica,6257994187,Visnenin Cinsiyeti,,Jeanette Winterson,,,Literature,"London (England), fiction; Fiction, fantasy, historical; Great Britain in fiction; History; Fiction; Giants; Mothers and sons; English fiction; English literature; Fiction, erotica",Kafka Kitap,record,2021,,tr,176,paperback,,,,Een vrouw en jongen in het 17e eeuwse Engeland blijken zich in bizarre 20e eeuwse fantasieën te bevinden.,823/.914,,,https://openlibrary.org/works/OL1918802W,,,openlibrary; isbndb
9786258401691,Adult / sexual content,review,Adult / sexual content: seks ('seks' in description),seks,6258401694,Gel eve dönelim,,Suat Derviş,,,,,İthaki,record,2022,Istanbul,tur,274,,,"PT, 2022",,"Ka kalantor mteri ona bu evden ayrlmay, bu hayattan uzaklamay teklif etmi, hatta ka erkek onu, tvbekr olduu takdirde nikhla almaya kalkmt. Her defasnda Glten reddetmiti. Bir erkein peine taklp gitmek ha! Hayr, o bunu hayatnda bir tek defa yapmt. Ve bu gidi, onu ite bir umumhaneye kadar srklemiti. Fosforlu Cevriye gibi bir seks iisi Glten. Eskiehir Genelevinin en yal seks iisi. Suat Dervi, Gltenin evkiye olduu ilk genliine gidiyor ve onu stanbul sokaklarndan Eskiehire srkleyen olaylar srasyla anlatyor. Klie bir kt yola dme hikyesi deil bu. Yukarda da syledii gibi, evkiye kurban deil, Glten olmay bir anlamda kendisi seiyor. Suat Derviin 1950 ve 1964 yllarnda iki defa tefrika edilen bu esiz roman, gariptir ki, yazar tarafndan bile hi anlmam. Oysa okuyunca greceksiniz, Suat Derviin en nemli, deerli ve dikkat ekici metinlerinden biri. Karin Karakal da romann hemen ardnda yer alan evkiye-Gltenin nc Douu balkl yazsnda, Hayatn en beklenmedik hamlelerine yer aan Suat Dervi, bize hakiki bir insan hikyesi bahetmi. evkiyeyi ve Glteni, onun mrne san btn bu insanlar tanmak, pek ok farkl hayat ihtimaline iliinden bakma frsat bulmak demek. Bu frsat deerlendirdiimizde misliyle oalacaz. Bir roman bundan daha fazla ne yapsn zaten? diyor.",,,,https://openlibrary.org/works/OL31886366W,,,openlibrary; goodreads
9789750501951,Adult / sexual content,review,Adult / sexual content: cinsellik ('cinsellik' in title),cinsellik,9750501950,Musluman Toplumlarda Kadin ve Cinsellik,,Pinar Ilkkaracan,,,,,Iletisim Yayincilik,record,2003,,tr,280,paperback,,"2nd ed, Istanbul, 2004",,,,,,https://openlibrary.org/works/OL26374053W,,,openlibrary; isbndb; worldcat; nexusstc
9789750508066,Adult / sexual content,review,Adult / sexual content: cinsellik ('cinsellik' in title),cinsellik,9750508068,"Reklam Cekicilikleri - Cinsellik, Mizah, Korku",,Ugur Bakir Muge Elden,,,,,Iletisim Yayinlari,record,2010,,,336,paperback,,,,,,,,https://openlibrary.org/works/OL26374304W,,,openlibrary
9789750510151,Adult / sexual content,review,Adult / sexual content: cinsellik ('cinsellik' in title),cinsellik,9750510151,"Çin işi, japon işi",cinsiyet ve cinsellik üzerine antropolojik değiniler,Tayfun Atay,,,Social sciences,Gender identity; Women; Social conditions; Men; Identity,İletişim,record,2012,Istanbul,tur,152,Paperback,,1. baskı.,,"""'Erkeklik' en ok erkei ezer."" Tayfun Atay'n kitabndaki ilk yazsnn bal, erkeklik meselesinin zn sylyor aslnda! ""Maoluun dayanlmaz arl"" altnda erkek erkein kurdu oluyor. Erkeklik rolnn dayatmalarnn yol at kaslmalar, erkekleri ebedi ergenlere dntryor. Atay, bu ackl olduu kadar actc da olabilen hali tasvir ederken, geleneksel erkeklik rollerinin yeni rolleri de gz atmay ihmal etmiyor: Metrosekseller, gettosekseller, entelsekseller, 'dobrasekseller'... ""Memleketimizden kadn manzaralarna"" bakan geni bir teras da var kitabn.Gzellik imgelerinden ""helal kz"" hayallerine... Dinsellikle cinselliin gerilimli ilikisini (bkz.: Hell Sex Shop!) mercek altna alan yazlar da var; bir trl gerekleemeyen ecinsellik almna karlk bir alm olarak ecinsellie bakan pencereler de var. Kadnlk ve erkeklikle ilgili klieler hakknda, deien erkeklikler ve kadnlklar hakknda, cinsiyet kimliklerinin mulaklklar ve geikenlikleri hakknda, cinsellii yaamann toplumsal mklleri hakknda, capcanl bir kitap.",,HQ1075.5.C6 A83 2012; HQ1075.5.C6 A82 2012,794495684; 830527932,https://openlibrary.org/works/OL23229848W,,,openlibrary; isbndb; goodreads
9789750512810,Adult / sexual content,review,Adult / sexual content: cinsellik ('cinsellik' in title),cinsellik,9750512812,"Cinsellik, Ask ve Olum",,Andre Comte Sponville,,,,,Iletisim Yayincilik,record,2013,,tr,335,paperback,,,,,,,,https://openlibrary.org/works/OL26374488W,,,openlibrary; isbndb
9789750519680,Adult / sexual content,review,Adult / sexual content: porn ('pornographic' in subjects/genres) | Adult / sexual content: seks ('seks' in description) | Adult / sexual content: LoC: erotic/sex instruction ('pornographic films -- -- turkey' in subjects),pornographic; pornographic films -- -- turkey; seks,975051968X,Jet Rejisör Cetin Inanc,,Pinar Ögünç,,,,"İnanç, Çetin, 1941-; Film posters, Turkish; Gangster films -- -- Turkey; Pornographic films -- -- Turkey; Action and adventure films -- -- Turkey; Motion pictures -- -- Turkey -- -- History -- -- 20th century; Motion picture producers and directors",Iletisim Yayinevi,record,2016,,tr,216,paperback,,"PT, 2016",,"Trki Star Wars diye global hrete ulaan tam manasyla bir klt film, Dnyay Kurtaran Adam. Onun ynetmeni etin nan, kovboy filminden edebiyat uyarlamasna, avantrden trkc filmine, din filmden seks komedisine, yz elliye yakn filme imza atm bir sinema emekisi, sinema delisi. B snf denen filmlerin dnyasn anlatyor bu kitapta. O filmlerin kendisi kadar heyecanl, tatl hikyeler... Tevazuyla ve tutkuyla anlatlan bu hayat hikyesi, 60larn bandan 80lerin ortasna, Trkiyede sinema tarihinin mahremine k tutuyor. imdi o dnemki filmciliimiz ktlendiinde iim buruluyor; benim mrm meakkat iinde mutsuz gemi, ona bakan yok. () Sadece ok ahane yemekler yapan, pahal restoranlar m vardr? O zaman ehirdeki btn kuru fasulyecileri kapatn, olur mu? Halkn kuru fasulyeciye ihtiyac vard, hl da var. Yeri geldi, biz de fasulyemizin, yamzn, soanmzn yettii kadar kuru fasulye yaptk ite. Birileri de afiyetle yedi.",,,,https://openlibrary.org/works/OL26339159W,,,openlibrary; goodreads; internet_archive
9789750522932,Adult / sexual content,review,Adult / sexual content: cinsellik ('cinsellik' in title),cinsellik,9750522931,Cin Isi Japon Isi / Cinsiyet ve Cinsellik Üzerine Antropolojik Deginiler,,Tayfun Atay,,,,,Iletisim Yayincilik,record,2018,,,,paperback,,,,,,,,https://openlibrary.org/works/OL26270720W,,,openlibrary
9789750526442,Adult / sexual content,review,Adult / sexual content: prostitution ('fahiselerin' in title),fahiselerin,9750526449,Kibar Fahişelerin İhtişam ve Sefaleti,,Honoré de Balzac,,,,,Iletisim Yayinevi,record,2019,,tr,540,paperback,,,,,,,,https://openlibrary.org/works/OL26270767W,,,openlibrary; google_books
9789750700934,Adult / sexual content,review,Adult / sexual content: seks ('seks' in description),seks,9750700937,Varoşların Buda'sı : roman,,Hanif Kureishi,,,,,Can,record,2001,,tr,,,,"Çağdaş Dünya yazarları, 1. basım, İstanbul, 2001",,"De Boeddha van de buitenwijk. - De zoon van een Engelse moeder en een Indiase vader ontvlucht de saaie Londense buitenwijk voor de wereld van glamour, drugs en seks",,,,,,,worldcat
9789750702259,Adult / sexual content,review,Adult / sexual content: erotic ('erotic' in description),erotic,9750702255,Gu lu nesi as ʹklar,[o yku ler],Milan Kundera,,,,"Social life and customs; Fiction; Czech Short stories; Translations into English; Manners and customs; Continental european fiction (fictional works by one author); Czech Republic in fiction; Czechoslovakia in fiction; Translations into Russian; Czech fiction; Translations into Spanish; Novela checa; Fiction, romance, general; Short stories",CAN,record,2000,[I stanbul],tur,245,Paperback,,"İstanbul, 2000",,"""In one of these stories a young man and his girlfriend pretend that she is a stranger he picked up on the road - only to become strangers to each other in reality as their game proceeds. In another a teacher fakes piety in order to seduce a devout girl, then jilts her and yearns for God. In yet another girls wait in bars, on beaches, and on station platforms for the same lover, a middle-aged Don Juan who has gone home to his wife. Games, fantasies, and schemes abound in all the stories while different characters react in varying ways to the sudden release of erotic impulses.""--Publisher description.",,,225502809,https://openlibrary.org/works/OL10423420W,,,openlibrary; isbndb; worldcat
9789750705243,Adult / sexual content,review,Adult / sexual content: erotic ('erotic' in subjects/genres) | Adult / sexual content: LoC: erotic/sex instruction ('erotic stories' in subjects),erotic; erotic stories,9750705246,Benim Hüzünlü Orospularım,,Gabriel García Márquez,,,,"psychology; sexual behavior; prostitutes; Periodistas; novela; Vejez; Romans; Amours; Adolescentes; Hommes âgés; Latin America Author; Biography; Journalists; Ficción; Old age; Fiction; Erotic stories; Older men; Love stories; Translations from Spanish; Translations into Portuguese; Spanish fiction; Portuguese fiction; Older people; Latin america, fiction",Can,record,2017,"Istanbul, Turkey",tur,110,Paperback,,47. Baski,,"Benim Hüzünlü Orospularım’ın başkişisi, yaşamı boyunca hiçbir kadınla parasını ödemeden sevişmemiş yaşlı bir gazeteci. Yalnızlığının çaresini günlük, sıradan ilişkilerde aramış bu çirkin ve çe­­kingen ihtiyar, 90. yaş gününde kendine hiç alışılmamış bir armağan vermeye kalkışıyor. Eskiden tanıdığı bir genelev patroniçesini arayıp el değmemiş bir genç kızla birlikte olmak istediğini söylüyor. Patroniçe, onun bu isteğini yerine getirecek, ama yaşlı adam her ziyaretinde “uyuyan güzel” Del­ga­di­na’yı seyretmekle yetinmek zorunda kalacak, yaşamının güzünde kendisine böylesi bir oyun oynayan yazgısına boyun eğecek; ne ki bu çok özel ilişkiden o güne değin hiç tatmadığı bir aşk doğacaktır. Source: http://canyayinlari.com/Kitaplar/roman/16570/benim-huzunlu-orospularim",,,,https://openlibrary.org/works/OL468803W,40090722,,openlibrary; isbndb; worldcat
9789750714511,Adult / sexual content,review,Adult / sexual content: prostitution ('fahiselerin' in title),fahiselerin,9750714512,Kibar Fahiselerin Ihtisam ve Sefaleti,,Honoré de Balzac,,,,,Can,record,2012,,tr,688,paperback,,"Can Yayınları, 1.bs, İstanbul, 2012",,,,,,https://openlibrary.org/works/OL26372166W,,,openlibrary; worldcat; google_books; openlibrary
9789750715693,Adult / sexual content,review,Adult / sexual content: erotic ('erotica' in subjects/genres),erotica,9750715691,Lady Chatterley'in Asigi,,D. H. Lawrence,,,,"Sexual behavior; Married women; Adultery; Nobility; Fiction; Classic Literature; Gamekeepers; England; Man-woman relationships, fiction; Aristocracy (Social class); Runaway wives; British and irish fiction (fictional works by one author); Married people, fiction; England, fiction; Fiction, erotica; Great britain, fiction; Large type books; Wives; Fiction, erotica, general; Family; English literature; Mujeres casadas; Novela; Adulterio; Libros audiograbados",Can Yayinlari,record,2012,,,456,paperback,,,,"Ours is essentially a tragic age, so we refuse to take it tragically. The cataclysm has happened, we are among the ruins, we start to build up new little habitats, to have new little hopes. It is rather hard work: there is now no smooth road into the future: but we go round, or scramble over the obstacles. We've got to live, no matter how many skies have fallen.",,,,https://openlibrary.org/works/OL81180W,,,openlibrary
9789750717444,Adult / sexual content,review,Adult / sexual content: erotic ('erotic' in description),erotic,9750717449,Gülünesi Asklar,,Milan Kundera,,,,"Social life and customs; Fiction; Czech Short stories; Translations into English; Manners and customs; Continental european fiction (fictional works by one author); Czech Republic in fiction; Czechoslovakia in fiction; Translations into Russian; Czech fiction; Translations into Spanish; Novela checa; Fiction, romance, general; Short stories",Can Yayinlari,record,2015,,tr,246,paperback,,,,"""In one of these stories a young man and his girlfriend pretend that she is a stranger he picked up on the road - only to become strangers to each other in reality as their game proceeds. In another a teacher fakes piety in order to seduce a devout girl, then jilts her and yearns for God. In yet another girls wait in bars, on beaches, and on station platforms for the same lover, a middle-aged Don Juan who has gone home to his wife. Games, fantasies, and schemes abound in all the stories while different characters react in varying ways to the sudden release of erotic impulses.""--Publisher description.",,,,https://openlibrary.org/works/OL10423420W,,,openlibrary; isbndb
9789750726170,Adult / sexual content,review,Adult / sexual content: erotic ('erotic' in description),erotic,9750726170,Varolmanin Dayanilmaz Hafifligi,,Milan Kundera,,,Literature,"German fiction; Fiction, general; Fiction; Love; Man-woman relationships; Love stories; Identity (Psychology); Surgeons; History; Translations from Czech; Translations into English; Czech fiction; English fiction; Continental european fiction (fictional works by one author); Novela; Relaciones hombre-mujer; Cirujanos; Ficción; Liebesbeziehung; Arzt; Belletristische Darstellung; Large type books; Chang pian xiao shuo; Relaciones Hombre - Mujer; Amor en la literatura",Can Yayinlari,record,2015,,tr,336,paperback,,,,"Interweaves story and dream, past and present, and philosophy and poetry in a sardonic and erotic tale of two couples—Tomas and Teresa, and Sabina and her Swiss lover, Gerhart.",891.8/635,,,https://openlibrary.org/works/OL8972751W,,,openlibrary; isbndb
9789750734588,Adult / sexual content,review,Adult / sexual content: erotic ('erotica' in subjects/genres),erotica,9750734580,Ayrılık Valsi,,Milan Kundera,,,Literature,"Health resorts; Fiction; Continental european fiction (fictional works by one author); Fiction, general; Fiction, erotica, general; Badeort; Liebesbeziehung; Czech fiction; Translations into English; English fiction; Translations from Czech; Social life and customs; Novela checa; Manners and customs; Czech republic, fiction",Can Yayinlari,record,2017,,tr,277,paperback,,,,"In this dark farce of a novel, set in an old-fashioned Central European spa town, eight characters are swept up in an accelerating dance: a pretty nurse and her repairman boyfriend; an oddball gynecologist; a rich American (at once saint and Don Juan); a popular trumpeter and his beautiful, obsessively jealous wife; and unillusioned former political prisoner about to leave his country and his young woman ward. Perhaps the most brilliantly plotted and sheerly entertaining of Milan Kundera's novels, Farewell Waltz poses the most serious questions with a blasphemous lightness that makes us see that the modern world has deprived us even of the right to tragedy. Written in Bohemia in 1969-70, this book was first published (in 1976) in France under the title La valse aux adieux (Farewell Waltz), and later in thirty-four other countries. This beautiful new translation, made from the French text prepared by the novelist himself, fully reflects his own tone and intentions. As such it offers an opportunity for both the discovery and the rediscovery of one of the very best of a great writer's work.",891.8/6354; 891.8/6/35,PG5039.21.U6 V313 1998,,https://openlibrary.org/works/OL13054848W,,,openlibrary; isbndb
9789750742897,Adult / sexual content,review,Adult / sexual content: prostitution ('fahiselerin' in title),fahiselerin,9750742893,Kibar Fahişelerin İhtişam ve Sefaleti,,,,,,,Can Yayınları,record,,,tr,,Paperback,,,,,,,,,,,isbndb
9789750746000,Adult / sexual content,review,Adult / sexual content: erotic ('erotic' in subjects/genres) | Adult / sexual content: erotic ('erotica' in description) | Adult / sexual content: LoC: erotic/sex instruction ('erotic' in subjects),erotic; erotica,9750746007,Üvey Anneye Övgü,,Mario Vargas Llosa,Celâl Üster,,,"erotic; morality; sexuality; family; Stiefmutter; Liebesbeziehung; Sohn; Belletristische Darstellung; Fiction, general; Stepmothers; Fiction; Fiction (fictional works by one author); Peruvian fiction",Can,record,2020,"İstanbul, Türkiye",tur,133,Paperback,,,spa,"*Elogio de la madrastra* es una novela erótica del escritor peruano Mario Vargas Llosa, ganador del Premio Nobel de Literatura en 2010. Publicada en 1988, se centra en una pareja sexualmente abierta cuyas fantasías los llevan al límite de la moralidad. Está dedicada al director de cine español Luis García Berlanga. ---------- *In Praise of the Stepmother* is an erotic novel by Peruvian writer Mario Vargas Llosa, winner of the Nobel Prize in Literature in 2010. Published in 1988, it is about a sexually open couple whose fantasies lead them to the edge of morality. The book is dedicated to Spanish film director Luis García Berlanga. The English translation published in 1990 was done by Helen Lane.",,,,https://openlibrary.org/works/OL857575W,56580730,,openlibrary
9789750804298,Adult / sexual content,review,Adult / sexual content: erotic ('erotica' in subjects/genres) | Adult / sexual content: LoC: erotic/sex instruction ('erotica -- turkey' in subjects) | Adult / sexual content: LoC: erotic/sex instruction ('erotica' in subjects),erotica; erotica -- turkey,9750804295,Erotologya?,bir Türkiye erotologya'sına giriş için denemeler : deneme,Hulki Aktunç,,,Social sciences,Sex customs -- Turkey -- History; Sex -- Turkey -- History; Turks -- Sexual behavior -- History; Erotica -- Turkey; Erotica; History; Sex; Sex customs; Sexual behavior; Turks,YKY,record,2002,İstanbul,tur,251,Paperback,Edebiyat; 449; Edebiyat (Yapı Kredi Yayınları (Firm)),1. baskı.,,,,HQ18.T9 A39 2002,53360572,https://openlibrary.org/works/OL4271068W,,,openlibrary; isbndb
9789750805516,Adult / sexual content,review,Adult / sexual content: sehvet/sevisme ('sevisme' in title),sevisme,9750805518,Şimdi sevişme vakti ve diğer şiirleri,,Sait Faik,,,,,Yapı Kredi Yayınları,record,2003,,tr,,,,"Yapı Kredi Yayınları, 1796, 2. baskı, İstanbul, 2003",,,,,,,,,worldcat
9789750818424,Adult / sexual content,review,Adult / sexual content: cinsellik ('cinsellik' in title),cinsellik,9750818423,Kızıl kraliçe : cinsellik ve insan doğasının evrimi,,Matt Ridley,,,,,YKY' 2010,record,2010,,tr,,,,"Yapı Kredi yayınları, İstanbul, 2010",,,,,,,,,worldcat
9789750833816,Adult / sexual content,review,Adult / sexual content: erotic ('erotica' in subjects/genres),erotica,9750833813,Otel Francfort,,David Leavitt,,,,"Fiction, erotica; Fiction, historical; Portugal, fiction; Man-woman relationships, fiction; Man-woman relationships; Life change events; Marital conflict; Fiction; Modern & contemporary fiction (post c 1945); General; World war, 1939-1945, fiction; Lisbon (portugal), fiction; LGBTQ historical fiction; Stonewall Book Awards; Roman; Amerikanisches Englisch; Englisch; Ferro-Grumley Award for LGBTQ Fiction Finalist",Yapi Kredi Yayinlari,record,2015,,tr,240,paperback,,,,"""It is the summer of 1940, and Lisbon, Portugal, is the only neutral port left in Europe--a city filled with spies, crowned heads, and refugees of every nationality, tipping back absinthe to while away the time until their escape. Awaiting safe passage to New York on the SS Manhattan, two couples meet: Pete and Julia Winters, expatriate Americans fleeing their sedate life in Paris; and Edward and Iris Freleng, sophisticated, independently wealthy, bohemian, and beset by the social and sexual anxieties of their class""--Dust jacket flap.",,,,https://openlibrary.org/works/OL17081002W,,,openlibrary; isbndb
9789750842320,Adult / sexual content,review,Adult / sexual content: obscene ('obscenity' in description),obscenity,9750842324,7 günah,Bir bürokratin 24 saati. [Exhibition catalogue].,CEMAL EREZ,,,Fine arts,Exhibitions; Deadly sins in art; Civil service; Pictorial works; Turkish Drawing; Turkish Painting,YKY,record,2018,,tr,148,paperback,,"Yapı Kredi Yayınları, Beyoğlu, İstanbul, 2018",,"Yapı Kredi Cultural Art hosts the exhibition of Cemal Erez's two exhibitions, ""Seven Sins"" and ""24 Hours of a Bureaucrat"". Erez reveals the seven existing human behaviors such as lust, stinginess, laziness, obscenity, jealousy, arrogance, and anger in his ""Seven Sins"" exhibition with graphic and animated backgrounds. The second exhibition on the same floor, ""24 hours of a bureaucrat"", examines 24 hours of a bureaucrat. Using a mixture of oil paintings and ink drawings, Erez creates a universe of bureaucrats by reassembling fragmented figures to form grotesque bodies. The artist conceived the series living between Paris and Istanbul from 2002 to 2010, and then produced them in the last three years at his studio in Istanbul",,N7173.E749 A4 2018,1052468016,https://openlibrary.org/works/OL26272113W,,,openlibrary; worldcat; google_books
9789750847967,Adult / sexual content,review,Adult / sexual content: seks ('seksi' in description),seksi,9750847962,Wonder Woman Cilt 2 - Yeni Dünya,,Grant Morrison,,,,"Comics & graphic novels, science fiction; Wonder woman (fictitious character), fiction",Yapi Kredi Yayinlari,record,2020,,tr,136,paperback,,"US, 2020",,"Paperback. 16,00 / 24,00 cm. In Turkish. 136 p. Translated by Anil Bilge Edited by Hazel Bilgen Ills. / Photos by Yanick Paquette Wonder Yeni Dnya Cilt 1 iin vgler ""izgi romanin altin agindan gelen konseptlerle modern temalarin grkemli birlesimi... Bu kitap bazi ynleri az bilinen bir efsaneyi yeniden tanimliyor."" - Publishers Weekly ""Bu simdiye kadarki en karmasik, en gl ve kendine gveniyle en seksi Wonder Woman."" - Booklist (Yildizli Elestiri) ""Morrison, Paquette ve Fairbairn karaktere byleyici bir gncelleme yapiyorlar ve onun hikyesine harikalarla dolu bir gereklik katiyorlar."" - A.V. Club / The Onion ""Yanick Paquette'in izimleri Diana ve Amazonlarin aika grnen zgvenlerine bir vg."" - Paste ""Wonder Woman'a uzun zamandir getirilen en tatmin edici yorum."" - IGN Kitleler onu seviyor... Iktidar sahipleriyse ondan korkuyor Grant Morrison ve Yanick Paquette'ten olusan ve byk vg alan yaratici ekip, New York Times ok satan listesinde bir numaraya ikan orijinal grafik romanin sabirsizlikla beklenen devami Wonder Yeni Dnya Cilt 2'yi sunar! Prenses Diana, hayati boyunca bildigi tek evi olan Cennet Adasi'nin sahillerinin tesindeki dnyada macera pesinde kosmayi arzulamisti. Hava Kuvvetleri pilotu Steve Trevor ile kaderlerinde yazili olan karsilasmalarinin ardindan Amazon Savasi kendini Erkeklerin Dnyasi'nda bulmustu ve karsisina ikabilecek her trl glge karsi hazirdi. Ama ya dnya Wonder Woman'a hazir miydi? Diana'ya yabanci olan ihtilaf ve ekismeler iine gmlms Amerikan hkmeti onu topluma",,,,https://openlibrary.org/works/OL20174536W,,,openlibrary; goodreads
9789750849404,Adult / sexual content,review,Adult / sexual content: prostitution ('fahiseleri' in title),fahiseleri,975084940X,Baskomser Nevzat Tapinak Fahiseleri,,"Ümit, Ahmet; Gülgec, Ismail",,,,,Yapi Kredi Yayinlari,record,2021,,,,paperback,,,,,,,,https://openlibrary.org/works/OL26356710W,,,openlibrary
9789750857096,Adult / sexual content,review,Adult / sexual content: prostitution ('fahiseleri' in title),fahiseleri,9750857097,Tapınak fahişeleri,,Ahmet Ümit,,,,,Yapı Kredi Yayınları,record,2023,,tr,,,,"İstanbul, 2023",,"Tegneserie. Politikommisær Nevzat sammen med sine assistenter, kommissær Ali og kriminolog Zeynep, kommer ansigt til ansigt med, hvad folk kan gøre for at beskytte deres kærlighed og ære",,,,,,,worldcat
9789751003997,Adult / sexual content,review,Adult / sexual content: cinsellik ('cinsellik' in title),cinsellik,9751003997,Ayni Esle Yillar Boyu Mutlu Cinsellik,,Dagmar O'Connor,,,,,Inkilap Kitabevi,record,2015,,tr,,Unknown Binding,,2015,,,,,,,,,isbndb; isbndb
9789751004062,Adult / sexual content,review,Adult / sexual content: erotic ('erotic' in subjects/genres),erotic,9751004063,Yildiz hayalleri.,,June Flaum Singer,,,,"Fiction; Motion picture industry; Fiction, general; Fiction, romance, erotic",Inkilap Kitabevi,record,1992,Istanbul,tur,,,,,,,,,221805588,https://openlibrary.org/works/OL3908220W,,,openlibrary
9789751017598,Adult / sexual content,review,Adult / sexual content: sehvet/sevisme ('sevismenin' in title),sevismenin,9751017599,Sevismenin Rengi,,Füsun Önal,,,,,Inkilap Kitabevi,record,2001,,tur,250,paperback,,,,,,,49258236,https://openlibrary.org/works/OL26272379W,,,openlibrary; google_books
9789751030108,Adult / sexual content,review,Adult / sexual content: prostitution ('fahisenin' in title),fahisenin,9751030102,Bir Fahisenin Anilari,,Francesca Petrizzo,,,,,Sayfa 6,record,2011,,,238,paperback,,,,,,,,https://openlibrary.org/works/OL24332489W,,,openlibrary
9789751032553,Adult / sexual content,review,Adult / sexual content: cinsellik ('cinsellik' in title),cinsellik,9751032555,Cinsellik Rehberiniz,,Kagan Kocatepe,,,,,Inkilap Kitabevi,record,2012,,tr,102,paperback,,,,,,,,https://openlibrary.org/works/OL26357493W,,,openlibrary; isbndb
9789751403124,Adult / sexual content,review,Adult / sexual content: cinsellik ('cinsellik' in title) | Adult / sexual content: LCC HQ21-32 (sex instruction) ('hq31 .b37 1996' in lcc),cinsellik; hq31 .b37 1996,975140312X,Evlilikte cinsellik,,Dorothy Walter Baruch,,,Social sciences,Sex in marriage; Evlilikte Cinsellik,Remzi,record,1996,İstanbul,tur,220,,,3.bs.,,,,HQ31 .B37 1996,850754148,https://openlibrary.org/works/OL19848738W,,,openlibrary
9789751411235,Adult / sexual content,review,Adult / sexual content: seks ('seks' in description),seks,9751411238,Leyla'nin Evi,,Zülfü Livaneli,,,,,Remzi Kitabevi,record,2018,,en_US,250,paperback,,34,,"Kimi zaman bir savaş bir kentin, bir ülkenin kaderini değiştirir, kimi zaman bir tek kişi koca bir ailenin ... Leyla: Yalılarda doğmuş büyümüş bir paşazade, bir Osmanlı soylusu ... Ali Yekta: Uşaklık kaderini değiştirme ihtirasıyla yanıp tutuşan bir İstanbullu ... Rukiye-Roxy: Almanya'da doğmuş, seks modelliği yapmış bir hip-hop'çı.. Livaneli, birbirini hiç tanımayan bu üç ayrı kişiliğin yaşamını, bir 'İstanbul romanı'nda birleştiriyor. Kentlisi-köylüsü, varsılı-yoksulu, din hocası, söz sahibi bankacısı, gazetecisi ... Her birinin bir nedenle ötekinin yaşamına girdiği, onu değiştirdiği, günümüz Türkiyesi ... Ve bir roman kahramanı gibi öne çıkan pırıltılı Boğaziçi'nde, Bosnalılar Yalısı'nın ilginç dünyası ... Leyla'nın Evi, dünyada sadece yaptığı müzikle değil, çeşitli dillere çevrilen, sinemaya aktarılan ve ödül alan kitaplarıyla da tanınan Livaneli'nin Mutluluk'tan sonraki romanı",,,,https://openlibrary.org/works/OL26272782W,,,openlibrary; isbndb; worldcat
9789752112032,Adult / sexual content,review,Adult / sexual content: erotic ('erotic' in description),erotic,975211203X,Bir Geysanin Anilari,,Arthur Golden,,,Literature,"Social life and customs; Literature; Open Library Staff Picks; Prostitution; Fiction; Historical fiction; Geishas; Women; History; Fictional Works Publication Type; Japan; Historia; Mujeres; Ficción; Japan, fiction; Fiction, historical; Large type books; Fiction, historical, general; Social conditions; Reading Level-Grade 11; Reading Level-Grade 12; Mœurs et coutumes; Histoire; Manners and customs; American fiction",Altin Kitaplar,record,2006,,,,paperback,,,,"A literary sensation and runaway bestseller, this brilliant debut novel tells with seamless authenticity and exquisite lyricism the true confessions of one of Japan's most celebrated geisha.Speaking to us with the wisdom of age and in a voice at once haunting and startlingly immediate, Nitta Sayuri tells the story of her life as a geisha. It begins in a poor fishing village in 1929, when, as a nine-year-old girl with unusual blue-gray eyes, she is taken from her home and sold into slavery to a renowned geisha house. We witness her transformation as she learns the rigorous arts of the geisha: dance and music; wearing kimono, elaborate makeup, and hair; pouring sake to reveal just a touch of inner wrist; competing with a jealous rival for men's solicitude and the money that goes with it. In Memoirs of a Geisha, we enter a world where appearances are paramount; where a girl's virginity is auctioned to the highest bidder; where women are trained to beguile the most powerful men; and where love is scorned as illusion. It is a unique and triumphant work of fiction--at once romantic, erotic, suspenseful--and completely unforgettable.From the Trade Paperback edition.",813/.54,,,https://openlibrary.org/works/OL1856675W,,,openlibrary
9789752123144,Adult / sexual content,review,Adult / sexual content: obscene ('obscene' in description),obscene,9752123147,Sis,,Stephen King,,,,American Horror tales; nested narrative; Novellas; alcoholism; anecdotes; diaries; heroin; cruise ships; islands; insanity; self-cannibalism; amputation; anesthesia; drooling; free verse poetry; horror; arsenic; cyanide; CIA; FBI; Prohibition; racketeers; blackmail; Horror short story; teleportation,Altin Kitaplar,record,2017,,tr,640,paperback,,,,"From the Flap: The Master at his scarifying best! From heart-pounding terror to the eeriest of whimsy--tales from the outer limits of one of the greatest imaginations of our time! Evil that breathes and walks and shrieks, brave new worlds and horror shows, human desperation bursting into deadly menace--such are the themes of these astounding works of fiction. In the tradition of Poe and Stevenson, of Lovecraft and The Twilight Zone, Stephen King has fused images of fear as old as time with the iconography of contemporary American life to create his own special brand of horror--one that has kept millions of readers turning the pages even as they gasp. In the book-length story ""The Mist,"" a supermarket becomes the last bastion of humanity as a peril beyond dimension invades the earth. . . Touch ""The Man Who Would Not Shake Hands,"" and say your prayers . . . There are some things in attics which are better left alone, things like ""The Monkey"" . . . The most sublime woman driver on earth offers a man ""Mrs. Todd's Shortcut"" to paradise . . . A boy's sanity is pushed to the edge when he's left alone with the odious corpse of ""Gramma"" . . . If you were stunned by Gremlins, the Fornits of ""The Ballad of the Flexible Bullet"" will knock your socks off . . . Trucks that punish and beautiful teen demons who seduce a young man to massacre; curses whose malevolence grows through the years; obscene presences and angels of grace--here, indeed, is a night-blooming b",,,,https://openlibrary.org/works/OL81627W,,,openlibrary; isbndb
9789752486744,Adult / sexual content,review,Adult / sexual content: cinsellik ('cinsellik' in title),cinsellik,9752486746,Erkek Cinsellik Istemezse; Cinsel Istek ve Seksofonksiyonel Tedavi Yaklasimi Vaka Uygulamali Biblioterapi,,Ertugrul Tas Mustafa Çaglar,,,,,Kirmizi Çati Yayinlari,record,2020,,,192,paperback,,,,,,,,https://openlibrary.org/works/OL26361406W,,,openlibrary
9789752486751,Adult / sexual content,review,Adult / sexual content: cinsellik ('cinsel terapi' in title),cinsel terapi,9752486754,Vajinismus; Vaka Uygulamali Seksofonksiyonel Cinsel Terapi Yaklasimi Biblioterapi,,Ertugrul Tas,,,,,Kirmizi Çati Yayinlari,record,2020,,,152,paperback,,,,,,,,https://openlibrary.org/works/OL26274397W,,,openlibrary
9789752553026,Adult / sexual content,review,Adult / sexual content: sehvet/sevisme ('sevismek' in title),sevismek,9752553028,Kelimelerle sevişmek,,,,,,,IQ Kültür Sanat Yayıncılık,isbn_prefix,,,tr,,,,,,,,,,,,,google_books
9789752693234,Adult / sexual content,review,Adult / sexual content: cinsellik ('cinsellik' in title),cinsellik,9752693237,Gencligin Cinsellik Imtihani,,M.Ali Seyhan,,,,,Nesil Yayinlari,record,2017,,,,paperback,,,,,,,,https://openlibrary.org/works/OL26362472W,,,openlibrary
9789752751491,Adult / sexual content,review,Adult / sexual content: cinsellik ('cinsellikte' in title),cinsellikte,9752751490,Cinsellikte Tanriyi Bulmak,,David Deida,,,,,Kuraldisi Yayinlari,record,2017,,,,paperback,,,,,,,,https://openlibrary.org/works/OL26362910W,,,openlibrary
9789752754324,Adult / sexual content,review,Adult / sexual content: cinsellik ('cinsel sorunlar' in title),cinsel sorunlar,9752754325,Cinsel Sorunlar,"Yaşanmış Örnekler, Pratik Öneriler, Uygulamalar",Vicki Ford,,,,,Kuraldışı Yayınları,record,2019,,,320,paperback,,,,,,,,https://openlibrary.org/works/OL26363068W,,,openlibrary
9789752895980,Adult / sexual content,review,Adult / sexual content: porn ('pornoverzamelaars' in description),pornoverzamelaars,9752895980,Kosan Kopek,,Don DeLillo,,,,,Everest Yayinlari,record,2015,,tr,,paperback,,"1. basım, İstanbul, 2009",,Geruchten rond het bestaan van een seksfilm uit de laatste dagen van Hitler beroeren het milieu van kunst- en pornoverzamelaars. NL-ZmNBD,,,719958335,https://openlibrary.org/works/OL26275347W,,,openlibrary; worldcat; google_books; internet_archive
9789752899445,Adult / sexual content,review,Adult / sexual content: prostitution ('fahiseleri' in title),fahiseleri,9752899447,Baskomiser Nevzat - Tapinak Fahiseleri,,Ahmet Umit,,,,,Everest Yayinlari,record,2011,,tr,81,paperback,,,,,,,,https://openlibrary.org/works/OL26363690W,,,openlibrary; isbndb
9789752934511,Adult / sexual content,review,Adult / sexual content: cinsellik ('cinsellik' in title),cinsellik,975293451X,Türkiye'nin en kapsamlı cinsellik araştırması,Türkiye cinselliğini konuşuyor,Emel Armutçu,,,,Sex; Sex customs; Sexual ethics; Man-woman relationships; Gender identity; Social life and customs; Interviews,"Hürriyet, Doğan Kitapçılık",record,2006,İstanbul,tur,210,,,1. baskı.,,,,,190847480,https://openlibrary.org/works/OL33167006W,,,openlibrary; hathitrust
9789752976603,Adult / sexual content,review,Adult / sexual content: cinsellik ('cinsellik' in title),cinsellik,9752976603,Türkiye'de cinsellik,,Akif Poroy,,,Social sciences,Sex; Turks; Sexual behavior; Sexism,Alfa; Alfa Yayincilik,record,2005,İstanbul,tur,321,Paperback,Alfa yayınları -- 1624; İnceleme araştırma -- 15,1. basım.,,Akif Poroy. 1624--t.p. Verso. Includes Bibliographical References.,,HQ18.T8 P67 2005; HQ 18.T8 P67 2005,63107834,https://openlibrary.org/works/OL23993292W,,,openlibrary; isbndb
9789752978201,Adult / sexual content,review,Adult / sexual content: cinsellik ('cinsel yasam' in title),cinsel yasam,9752978207,Yatak Odasi Diyaloglari - Monotonlasmis Cinsel Yasam Komedisi,,Birol Guven,,,,,Alfa Yayincilik,record,2022,,tr,,Paperback,,14,,,,,,,,,isbndb
9789752980914,Adult / sexual content,review,Adult / sexual content: cinsellik ('cinsellik' in title),cinsellik,9752980910,Tarihte Cinsellik,,Reay Tannahill,,,,,Dost Kitabevi,record,2016,,tr,,paperback,,"Nov 03, 2016",,,,,,https://openlibrary.org/works/OL26363981W,,,openlibrary; isbndb; openlibrary
9789753169264,Adult / sexual content,review,Adult / sexual content: sex ('sex' in title),sex,9753169264,Sex and the city,,Candace Bushnell,,,,"Fiction, general; Social life and customs; Costumbres sexuales; Man-woman relationships; Relaciones hombre-mujer; Vida social y costumbres; Fiction; Dating (Social customs); Citas amorosas; Sex customs; Partnerwahl; Alleinstehende Frau; Manners and customs; Emotions in children; Parent and child; Neuroses; Primal therapy; New york (n.y.), social life and customs; New york (state), social life and customs; Popular culture, united states; Literature and fiction (general)",Everest,record,2001,,tur,272,,,,,"A chronicle of the mating habits and rituals of America's cultural elite offers a look at topics including sex clubs, suburban sexuality, and celebrity affairs.",,,50948066,https://openlibrary.org/works/OL2663525W,,,openlibrary
9789753220514,Adult / sexual content,review,Adult / sexual content: cinsellik ('cinsellikle' in title),cinsellikle,9753220510,Cinsellikle Ilgili Merak Ettikleriniz,,James Clerk Maxwell,,,,,Sistem Yayincilik,record,2012,,tr,,paperback,,"Nov 03, 2012",,,,,,https://openlibrary.org/works/OL26364576W,,,openlibrary; openlibrary
9789753290814,Adult / sexual content,review,Adult / sexual content: sehvet/sevisme ('sevismenin' in title),sevismenin,9753290810,Sevismenin 365 Yolu,,Rob Sperry,,,,,Oglak Yayincilik,record,2015,,,,paperback,,,,,,,,https://openlibrary.org/works/OL26364720W,,,openlibrary
9789753295208,Adult / sexual content,review,Adult / sexual content: prostitution ('fahise' in title),fahise,9753295200,Kor Fahise Bicagi,,Cagan Dikenelli,,,,,Oglak Yayincilik,record,2006,,,244,paperback,,,,,,,69249237,https://openlibrary.org/works/OL26275927W,,,openlibrary
9789753317382,Adult / sexual content,review,Adult / sexual content: sehvet/sevisme ('sevisme' in title),sevisme,9753317387,Sevişme gerginliği,,Ozanser Uǧurlu,,,Language & literature,,Epsilon Yayıncılık Hizmetleri Tic. San. Ltd. Şti,record,2005,İstanbul,tur,301,,,1. baskı.,,,,PL248.U45 S48 2005,62124366,https://openlibrary.org/works/OL42465334W,,,openlibrary
9789753331630,Adult / sexual content,review,Adult / sexual content: erotic ('erotic' in description),erotic,9753331630,Batinin Cinsel Kiyisi,,Irvin Cemil Schick,,,,,Tarih Vakfi,record,2013,,tr,250,paperback,,2001,,"Informed By The Recent Literature On Human Geography As Well As Feminist And Postcolonial Theory, The Erotic Margin Focusses On Erotica And Sexual Anthropology As Well As Travel Literature In Which, From The Eighteenth Century On, Both Traveler And Destination Were Portrayed In Unmistakably Gendered And Sexualized Terms. Reviewing Examples Ranging From The New World To India, The Near East To Black Africa, And The South Sea Islands To The Barbary Coast, The Book Reflects On Why Foreign Women Were Variously Portrayed As Alluring Or Threatening, Foreign Men As Effeminate Weaklings Or Dangerous Rapists, And Foreign Lands As Sexual Idylls Or Hearts Of Darkness.",,,,https://openlibrary.org/works/OL26365078W,,,openlibrary; isbndb; nexusstc
9789753423649,Adult / sexual content,review,Adult / sexual content: prostitution ('fahiseligin' in title),fahiseligin,9753423640,Fahişeliğin öbür yüzü,on beş kadının tanıklığı,Fügen Yıldırım,,,Social sciences,Prostitution -- Turkey; Prostitutes -- Turkey; Prostitutes; Prostitution; Prostitution--Turkey; Prostitutes--Turkey,Metis Yayınları,record,2002,"Beyoğlu, İstanbul",tur,153,Paperback,Siyahbeyaz dizisi; 38; Metis güncel,İlk basım.,,Prostitution; prostitutes; Turkey.,,HQ231.93.A5 Y45 2002; HQ231.93.A5 Y543 2002,50413459,https://openlibrary.org/works/OL6008063W,,,openlibrary; isbndb; openlibrary
9789753426879,Adult / sexual content,review,Adult / sexual content: erotic ('erotic' in description),erotic,9753426879,Icimizdeki Maymun,,Frans de Waal,,,Philosophy & psychology,"Nonfiction; Science; Human behavior; Chimpanzees; Comparative Psychology; Behavior; Bonobo; Animal behavior; Psychology, comparative; Primates, behavior; 42.84 mammals; 70.10 multidisciplinary fields of interest in the social sciences; Chimpansees; Bonobo's; Ethologie; Philosophical anthropology; Developmental psychology; Homme; Animalité; Chimpanzés; Moeurs et comportement; Chimpanzé; Mœurs et comportement; Chimpanzé nain; Comportement humain",Metis Yayincilik,record,2008,,tr,264,paperback,,,,"It's no secret that humans and apes share a host of traits, from the tribal communities we form to our irrepressible curiosity. We have a common ancestor, scientists tell us, so it's natural that we act alike. But not all of these parallels are so appealing: the chimpanzee, for example, can be as vicious and manipulative as any human.Yet there's more to our shared primate heritage than just our violent streak. In Our Inner Ape, Frans de Waal, one of the world's great primatologists and a renowned expert on social behavior in apes, presents the provocative idea that our noblest qualities—generosity, kindness, altruism—are as much a part of our nature as are our baser instincts. After all, we share them with another primate: the lesser-known bonobo. As genetically similar to man as the chimpanzee, the bonobo has a temperament and a lifestyle vastly different from those of its genetic cousin. Where chimps are aggressive, territorial, and hierarchical, bonobos are gentle, loving, and erotic (sex for bonobos is as much about pleasure and social bonding as it is about reproduction).While the parallels between chimp brutality and human brutality are easy to see, de Waal suggests that the conciliatory bonobo is just as legitimate a model to study when we explore our primate heritage. He even connects humanity's desire for fairness and its morality with primate behavior, offering a view of society that contrasts markedly with the caricature people have of Darwinian evolution. It's pla",156,QL737.P96 W3214 2005,,https://openlibrary.org/works/OL273153W,,,openlibrary; isbndb
9789753427357,Adult / sexual content,review,Adult / sexual content: cinsellik ('cinsellik' in title),cinsellik,9753427352,Gorme ve Cinsellik,,Jacqueline Rose,,,,,Metis Yayincilik,record,2010,,tr,248,paperback,,"İstanbul, 2010",,,,,,https://openlibrary.org/works/OL26276350W,,,openlibrary; worldcat
9789753428699,Adult / sexual content,review,Adult / sexual content: cinsellik ('cinsellik' in title),cinsellik,9753428693,Cinsellik muamması,Türkiye'de Queer kültür ve muhalefet,Cüneyt Çakırlar; Serkan Delice,,,Social sciences,Sex; Social aspets; Queer theory; Homosexuality; Gay liberation movement; Gender identity in literature; Social aspects,Metis,record,2012,"Beyoğlu, İstanbul",tur,588,Paperback,,1. basım.,,,,HQ76.3.T9 C56 2012,811760570,https://openlibrary.org/works/OL23194027W,,,openlibrary; isbndb; worldcat; nexusstc
9789753433860,Adult / sexual content,review,Adult / sexual content: prostitution ('genelevde' in title),genelevde,9753433867,Genelevde Yas,,Irfan Yalcin,,,,,Kaynak Yayinlari,record,2015,,tr,,paperback,,"Nov 04, 2015",,,,,,https://openlibrary.org/works/OL26365854W,,,openlibrary; openlibrary
9789753434348,Adult / sexual content,review,Adult / sexual content: prostitution ('fahiseligi' in title),fahiseligi,9753434340,Bereket Kultu ve Mabet Fahiseligi,,Muazzez Ilmiye Cig,,,,,Kaynak Yayinlari,record,2005,,tr,88,paperback,,"Kaynak yayınları, 5. ed, İstanbul, 2008",,,,,,https://openlibrary.org/works/OL26365855W,,,openlibrary; isbndb; worldcat
9789753525404,Adult / sexual content,review,Adult / sexual content: erotic ('erotismo' in description),erotismo,9753525400,Tula Teyze,,Miguel de Unamuno,Beyza Fırat Flores González,,,fiction; Spanish language; novela española; novela; mujeres; women; literatura española; Continental european fiction (fictional works by one author); families; aunts; stepmothers; familia; amor maternal; madrastras; family; motherhood; maternity; tías; Reading materials; European fiction; Spanish fiction; feminism; maternal love; Generación del 98; Readers,Pınar Yayınları,record,2020,"İstanbul, Türkiye",tur,152,Paperback,,,spa,"Esta novela narra la vida de Gertrudis, también llamada la Tía Tula, y los sacrificios que realiza durante su vida para satisfacer sus ansias de maternidad. Una de las novelas más conocidas de Unamuno, comparte con otras de sus obras el estilo y las preocupaciones habituales del autor, aunque incluye como factor diferencial un erotismo sutil. La trama de la novela se sustenta en la práctica antropológica del levirato y el sororato en un contexto de represión sexual. Tiene como tema principal el amor maternal.",,,,https://openlibrary.org/works/OL503512W,57731395,,openlibrary
9789753635103,Adult / sexual content,review,Adult / sexual content: obscene ('obscenities' in description),obscenities,9753635109,Karisini Sapka Sanan Adam,,Oliver Sacks,,,Technology & applied sciences,"Neurology -; Anecdotes; Neurology; Nervous system; Mental Disorders; Psychology, pathological; Emoties; Neurologie; Cognitie; Synesthesie; Psychoanalysis; Pathological Psychology; Large type books; nyt:science=2015-10-11; New York Times bestseller; New York Times reviewed; Neurologische aspecten; Neurologische aandoeningen; Casussen; Neuropsychiatrie; Personnes atteintes de lésions cérébrales; Malades mentaux; Études de cas; Encéphalopathies; Manifestations neurologiques",Yapi Kredi Yayinlari,record,2003,,tr,262,paperback,,,,"In his most extraordinary book, “one of the great clinical writers of the twentieth century” *(The New York Times)* recounts the case histories of patients lost in the bizarre, apparently inescapable world of neurological disorders. Oliver Sacks’s *The Man Who Mistook His Wife for a Hat* tells the stories of individuals afflicted with fantastic perceptual and intellectual aberrations: patients who have lost their memories and with them the greater part of their pasts; who are no longer able to recognize people and common objects; who are stricken with violent tics and grimaces or who shout involuntary obscenities; whose limbs have become alien; who have been dismissed as retarded yet are gifted with uncanny artistic or mathematical talents. If inconceivably strange, these brilliant tales remain, in Dr. Sacks’s splendid and sympathetic telling, deeply human. They are studies of life struggling against incredible adversity, and they enable us to enter the world of the neurologically impaired, to imagine with our hearts what it must be to live and feel as they do. A great healer, Sacks never loses sight of medicine’s ultimate responsibility: “the suffering, afflicted, fighting human subject.”",616.8,,,https://openlibrary.org/works/OL1811898W,,,openlibrary; isbndb
9789753637671,Adult / sexual content,review,Adult / sexual content: erotic ('erotica' in subjects/genres),erotica,9753637675,Lady Chatterley'in Sevgilisi,,D. H. Lawrence,,,,"Sexual behavior; Married women; Adultery; Nobility; Fiction; Classic Literature; Gamekeepers; England; Man-woman relationships, fiction; Aristocracy (Social class); Runaway wives; British and irish fiction (fictional works by one author); Married people, fiction; England, fiction; Fiction, erotica; Great britain, fiction; Large type books; Wives; Fiction, erotica, general; Family; English literature; Mujeres casadas; Novela; Adulterio; Libros audiograbados",Yapi Kredi Yayinlari,record,2008,,tr,392,paperback,,,,"Ours is essentially a tragic age, so we refuse to take it tragically. The cataclysm has happened, we are among the ruins, we start to build up new little habitats, to have new little hopes. It is rather hard work: there is now no smooth road into the future: but we go round, or scramble over the obstacles. We've got to live, no matter how many skies have fallen.",,,,https://openlibrary.org/works/OL81180W,,,openlibrary; isbndb
9789753660457,Adult / sexual content,review,Adult / sexual content: cinsellik ('cinsellik' in title),cinsellik,9753660456,Müslüman toplumlarda erkekler arası cinsellik ve erotizm,,Arno Schmitt; Jehoeda Sofer,,,,,Kavram,record,1995,,tr,,,,"1. basım, İstanbul, 1995",,,,,,,,,worldcat
9789753850100,Adult / sexual content,review,Adult / sexual content: prostitution ('fahiseler' in title),fahiseler,9753850107,Kibar Fahiseler (2 Cilt Takim),,Honore de Balzac,,,,Travel; Middle East,"Oda Publications, Istanbul",record,1990,,tr,,,,,,,,,,,,,isbndb
9789753854375,Adult / sexual content,review,Adult / sexual content: cinsellik ('cinsellik' in title),cinsellik,9753854374,Cinsellik Üzerine,,Sigmund Freud,,,,,Oda Yayinlari,record,2017,,tr,120,paperback,,,,,,,,https://openlibrary.org/works/OL26268102W,,,openlibrary; isbndb
9789753860703,Adult / sexual content,review,Adult / sexual content: erotic ('eroticism' in subjects/genres) | Adult / sexual content: LoC: erotic/sex instruction ('eroticism in literature' in subjects) | Adult / sexual content: LoC: erotic/sex instruction ('erotica' in subjects),erotica; eroticism; eroticism in literature,9753860706,Sanat ve erotizm,sanat ve insan,Abdullah Rıza Ergüven,,,,Eroticism in literature; Erotica; Sex in art; Love in art,Yaba Yayınları,record,1988,Ankara,tur,184,,Yaba Yayınları -- 37. -- İnceleme / Bilim dizisi -- 8; Yaba yayınları (Series) -- 37; Yaba yayınları (Series) -- 8,1. basım.,,,,,567588858,https://openlibrary.org/works/OL33311767W,,,openlibrary
9789753881173,Adult / sexual content,review,Adult / sexual content: cinsellik ('cinsellik' in title),cinsellik,9753881177,Cinsiyetler arasında işbirliği,"kadın-erkek, aşk-evlilik ve cinsellik üzerine yazılar",Alfred Adler,,,Philosophy & psychology,Sexualverhalten; Individualpsychologie,Payel,record,1999,Istanbul,tur,156,Paperback,Payel Yayınları -- 136 : Çağdaş kadının kitapları ; 21; Payel yayınları / Çağdaş kadının kitapları -- 21,"Payel Yayınları, 136, İstanbul, 1999",ger,,150,,723151379,https://openlibrary.org/works/OL45679979W,,,openlibrary; isbndb; worldcat
9789754053548,Adult / sexual content,review,Adult / sexual content: cinsellik ('cinsellikten' in title),cinsellikten,9754053545,Cinsellikten ikmale kalmak,,Erdal Atabek,,,,Sex customs,Altın Kitaplar Yayınevi,record,1992,"Cağaloğlu, İstanbul",tur,223,,,"5.bs, İstanbul, 1998",,,,,27746131,https://openlibrary.org/works/OL42988372W,,,openlibrary; worldcat
9789754054293,Adult / sexual content,review,Adult / sexual content: explicit genre ('sadomasochism' in subjects/genres),sadomasochism,9754054290,Oyun.,,Stephen King,,,,"Horror tales; Fiction; Horror; Horror fiction; American fiction; married people; sexual behavior; women; fear; Adult child sexual abuse victims; incest; Sadomasochism; terror; Translations into German; Large type books; Fiction, horror; New York Times reviewed; Mental illness; FICTION / Horror; FICTION / Literary; Castle Rock (Me. : Imaginary place); Sexualité dans le mariage; Romans, nouvelles; Peur; Castle Rock (Maine : Imaginary place)",Altin Kitaplar Yayinevi,record,1993,Istanbul,tur,,Paperback,,2021,,"Gerald and Jessie Burlingame have gone to their summer home on a warm weekday in October for a romantic interlude. After being handcuffed to her bedposts, Jessie tires of her husband's games, but when Gerald refuses to stop she lashes out at him with deadly consequences. Still handcuffed, she is trapped and alone. Painful memories from her childhood bedevil her. Her only company is a hungry stray dog and the sundry voices that populate her mind. As night comes, she is unsure whether it is her imagination or if she has another companion: someone watching her from the corner of her dark bedroom. ([source][1]) [1]: https://www.stephenking.com/library/novel/gerald_s_game.html",,,,https://openlibrary.org/works/OL81617W,,,openlibrary; isbndb; isbndb
9789754055177,Adult / sexual content,review,Adult / sexual content: cinsellik ('cinsellik' in title),cinsellik,9754055173,Savaşan Cinsellik,,Maeve Haran,,,,,Altin Kitaplar,isbn_prefix,1995,,tr,398,,,,,,,,,,,,isbndb
9789754055726,Adult / sexual content,review,Adult / sexual content: cinsellik ('cinsellik' in title),cinsellik,9754055726,İkiyüzlü cinsellik,,Ayfer Tunç,,,Social sciences,Sex customs; Sexual ethics,Altın Kitaplar Yayınevi,record,1995,"Cağaloğlu, İstanbul",tur,159,Print,,1. basım.,,"Ayfer Tunç, Oya Ayman Büber.",,HQ18.T9 T86 1995,39938089,https://openlibrary.org/works/OL23643385W,,,openlibrary; isbndb; isbndb; worldcat
9789754056426,Adult / sexual content,review,Adult / sexual content: seks ('seksuele' in description),seksuele,9754056420,Mars ve Venüs yatak odasında,,John Gray,,,,,Altin Kitaplar,record,1998,Istanbul,tur,192,Unknown Binding,,"1. basım, İstanbul, 1996",,Mars en Venus in de slaapkamer. - Adviezen om de seksuele spanning in een relatie te behouden of terug te brengen,,,,https://openlibrary.org/works/OL1965512W,,,openlibrary; isbndb; worldcat
9789754059700,Adult / sexual content,review,Adult / sexual content: erotic ('erotic' in description),erotic,9754059705,Bir Geysanin Anilari,,Arthur Golden,,,Literature,"Social life and customs; Literature; Open Library Staff Picks; Prostitution; Fiction; Historical fiction; Geishas; Women; History; Fictional Works Publication Type; Japan; Historia; Mujeres; Ficción; Japan, fiction; Fiction, historical; Large type books; Fiction, historical, general; Social conditions; Reading Level-Grade 11; Reading Level-Grade 12; Mœurs et coutumes; Histoire; Manners and customs; American fiction",Altin Kitaplar,record,2006,,tr,559,paperback,,,,"A literary sensation and runaway bestseller, this brilliant debut novel tells with seamless authenticity and exquisite lyricism the true confessions of one of Japan's most celebrated geisha.Speaking to us with the wisdom of age and in a voice at once haunting and startlingly immediate, Nitta Sayuri tells the story of her life as a geisha. It begins in a poor fishing village in 1929, when, as a nine-year-old girl with unusual blue-gray eyes, she is taken from her home and sold into slavery to a renowned geisha house. We witness her transformation as she learns the rigorous arts of the geisha: dance and music; wearing kimono, elaborate makeup, and hair; pouring sake to reveal just a touch of inner wrist; competing with a jealous rival for men's solicitude and the money that goes with it. In Memoirs of a Geisha, we enter a world where appearances are paramount; where a girl's virginity is auctioned to the highest bidder; where women are trained to beguile the most powerful men; and where love is scorned as illusion. It is a unique and triumphant work of fiction--at once romantic, erotic, suspenseful--and completely unforgettable.From the Trade Paperback edition.",813/.54,,,https://openlibrary.org/works/OL1856675W,,,openlibrary; isbndb
9789754379112,Adult / sexual content,review,Adult / sexual content: obscene ('obscene' in subjects/genres),obscene,9754379114,Türk dilince,"dualar, beddualar sözlüğü",Halil Ersoylu,,,Language & literature,Blessing and cursing; Dictionaries; Turkish language; Obscene words; Slang; Etymology; Invective; Swearing,Ötüken,record,2012,"Beyoğlu, İstanbul",tur,360,,Kültür serisi -- 505; Kültür serisi (Ötüken Neşriyat) -- 505,,,,,PL195 .E77 2012; PL195 .E78 2012; PL195 .E776 2012,865020287,https://openlibrary.org/works/OL23372918W,,,openlibrary
9789754512588,Adult / sexual content,review,Adult / sexual content: cinsellik ('cinsellik' in title),cinsellik,9754512582,Genc Psikolojisinde Sevgi ve Evlilik Oncesi Cinsellik,,Hamdi Kalyoncu,,,,,Bogaziçi Yayinlari,record,2011,,,118,paperback,,,,,,,,https://openlibrary.org/works/OL26368241W,,,openlibrary
9789754584479,Adult / sexual content,review,Adult / sexual content: sehvet/sevisme ('sevismek' in title),sevismek,9754584478,Yasak Sevişmek,,Attila Ilhan,,,,,Turkiye Is Bankasi Kultur Yayinlari,record,2014,,tr,124,paperback,,"Türkiye İș Bankası Kültür Yayınları Genel Yayın Dizisi ; 680, İstanbul, 2003",,,,,,https://openlibrary.org/works/OL26277641W,,,openlibrary; isbndb; worldcat
9789754613704,Adult / sexual content,review,Adult / sexual content: erotic ('erotic' in subjects/genres),erotic,9754613702,Habitus dans le champ de la traduction,"infiltration des traductions de romans populaires français ""rosérotiques"" dans l'espace culturel turc entre 1950-1975",Emine Bogenç Demirel,,,,French Erotic literature; Translations into Turkish; History and criticism; Turkish Erotic literature; Popular culture,Yıldız Teknik Üniversitesi Basım-Yayın Merkezi,record,2003,İstanbul,fre,169,,Üniversite yayın -- no. YTÜ.FE.DK-03.0698 -- Fakülte yayın -- no. FE.BDL-03.004; Yıldız Teknik Üniversitesi yayını -- YTÜ.FE.AR-03.0698; Yıldız Teknik Üniversitesi yayını -- FE-BDL.-03.004,,,,,,62737775,https://openlibrary.org/works/OL42272757W,,,openlibrary
9789754680430,Adult / sexual content,review,Adult / sexual content: seks ('seksin' in description),seksin,9754680434,Cinsel Atlas,,Erwin J. Haeberle; Mesut Akn,,,,,Say Yaynlar,record,2015,,tr,,,,"US, 2015",,"Bugnk cinsel sorunlarmzn birou eski bilgisizliimizden kaynaklanyor. Kimi cinsel ve toplumsal sorunlar ise, hatal bilgi ve gereksiz basklar sonucu ortaya kmaktadr. Cinsel ilevler ve sradan insan davranlar konusunda yanl bilgilerden dolay insan, hatal davranlara ynelmekte ya da cinsel korkulara dmektedir ki bu insan ve ilikilerini ypratmakta, toplumdaki grevini de aksatmaktadr. Bu konuda verilecek doru bilgi gnmzde gereksiz cinsel skntlarn ounu hafifletecek ya da ortadan kaldracaktr. Bu kitap cinsel eitimin sadece biyolojik ve fizyolojik bilgilerle deil, ayn zamanda toplumsal ve ruhbilimsel bilgilerle yaplmas gerektiini vurgulamaktadr. Seksin insan yaamnn doal ve normal bir paras olduunu, insann cinsel nitelii olan bir varlk olarak kabul edilmesi gerektiini savunmaktadr.",,,,,,,goodreads
9789754683875,Adult / sexual content,review,Adult / sexual content: cinsellik ('cinsellik' in title),cinsellik,9754683875,"Osho-Tantra,Spirituellik ve Cinsellik",,Osho,,,,,Omega,record,2011,,tr,96,paperback,,,,,,,,https://openlibrary.org/works/OL26277766W,,,openlibrary; isbndb
9789754685640,Adult / sexual content,review,Adult / sexual content: porn ('porno' in subjects/genres) | Adult / sexual content: porn ('porno' in description),porno,9754685649,Fuck-Up,,Arthur Nersesian,,,,"Fiction, general; New york (n.y.), fiction; Dark Humor; Suspense; hustler; couchsurfing; robbery; lgbtq; porno theater; adult cinema; crime; grunge; streetlife; urban fiction",Pia,record,2006,,tr,240,paperback,,"Nov 04, 2006",,"This is the darkly hilarious odyssey of an anonymous slacker. He's a perennial couch-surfer, an aspiring writer searching for himself in spite of himself, and he's just trying to survive. But life has other things in store for the fuck-up. From being dumped by his girlfriend to getting fired for asking for a raise, from falling into a robbery to posing as a gay man to keep his job at a porno theater, the fuck-up's tragi-comedy is perfectly realized by Arthur Nersesian, who manages to create humor and suspense out of urban desperation. *-(Provided by publisher)*",,,,https://openlibrary.org/works/OL555288W,,,openlibrary; openlibrary
9789754686302,Adult / sexual content,review,Adult / sexual content: sehvet/sevisme ('sehvet' in title),sehvet,9754686300,Ask ve Sehvet Uzerine,,Theodor Reik,,,,,Say Yayinlari,record,2017,,tr,400,paperback,,,,,,,,https://openlibrary.org/works/OL26368957W,,,openlibrary; isbndb
9789754686333,Adult / sexual content,review,Adult / sexual content: sehvet/sevisme ('sehvet' in title),sehvet,9754686335,Ask ve Sehvet Uzerine,,Theodor Reik,,,,,Say Yayinlari,record,2009,,tr,296,paperback,,"US, 2009",,"Theodor Reik'in sevilen eseri ""Ask ve Sehvet Uzerine""de ciftlerin ask hayati, cinsellik, evlilik, anne babalik ve erkeklik ile kadinligin gizli dogasi tartisiliyor. Ozgun dilinde tek cilt olarak yayimlanan bu degerli eseri iki cilt halinde yayimlamayi uygun bulduk. Romantik ve Cinsel Duygularin Psikanalizi adli birinci kitapta, Reik'in Freud'la hesaplasmasina tanik oluyoruz. Ask ve sehvet, temel durtuler ekseninde masaya yatiriliyor; mazosizmin sosyal, dinsel, kulturel yonleri anlatiliyor. Cinslerin Duygusal Farkliliklari adli ikinci kitapta ise bekrlik, erkegin evlilikten kacmasi, kadin ve erkegin evlilik bagini kabul etmekteki korkulari ile cinslerin duygusal farkliliklari ele aliniyor.",,,,https://openlibrary.org/works/OL26368957W,,,openlibrary; isbndb; goodreads
9789754700121,Adult / sexual content,review,Adult / sexual content: erotic ('erotic' in description),erotic,9754700125,Varolmanın Dayanılmaz Hafifliği,,Milan Kundera,,,Literature,"German fiction; Fiction, general; Fiction; Love; Man-woman relationships; Love stories; Identity (Psychology); Surgeons; History; Translations from Czech; Translations into English; Czech fiction; English fiction; Continental european fiction (fictional works by one author); Novela; Relaciones hombre-mujer; Cirujanos; Ficción; Liebesbeziehung; Arzt; Belletristische Darstellung; Large type books; Chang pian xiao shuo; Relaciones Hombre - Mujer; Amor en la literatura",I letis ʹim; Iletisim Yayincilik; İletişim,record,1994,I stanbul,tur,318,Paperback,I letis ʹim Yay♯łnlar♯ł -- 49. C ʹag das ʹ Du nya Edebiyat♯ł; 7,17. bs.,,"Interweaves story and dream, past and present, and philosophy and poetry in a sardonic and erotic tale of two couples—Tomas and Teresa, and Sabina and her Swiss lover, Gerhart.",891.8/635,PG5039.21.U6 N419 1994,850766908,https://openlibrary.org/works/OL8972751W,,,openlibrary; isbndb; worldcat; internet_archive
9789754701012,Adult / sexual content,review,Adult / sexual content: erotic ('erotic' in subjects/genres) | Adult / sexual content: LoC: erotic/sex instruction ('erotic fiction' in subjects),erotic; erotic fiction,9754701016,Lolita,,Vladimir Nabokov,,,,"erotic fiction; romance fiction; fiction; love stories; novela; literary fiction; classic fiction; coming-of-age; Girls in fiction; Girls; Drama; Middle-aged men; Russian fiction; Middle-aged men in fiction; Long Now Manual for Civilization; Stepfathers; Stepdaughters; Man-woman relationships, fiction; Hombres; Relaciones hombre-mujer; Muchachas; Edad madura; Ficción; Pedophilia; Love",Iletisim Yayinevi,record,2000,,tr,364,paperback,,,,"Lolita is a 1955 novel written by Russian-American novelist Vladimir Nabokov. The novel is notable for its controversial subject: the protagonist and unreliable narrator, a middle-aged literature professor under the pseudonym Humbert Humbert, is obsessed with a 12-year-old girl, Dolores Haze, whom he sexually molests after he becomes her stepfather. ""Lolita"" is his private nickname for Dolores. The novel was originally written in English and first published in Paris in 1955 by Olympia Press. Later it was translated into Russian by Nabokov himself and published in New York City in 1967 by Phaedra Publishers. --- Also contained in: - [Собрание сочинений русского периода в пяти томах: Смех в темноте / Lolita](https://openlibrary.org/works/OL22529308W) - [Novels 1955-1962](https://openlibrary.org/works/OL20643775W/Novels_1955-1962) - [Works: Ada / Lolita](https://openlibrary.org/works/OL17687842W/Ada_Lolita)",,,,https://openlibrary.org/works/OL627084W,,,openlibrary; isbndb
9789754701494,Adult / sexual content,review,Adult / sexual content: cinsellik ('cinsel iliskiler' in title),cinsel iliskiler,9754701490,Cinsel Ilişkiler Tarihi,,Andre Morali-Daninos; İbrahim Yakupoğlu,,,,,İletişim Yayınları,record,1991,,tr,142,,,"İletişim Yayınları Cep Üniversitesi, 1991",,,,,,,,,isbndb; nexusstc
9789754702088,Adult / sexual content,review,Adult / sexual content: cinsellik ('cinsellik' in title),cinsellik,975470208X,Bati'da Ask Ve Cinsellik,,Kolektif,,,,,Iletisim Yayincilik,record,1992,,,355,paperback,,,,,,,,https://openlibrary.org/works/OL26369259W,,,openlibrary
9789754704853,Adult / sexual content,review,Adult / sexual content: erotic ('erotica' in subjects/genres),erotica,9754704856,Visnenin cinsiyeti.,,Jeanette Winterson,,,Literature,"London (England), fiction; Fiction, fantasy, historical; Great Britain in fiction; History; Fiction; Giants; Mothers and sons; English fiction; English literature; Fiction, erotica",Iletisim,record,1995,Istanbul,tur,176,Paperback,,2022,,Een vrouw en jongen in het 17e eeuwse Engeland blijken zich in bizarre 20e eeuwse fantasieën te bevinden.,823/.914,,221852268,https://openlibrary.org/works/OL1918802W,,,openlibrary; isbndb; isbndb; worldcat
9789754940022,Adult / sexual content,review,Adult / sexual content: sehvet/sevisme ('sevisme' in title),sevisme,9754940029,Şimdi sevişme vakti,,Sait Faik,,,,,Bilgi Yayınevi,record,1988,,tr,,,,"Sait Faik bütün eserleri, 101, 2. baskı, Yenişehir, Ankara, 1988",,,,,,,,,worldcat
9789754942194,Adult / sexual content,review,Adult / sexual content: sehvet/sevisme ('sevismek' in title),sevismek,9754942196,Yasak Sevismek,,Attilâ Ilhan,,,,,Bilgi Yayinevi,record,2015,,tr,,paperback,,"Bilgi yayınları, 7. Basım, Ankara, 1996",,,,,,https://openlibrary.org/works/OL26370507W,,,openlibrary; worldcat
9789754947946,Adult / sexual content,review,Adult / sexual content: cinsellik ('cinsel yasam' in title),cinsel yasam,9754947945,Cinsel Yasam Kilavuzu,,Safa M. Yurdanur,,,,,Bilgi Yayinevi,record,2015,,,,paperback,,,,,,,,https://openlibrary.org/works/OL26278507W,,,openlibrary
9789755101828,Adult / sexual content,review,Adult / sexual content: erotic ('erotica' in subjects/genres),erotica,9755101829,Ayrilik Valsi,,Milan Kundera,,,Literature,"Health resorts; Fiction; Continental european fiction (fictional works by one author); Fiction, general; Fiction, erotica, general; Badeort; Liebesbeziehung; Czech fiction; Translations into English; English fiction; Translations from Czech; Social life and customs; Novela checa; Manners and customs; Czech republic, fiction",Can Yayinlari,record,2000,,tr,243,paperback,,,,"In this dark farce of a novel, set in an old-fashioned Central European spa town, eight characters are swept up in an accelerating dance: a pretty nurse and her repairman boyfriend; an oddball gynecologist; a rich American (at once saint and Don Juan); a popular trumpeter and his beautiful, obsessively jealous wife; and unillusioned former political prisoner about to leave his country and his young woman ward. Perhaps the most brilliantly plotted and sheerly entertaining of Milan Kundera's novels, Farewell Waltz poses the most serious questions with a blasphemous lightness that makes us see that the modern world has deprived us even of the right to tragedy. Written in Bohemia in 1969-70, this book was first published (in 1976) in France under the title La valse aux adieux (Farewell Waltz), and later in thirty-four other countries. This beautiful new translation, made from the French text prepared by the novelist himself, fully reflects his own tone and intentions. As such it offers an opportunity for both the discovery and the rediscovery of one of the very best of a great writer's work.",891.8/6354; 891.8/6/35,PG5039.21.U6 V313 1998,,https://openlibrary.org/works/OL13054848W,,,openlibrary; isbndb
9789755103655,Adult / sexual content,review,Adult / sexual content: erotic ('erotica' in subjects/genres) | Adult / sexual content: LoC: erotic/sex instruction ('erotica' in subjects),erotica,9755103651,Palomino Molero'yu Kim Öldürdü. Translated by Ülker Ince,,Mario Vargas Llosa,,,,"Spanish language books; Fiction; Murder; Peru, fiction; Fiction, crime; Fiction, mystery & detective, general; Erotica; History; New York Times reviewed; Spanish-American literature; Latin American Authors; Investigation",Can Yayinlari,record,1991,,tr,167,paperback,,"Çagdas dünya yazarlari, Istanbul, ©1991",,Bij de gruwelijke moord op een jonge luchtmachtsoldaat blijkt een luchtmachtkolonel betrokken te zijn.,,,,https://openlibrary.org/works/OL857657W,,,openlibrary; worldcat
9789755104119,Adult / sexual content,review,Adult / sexual content: erotic ('erotic' in subjects/genres) | Adult / sexual content: erotic ('erotica' in description) | Adult / sexual content: LoC: erotic/sex instruction ('erotic' in subjects),erotic; erotica,9755104119,Üvey Anneye Övgü,,Mario Vargas Llosa,Celâl Üster,,,"erotic; morality; sexuality; family; Stiefmutter; Liebesbeziehung; Sohn; Belletristische Darstellung; Fiction, general; Stepmothers; Fiction; Fiction (fictional works by one author); Peruvian fiction",Can,record,2010,"İstanbul, Türkiye",tur,142,Paperback,,"Çağdaş dünya yazarları, 2. basım, İstanbul, 1994",spa,"*Elogio de la madrastra* es una novela erótica del escritor peruano Mario Vargas Llosa, ganador del Premio Nobel de Literatura en 2010. Publicada en 1988, se centra en una pareja sexualmente abierta cuyas fantasías los llevan al límite de la moralidad. Está dedicada al director de cine español Luis García Berlanga. ---------- *In Praise of the Stepmother* is an erotic novel by Peruvian writer Mario Vargas Llosa, winner of the Nobel Prize in Literature in 2010. Published in 1988, it is about a sexually open couple whose fantasies lead them to the edge of morality. The book is dedicated to Spanish film director Luis García Berlanga. The English translation published in 1990 was done by Helen Lane.",,,,https://openlibrary.org/works/OL857575W,18396188,,openlibrary; isbndb; worldcat
9789755108940,Adult / sexual content,review,Adult / sexual content: porn ('pornographer' in description),pornographer,9755108947,Don Rigoberto'nun Not Defterleri,,Mario Vargas Llosa,Peral Bayaz Charum,,,Continental european fiction (fictional works by one author); Latin American literature,Can,record,1999,"İstanbul, Türkiye",tur,301,Paperback,Çaǧdaş dünya yazarları,"Istanbul, 1998",spa,"Set in Lima, the novel tells of a love triangle whose participants may be the fictional creations of Don Rigoberto: Rigoberto himself, by day a gray insurance executive, by night a pornographer and sexual enthusiast; his second wife, Lucrecia; and his young son, Alfonso. Husband and wife are estranged because of a sexual encounter between Lucrecia and the boy, a fey, angelic creature who may have seduced her (rather than the other way around). Missing Lucrecia terribly, Rigoberto fills his notebooks with memories, fantasies, and unsent letters; meanwhile, the boy visits Lucrecia, determined to regain her favor and win her love. Together, father and son persuade her to enact a series of tableaux vivants based on works by Egon Schiele and other painters. With his usual sly assurance, Vargas Llosa keeps the reader guessing which episodes are real and which issue from the Don's imagination.",,,850767682,https://openlibrary.org/works/OL857561W,24142834,,openlibrary; isbndb; worldcat
9789755109602,Adult / sexual content,review,Adult / sexual content: erotic ('erotica' in description),erotica,9755109609,Aphrodite - Afrodizyak Yazilar Afrodizyak Yemekler,,Isabel Allende,,,Literature,"Aphrodisiacs; Literary collections; Gastronomy; Cookery; Colecciones literarias; Afrodisiacos; Large type books; Sex; Food habits; Women authors; Authors, biography; Kärleksmåltider; Afrodisiaka; Matlagning; Food and drink; Autobiography and memoir; Afrodisíacos",Can Yayinlari,record,2012,,tr,364,paperback,,"Can yayınları, 650, 2. basım: Nisan 2012, İstanbul, 2012",,"Isabel Allende trae sus poderes mágicos como cuentista a un nivel muy personal y con un encanto peculiar a las entrelazadas y sensuales artes de la comida y el amor. Mezclando recuerdos personales con el folklore del mundo, leyendas históricas, y momentos memorables de la literatura erótica y de otros tipos, Allende enriquece su narración con porciones semejantes de humor y perspicacia. Combinando un banquete de hechos fascinantes sobre los poderes afrodisíacos de los alimentos y las bebidas, Allende los sirve con convincente admiración y debida irreverencia. Ella ofrece sugerencias, tanto antiguas como modernas, para atraer a un amante, encender el ardor sexual, prolongar el acto sexual, reactivar la decadente virilidad. Metiéndose en el caldero de la historia, ella nos informa sobre los apetitos lascivos de todos, desde el emperador Nerón a Catalina la Grande hasta la notoria Madame du Barry de Francia.",863,,,https://openlibrary.org/works/OL1905372W,,,openlibrary; worldcat; google_books
9789755210629,Adult / sexual content,review,Adult / sexual content: cinsellik ('cinsellik' in title) | Adult / sexual content: seks ('seksualitet' in description),cinsellik; seksualitet,9755210628,Yaşam Boyu Cinsellik,,,,,,,Boyut Yayin Grubu,isbn_prefix,1992,,tr,,,,,,Oplysninger Om Seksualitet Og Kærlighed Fra Barndom Til Alderdom,,,,,,,isbndb
9789755216096,Adult / sexual content,review,Adult / sexual content: cinsellik ('cinsellik' in title),cinsellik,975521609X,Yasakli Cinsellik,,Kolektif,,,,,Boyut Yayin Grubu,record,2002,,,108,paperback,,,,,,,,https://openlibrary.org/works/OL26375347W,,,openlibrary
9789755331201,Adult / sexual content,review,Adult / sexual content: erotic ('erotic' in description),erotic,9755331204,Asiklar ve zorbalar.,,Francine du Plessix Gray,,,,"Fiction; Women journalists; Women journalists in fiction; France in fiction; Fiction, general; France, fiction; Women journalists, fiction",Imge Kitabevi,record,1995,Ankara,tur,301,,,,,"Lovers and Tyrants is an erotic, urgent and enormously funny novel in the historical tradition of those writers whose art has radically expanded women's consciousness - Virginia Woolf, Colette, Simone de Beauvoir, Mary McCarthy, Doris Lessing. Francine Gray delivers us from many traditional literary inhibitions and opens a startling new perspective into the inner lives of women. The history of Stephanie-the woman whose life is chronicled-follows her from her extraordinary childhood in France through her father's mysterious disappearance, her emigration to America, her picaresque schooling in New York, her tempestuous sexual relationship with a melodramatic, tragicomic European Nobleman. She goes on to engage herself in the major conflicts of modern times-marriage, politics, feminism, religious quests. Every phase of Stephanie's life illustrates our painful ambivalence toward the irreconcilable poles of love and liberation, security and freedom. ""The most tyrannical despots can be the ones who love us the most."" Lovers can be tyrants. She flees the contradictions of her rigidly structured marriage to a moment when her life is threatened by illness, finding temporary refuge with a young bisexual to whom she is a tutor, lover, and fellow pilgrim. In a hallucinatory journey through the Southwestern desert to the gaudy retreat of Las Vegas, writing love letters to her husband, Stephanie brings the reader to a lyrical and surreal vision of hard-won freedom, Lovers and Tyrants est",,,283253048,https://openlibrary.org/works/OL1939671W,,,openlibrary
9789755337821,Adult / sexual content,review,Adult / sexual content: prostitution ('fahiseler' in title),fahiseler,9755337822,Kibar Fahiseler,,Honoré de Balzac,,,,,Imge Kitabevi Yayinlari,record,2014,,tr,571,paperback,,"PT, 2014",,"Paperback. 13,50 / 21,00 cm. In Turkish. 571 p. Edebiyatta gerekilik akiminin ncs Balzac, Kibar Fahiseler'de iinde yasadigi dnemin Paris'inde yksek sosyeteye mensup insanlari, bu ayricalikli kesime katilmak iin umutsuzca irpinan yoksul genleri anlatir. Onun kibar fahiseleri, hem muhtesem ve isiltili, hem de sefil ve korku dolu bir hayatin iinde var olmaya, ykselmeye alisirlar. Paris'in en yoksul ve en gzel kizlari hayata hep umutla bakarlar, mutlu ve zengin olma arzusuyla yanip tutusurlar. Fakat yksek sosyetenin kiyisinda ya da iinde yer almak ne yazik ki zengin ve soylu beylerin metresi olmayi gerektirir. Fakat sosyetenin iinde bir kibar fahise olmak, asik olmaya, sevilmeye engel degildir. Gvenli bir hayat da degildir, 18. yzyil Paris'inin btn tehlikelerine, entrikalarina aiktir. Paris yksek sosyetesinin satafatli salonlarinda, bataklikta aan bir zambak kadar gzel Esther gibi gen kadinlar, ona delicesine sik olan Lucien gibi gen erkekler, toplumsal kaderin kendilerine izdigi yolda soluk soluga kosarlar. Balzac'in Insanlik Komedyasi'nin esitli blmlerinde beliren haydut Vautrin gibi karakterler ise hep karanliklarin ve karmasik entrikalarin iinde romanin ana kahramanlariyla iliskilenirler. Balzac, btn romanlarinda oldugu gibi, Kibar Fahiseler'de de 18. yzyilin toplum yapisini derinlemesine inceler; kendi szleriyle, ""dnyayi dsncelerine sararak yogurur ve iine sizdigi hayat""i btn ynleriyle algilar.",,,,https://openlibrary.org/works/OL26375706W,,,openlibrary; goodreads
9789755390598,Adult / sexual content,review,Adult / sexual content: erotic ('erotic' in description),erotic,9755390596,Gülünesi Aşklar,,Milan Kundera,,,,"Social life and customs; Fiction; Czech Short stories; Translations into English; Manners and customs; Continental european fiction (fictional works by one author); Czech Republic in fiction; Czechoslovakia in fiction; Translations into Russian; Czech fiction; Translations into Spanish; Novela checa; Fiction, romance, general; Short stories",Ayrinti Yayinlari,record,2010,,,191,paperback,,,,"""In one of these stories a young man and his girlfriend pretend that she is a stranger he picked up on the road - only to become strangers to each other in reality as their game proceeds. In another a teacher fakes piety in order to seduce a devout girl, then jilts her and yearns for God. In yet another girls wait in bars, on beaches, and on station platforms for the same lover, a middle-aged Don Juan who has gone home to his wife. Games, fantasies, and schemes abound in all the stories while different characters react in varying ways to the sudden release of erotic impulses.""--Publisher description.",,,,https://openlibrary.org/works/OL10423420W,,,openlibrary
9789755390604,Adult / sexual content,review,Adult / sexual content: erotic ('erotic' in description),erotic,975539060X,Geceyi Anlat Bana,,Djuna Barnes,,,,"Fiction; Lesbians; Lesbians in literature; Sex addicts; Textual Criticism; open_syllabus_project; Paris (france), fiction; American fiction (fictional works by one author); Fiction, psychological; Lesbians, fiction; New York Times reviewed; Barnes, djuna, 1892-1982; Cross-dressers; Expatriates; Americans; Fiction in English; Lesbian; Sex addiction; LGBTQ fiction before Stonewall",Ayrinti Yayinlari,record,2010,,tr,,paperback,,,,"""At Nightwood's center are the love affairs of Robin Vote - a character based on Barnes's lover, Thelma Wood. Robin marries Felix Volkbein, an eccentric aristocrat, whom she meets in Paris, and whom she abandons years later for the American Nora Flood. But Nora cannot contain Robin, either, and Robin in turn deserts her for the larcenous Jenny Petherbridge. Rich in irony and symbolism, Nightwood depicts the all-consuming power of erotic obsession in language that twists and turns, drawing the reader into a labyrinth of meaning and revelation. This edition also includes T. S. Eliot's Introduction to the 1937 American edition.""--BOOK JACKET.",,,,https://openlibrary.org/works/OL505583W,,,openlibrary; google_books
9789755390697,Adult / sexual content,review,Adult / sexual content: erotic ('erotik' in subjects/genres),erotik,9755390693,Mahremiyetin donusumi,modern toplumlarda cinsellik ask ve erotizm.,Anthony Giddens,,,,Interpersonal relations; Love; Intimacy (Psychology); Sex; Sex. 0; Love. 0; Sexualité; Intimité; Amour; Relations humaines; Erotik; Liebe; Sexualität; Sozialer Wandel; Zwischenmenschliche Beziehung; Vie sexuelle; Intimité (psychologie); Sexualitet; Familjesociologi; Sexual Behavior; Sexuality; Sexual behavior [mesh]; Sexuality [mesh]; Sociology [mesh]; Interpersonal relations [mesh],Ayrinti Yayinlari,record,1994,Istanbul,tur,186,Paperback,,"Ayrıntı yayınları, 2.basım, İstanbul, 2010",,"""The sexual revolution: an evocative term, but what meaning can be given to it today? How does 'sexuality' come into being and what connections does it have with the changes that have affected personal life on a more general plane? In answering these questions, Anthony Giddens disputes many of the dominant interpretations of the role of sexuality in modern culture. The emergence of what the author calls plastic sexuality - sexuality freed from its intrinsic relation to reproduction - is analysed in terms of the long-term development of the modern social order and social influences of the last few decades. Giddens argues that the transformation of intimacy, in which women have played the major part, holds out the possibility of a radical democratization of the personal sphere."" ""This book will appeal to a large general audience as well as being essential reading for students and professionals.""--Jacket.",,,,https://openlibrary.org/works/OL38111W,,,openlibrary; isbndb; worldcat
9789755392936,Adult / sexual content,review,Adult / sexual content: porn ('pornography' in description),pornography,9755392939,Cennete Bir Koşu,,J. G. Ballard,,,,,Ayrıntı Yayınları,record,2000,,tr,309,,,"Ayrıntı yayınları, İstanbul, 2000",,"On The Spanish Riviera, An English Discotheque Manager Is Falsely Accused Of Setting Fire To A Villa Which Killed Its Occupants. The Man's Brother Arrives From England To Clear His Name And In The Process Uncovers A Drugs And Pornography Ring.",,,,,,,isbndb; worldcat
9789755393070,Adult / sexual content,review,Adult / sexual content: erotic ('erotica' in subjects/genres),erotica,9755393072,Mantissa,,John Fowles,,,,"Fiction, erotica, general; Authors, fiction",Ayrinti Yayinlari,record,2009,,tr,191,paperback,,,,,,,,https://openlibrary.org/works/OL25841314W,,,openlibrary; isbndb
9789755394367,Adult / sexual content,review,Adult / sexual content: prostitution ('fahise' in title),fahise,9755394362,Fahise,,Nelly Arcan,,,,,Ayrinti Yayinlari,record,2005,,tr,154,paperback,,"Ayrıntı Yayınları, 447, İstanbul, 2005",,,,,,https://openlibrary.org/works/OL26376037W,,,openlibrary; isbndb; worldcat
9789755399997,Adult / sexual content,review,Adult / sexual content: orgy/orgasm ('orgasmic' in description),orgasmic,9755399992,Bir Haz Markasi - Beautiful You,,Chuck Palahniuk,,,,"Women; Sex role; Sexual excitement; Sexual behavior; Sex toys; Fiction; nyt:hardcover-fiction=2014-11-09; New York Times bestseller; Fiction, satire; Fiction, erotica, general; Roman; Amerikanisches Englisch; Fiction, erotica",Ayrinti Yayinlari,record,2015,,tr,256,paperback,,"Apr 13, 2015",,"Penny Harrigan is a low-level associate in a big Manhattan law firm with an apartment in Queens and no love life at all. So it comes as a great shock when she finds herself invited to dinner by one C. Linus Maxwell, aka ""Climax-Well,"" a software mega-billionaire and lover of the most gorgeous and accomplished women on earth. After dining at Manhattan's most exclusive restaurant, he whisks Penny off to a hotel suite in Paris, where he proceeds, notebook in hand, to bring her to previously undreamed-of heights of orgasmic pleasure for days on end. What's not to like? This: Penny discovers that she is a test subject for the final development of a line of sex toys to be marketed in a nationwide chain of boutiques called Beautiful You. So potent and effective are these devices that women by the millions line up outside the stores on opening day and then lock themselves in their room with them and stop coming out. Except for batteries. Maxwell's plan for erotically-enabled world domination must be stopped. But how?",,,,https://openlibrary.org/works/OL17654120W,,,openlibrary; openlibrary
9789755533711,Adult / sexual content,review,Adult / sexual content: cinsellik ('cinsellik' in title),cinsellik,9755533710,Cinsellik Üzerine,,Wilhelm Reich,,,,,Doruk Yayinlari,record,2016,,,,paperback,,,,,,,,https://openlibrary.org/works/OL26279361W,,,openlibrary
9789755700069,Adult / sexual content,review,Adult / sexual content: sehvet/sevisme ('sevismeler' in title),sevismeler,9755700064,Huzunbaz sevismeler.,,Yilmaz Erdogan,,,Language & literature,"Turkish Short stories; Turkish drama; Short stories, Turkish",Babiali Cad,record,1996,Istanbul,tur,91,Paperback,,,,,,PL248.E73 H8 1998,,https://openlibrary.org/works/OL11793113W,,,openlibrary; isbndb; internet_archive
9789755700946,Adult / sexual content,review,Adult / sexual content: erotic ('erotica' in subjects/genres) | Adult / sexual content: LoC: erotic/sex instruction ('erotica' in subjects),erotica,9755700943,Erotologya,,Hulki Aktunc,,,Social sciences,Sex customs; History; Sex; Turks; Sexual behavior; Erotica,Sel Yayincilik,record,2015,,tur,237,paperback,,,,Hulki Atunç. 104--p. Facing T.p.,,HQ18.T9 A48 2000x,53360572; 43902448,https://openlibrary.org/works/OL26376525W,,,openlibrary; isbndb
9789755703664,Adult / sexual content,review,Adult / sexual content: LCC HQ21-32 (sex instruction) ('hq29 .i88 2008' in lcc),hq29 .i88 2008,9755703667,İşte Böyle Güzelim,,Ayse Gul Altinay,,,Social sciences,Women; Attitudes; Turks; Sexual behavior; Sex role; Public opinion; Gender identity,Sel Yayincilik,record,2008,,tr,125,paperback,,Birinci Baskı.,,,,HQ29 .I88 2008,491902000,https://openlibrary.org/works/OL26398833W,,,openlibrary; isbndb; worldcat
9789755705637,Adult / sexual content,review,Adult / sexual content: cinsellik ('cinsellik' in title),cinsellik,9755705635,Cinsellik ve Sosyalizm,,Sherry Wolf,,,,,Sel Yayincilik,record,2012,,,,paperback,,,,,,,,https://openlibrary.org/works/OL26398923W,,,openlibrary
9789755707143,Adult / sexual content,review,Adult / sexual content: erotic ('erotica' in subjects/genres),erotica,975570714X,Vişnenin Cinsiyeti,,Jeanette Winterson,Pınar Kür,,Literature,"London (England), fiction; Fiction, fantasy, historical; Great Britain in fiction; History; Fiction; Giants; Mothers and sons; English fiction; English literature; Fiction, erotica",Sel Yayincilik,record,2018,,tur,174,paperback,,,eng,Een vrouw en jongen in het 17e eeuwse Engeland blijken zich in bizarre 20e eeuwse fantasieën te bevinden.,823/.914,,,https://openlibrary.org/works/OL1918802W,,,openlibrary
9789755707181,Adult / sexual content,review,Adult / sexual content: erotic ('erotic' in description),erotic,9755707182,Venedik'te Ask Varanasi'de Ölüm,,Geoff Dyer,,,Literature,"British; Fiction; Journalists; Literature; Biennale -Venice; Journalists, fiction; Venice (italy), fiction; India, fiction; Great britain, fiction; Fiction, romance, general; Fiction, religious; Fiction, general; Self",Sel Yayincilik,record,2015,,tr,301,paperback,,,,"A wildly original novel of erotic fulfillment and spiritual yearning. Every two years the international art world descends on Venice for the opening of the Biennale. Among them is Jeff Atman--a jaded and dissolute journalist--whose dedication to the cause of Bellini-fuelled partygoing is only intermittently disturbed by the obligation to file a story. When he meets the spellbinding Laura, he is rejuvenated, ecstatic. Their romance blossoms quickly, but is it destined to disappear just as rapidly? Every day thousands of pilgrims head to the banks of the Ganges at Varanasi, the holiest Hindu city in India. Among their number is a narrator who may or may not be the Atman previously seen in Venice. Intending to visit only for a few days he ends up staying for months, and suddenly finds--or should that be loses?--a hitherto unexamined idea of himself, the self. In a romance he can only observe, he sees a reflection of the kind of pleasures that, willingly or not, he has renounced. In the process, two ancient and watery cities become versions of each other. Could two stories, in two different cities, actually be one and the same story? Nothing Geoff Dyer has written before is as wonderfully unbridled, as dead-on in evocation of place, longing and the possibility of neurotic enlightenment, and as irrepressibly entertaining as Jeff in Venice, Death in Varanasi.From the Hardcover edition.",823/.914,PR6054.Y43 J44 2009,,https://openlibrary.org/works/OL1989156W,,,openlibrary; isbndb
9789755709055,Adult / sexual content,review,Adult / sexual content: erotic ('erotic' in description),erotic,9755709053,Geceyi Anlat Bana,,Djuna Barnes,,,,"Fiction; Lesbians; Lesbians in literature; Sex addicts; Textual Criticism; open_syllabus_project; Paris (france), fiction; American fiction (fictional works by one author); Fiction, psychological; Lesbians, fiction; New York Times reviewed; Barnes, djuna, 1892-1982; Cross-dressers; Expatriates; Americans; Fiction in English; Lesbian; Sex addiction; LGBTQ fiction before Stonewall",Sel Yayincilik,record,2018,,,174,paperback,,,,"""At Nightwood's center are the love affairs of Robin Vote - a character based on Barnes's lover, Thelma Wood. Robin marries Felix Volkbein, an eccentric aristocrat, whom she meets in Paris, and whom she abandons years later for the American Nora Flood. But Nora cannot contain Robin, either, and Robin in turn deserts her for the larcenous Jenny Petherbridge. Rich in irony and symbolism, Nightwood depicts the all-consuming power of erotic obsession in language that twists and turns, drawing the reader into a labyrinth of meaning and revelation. This edition also includes T. S. Eliot's Introduction to the 1937 American edition.""--BOOK JACKET.",,,,https://openlibrary.org/works/OL505583W,,,openlibrary
9789755710280,Adult / sexual content,review,Adult / sexual content: cinsellik ('cinsellik' in title),cinsellik,9755710280,Meleksi cinsellik,,Manuel Puig,,,,,Arion yayinevi,record,2002,,tr,,,,"Roman dizisi, 6, 2. basim, Istanbul, 2002",,,,,,,,,worldcat
9789755748863,Adult / sexual content,review,Adult / sexual content: porn ('pornographisierung' in description),pornographisierung,9755748865,Güzeli Kurtarmak,,Byung-Chul Han,,,,Aesthetics; Feminine beauty (Aesthetics); Modern Aesthetics; Schönheit; Ästhetik,Insan Yayinlari,record,2018,,tur,93,paperback,,"Nov 06, 2018",,"Zusammenfassung: Die Schönheit befindet sich heute in einer paradoxalen Situation. Einerseits breitet sie sich inflationär aus: Überall wird ein Kult um die Schönheit betrieben. Andererseits verliert sie jede Transzendenz und liefert sich der Immanenz des Konsums aus: Sie bildet die ästhetische Seite des Kapitals. Die Erfahrung der Negativität angesichts des Schönen wie Erhabenheit oder Erschütterung weicht komplett dem kulinarischen Wohlgefallen, dem Like. Letzten Endes kommt es zu einer Pornographisierung des Schönen. Der vorliegende Essay des bekannten Philosophen Byung-Chul Han beschwört jene Formen des Schönen, die sich als Wahrheit, als Desaster oder als Verführung manifestieren. Erschlossen werden auch jene Dimensionen des Schönen, die eine Ethik oder Politik des Schönen begründen würden. SZ/NDR-Sachbücher im August 2015: Besondere Empfehlung von Florian Rötzer",,,1077743078,https://openlibrary.org/works/OL17333116W,,,openlibrary; openlibrary
9789756006061,Adult / sexual content,review,Adult / sexual content: prostitution ('fahisesi' in title),fahisesi,9756006064,Hollywood Fahisesi,,Heather H. Howard,,,,,April Yayincilik,record,2016,,tr,,paperback,,,,,,,,https://openlibrary.org/works/OL26400065W,,,openlibrary; isbndb; internet_archive
9789756070482,Adult / sexual content,review,Adult / sexual content: cinsellik ('cinsellik' in title),cinsellik,975607048X,Sevgi ve cinsellik üzerine,,Sigmund Freud,,,Philosophy & psychology,Psychoanalyse,İLYA,record,2006,İzmir,tur,221,,Psikoloji dizisi -- 16,1. baskı,ger,,150.1952,,180925419,https://openlibrary.org/works/OL45680210W,,,openlibrary; worldcat
9789756130377,Adult / sexual content,review,Adult / sexual content: seks ('seks' in subjects/genres),seks,9756130377,Ask ve Evliligin Ezoterik Felsefesi,,Violet M. Firth (Dion Fortune),,PHILOSOPHY / History & Surveys / Modern,Philosophy & psychology,Occultism; Love; Miscellanea; Sex; Marriage; Theosophy; Sexual ethics; Tantric buddhism; Esoterik; Partnerschaft; Sex-- Miscellanea; Seks--Derleme; Love--Miscellanea; Ask--Derleme,Hermes Yayinlari,record,2011,,tr,,paperback,,"Hiperlink, İstanbul, 2011",,,152.41,BF1442.S53 F67 2011,,https://openlibrary.org/works/OL114616W,,,openlibrary; ebsco; openlibrary
9789756278970,Adult / sexual content,review,Adult / sexual content: sex ('sex' in title),sex,9756278978,Di Kitabê Muhemmedê Şêx Ensarî,"""Raro Rast""û Me Lûmatê Dînîye"" (Metn û Cigêrayîş)",Bîlal Zîlan,,,Language & literature,Zaza literature; History and criticism; Zaza poetry; Zaza language; Intellectual history,Weşanxaneyê Vateyî,record,2017,Istanbul,zza,224,,Kitab -- 100; Tez -- 1,"Kitab -- 100, Tez -- 1, Istanbul, Turkey, 2017",,,,PK6928.2 .D5 2017,1065277853,https://openlibrary.org/works/OL32517049W,,,openlibrary; openlibrary
9789756278987,Adult / sexual content,review,Adult / sexual content: sex ('sex' in title),sex,9756278986,Kurdê ke seba hewara dêrsimî kişîyayî,şêx Evdirehîm û embazê ey. Roportajî,J Îhsan Espar,,,,,Vate Yayınevi,record,2017,Istanbul,kur,168,,,"Istanbul, 2017",,,,,,https://openlibrary.org/works/OL32517051W,,,openlibrary; worldcat; openlibrary
9789756435267,Adult / sexual content,review,Adult / sexual content: cinsellik ('cinsel terapi' in title),cinsel terapi,9756435267,Cinsel Terapi,,Irvin D. Yalom;randolph S. Charlton,,,,,Prestij Yayınları,isbn_prefix,2007,,tr,350,,,,,,,,,,,,isbndb
9789756565711,Adult / sexual content,review,Adult / sexual content: cinsellik ('cinsellik' in title),cinsellik,9756565713,40'ından Sonra Sağlıklı Cinsellik,,,,,,,Phoenix Yayınevi,record,,,tr,,Paperback,,,,,,,,,,,isbndb
9789756570036,Adult / sexual content,review,Adult / sexual content: erotic ('erotica' in subjects/genres),erotica,9756570032,Teleny,,Oscar Wilde,,,,"Gay men; Fiction; Fiction, erotica, general; Fiction, gay; Sexuality; Gay musicians; Fiction, erotica; Gay men, fiction; Gay erotica; Fiction, lgbtq+, gay; Music; Love; Emotions & Feelings; Lonely; Cheating; Lust; Addictive Behavior; Classic Literature; LGBTQ erotica; LGBTQ fiction before Stonewall",Chiviyazilari Yayinevi,record,2015,,,,paperback,,,,"Camille Des Grieux, a French man, attends a classical concert with his mother. When a Hungarian piano player named Rène Teleny starts to play, Des Greiux begins to have shared visions of lust with the piano player. This book is story of two men and their journey to and from each other, their hearts only made for one another.",,,,https://openlibrary.org/works/OL7955184W,,,openlibrary
9789756938324,Adult / sexual content,review,Adult / sexual content: cinsellik ('cinsellik' in title),cinsellik,9756938323,SaglIklI Beslenme Güzellik Ve Cinsellik,,Nil Peri Gökçe,,,,,Sis Yayıncılık,record,2008,,tr,,Paperback,,"1. baski, İstanbul, 2008",,Beauty ; healthy eating ; sex ; sexuality,,,,,,,isbndb; worldcat
9789756972021,Adult / sexual content,review,Adult / sexual content: cinsellik ('cinsellik' in title),cinsellik,9756972025,Cinsellik hakkında konusamadıklarımız,,Derek C. Polonsky,,,,,HYB Yayincilik,record,1997,Ankara,tur,163,,,,,,,,68078844,https://openlibrary.org/works/OL19432407W,,,openlibrary
9789757054009,Adult / sexual content,review,Adult / sexual content: Dewey 306.7 (sexual relations) ('306.709561' in dewey),306.709561,9757054003,Sexual life in Ottoman society,,Sema Nilgün Erdoğan,,,Social sciences,Sex customs -- Turkey -- History; Turkey -- Social life and customs; Social life and customs; Sex customs; History; Sexual Behavior; Social Conditions; Asian / Middle Eastern history; Sex & sexuality; Human Sexuality; History - General History; Psychology; ASIA; Social History; Middle East - Turkey; General; Turkey; Sex customs--History; Sex customs--Turkey--History; Sexual Behavior--history; Social Conditions--history,Dönence,record,1996,İstanbul,eng,143,Paperback,,1,,Sexual Life In Ottoman Society -- The Greatest Mystery : Harem -- Performing The Oldest Profession Of The World -- Encyclopedia Of Sexology -- The Aesthetic Norms Of The Ottoman Man -- Pleasure Girls -- Dancing Girls -- Dancing Boys. Sema Nilgün Erdoğan. Includes Bibliographical References.,306.7/09561,HQ18.T9 E734 1996,36880709,https://openlibrary.org/works/OL1787232W,513018,,openlibrary; isbndb; worldcat
9789757056638,Adult / sexual content,review,Adult / sexual content: cinsellik ('cinsel iliskiler' in title),cinsel iliskiler,9757056634,Cinsel iliskiler,,L. Garat,,,,,Yeryüzü Yayınevi,isbn_prefix,,,tr,,,,,,,,,,,,,google_books
9789757146827,Adult / sexual content,review,Adult / sexual content: prostitution ('fahiselik' in title),fahiselik,975714682X,Fahiselik Dosyasi,,Kate Millett,,,,,Kuraldisi Yayinlari,record,2018,,,,paperback,,,,,,,,https://openlibrary.org/works/OL26402613W,,,openlibrary
9789757582144,Adult / sexual content,review,Adult / sexual content: cinsellik ('cinsellikten' in title),cinsellikten,975758214X,Hayat Okulu Cinsellikten Haz Almak Ve Mutlu Olmak,,Josef Kircshner,,,,,Aritan Yayinevi,record,2016,,,,paperback,,,,,,,,https://openlibrary.org/works/OL26281119W,,,openlibrary
9789757782308,Adult / sexual content,review,Adult / sexual content: erotic ('erotische' in description),erotische,9757782300,Sevme Sanati,,Erich Pinchas Fromm,,,,,Öteki Yayınevi,isbn_prefix,,,tr,112,,,,,"Na De Bespreking Van De Verschillende Typen Van Liefde Als Erotische-, Naasten- En Moederliefde Wijst De Auteur Op De Voor Deze Principieel Menselijke Levensbehoefte Schadelijke Tendensen In De Moderne Samenleving.",,,,,,,isbndb
9789757800002,Adult / sexual content,review,Adult / sexual content: sehvet/sevisme ('sevisme' in title),sevisme,9757800007,Erkekler Icin Taocu Sevisme Sirlari,,Mantak Chia,,,,,Dharma Yayinlari,record,2021,,tr,,Paperback,,,,,,,,,,,isbndb
9789757800026,Adult / sexual content,review,Adult / sexual content: sehvet/sevisme ('sevisme' in title),sevisme,9757800023,Kadinlar Icin Taocu Sevisme Sirlari,,Mantak Chia,,,,,Dharma Yayinlari,record,2017,,,,paperback,,,,,,,,https://openlibrary.org/works/OL31341305W,,,openlibrary
9789757800163,Adult / sexual content,review,Adult / sexual content: cinsellik ('cinsellik' in title),cinsellik,9757800163,Baldır bacak öyküleri,"yasak aşklar, spor, ve cinsellik",Ergun Hiçyılmaz,,,Music,Athletes; Sexual behavior; Athletes--Sexual behavior; Athletes--Turkey--Sexual behavior,Dharma Yayınları,record,1993,"Beyoğlu, İstanbul",tur,83,Book,Türk yazarları dizisi; 2; Belgesel,1. basım.,,Ergun Hiçyılmaz. 10--p. Facing T.p. Includes Bibliographical References (p. 83).,,MLCSN 93/592 (G),31375872,https://openlibrary.org/works/OL3089811W,6269992,,openlibrary; isbndb; isbndb; worldcat
9789757942474,Adult / sexual content,review,Adult / sexual content: sehvet/sevisme ('sevisme' in title),sevisme,9757942472,Sevisme,,Sabri Gurses,,,,,Kabalci Yayinevi,record,2015,,tr,,paperback,,"Kabalcı Yayınevi, İstanbul, 1996",,,,,,https://openlibrary.org/works/OL26231326W,,,openlibrary; worldcat
9789758012442,Adult / sexual content,review,Adult / sexual content: cinsellik ('cinsellik' in title),cinsellik,9758012444,Cinsellik Uzerine,,Sigmund Freud,,,,Sexualverhalten; Entwicklungspsychologie; Psychoanalyse,Oteki Yayinevi,record,2017,,tur,392,paperback,,"4. bas, Ankara, 2000",,,,,263412307,https://openlibrary.org/works/OL26403371W,,,openlibrary; worldcat
9789758240913,Adult / sexual content,review,Adult / sexual content: erotic ('erotic' in subjects/genres),erotic,9758240919,Mistik Hint Erotizmi,,Mircea Eliade,,,,Mysticism; Bengali Erotic literature; History and criticism; Civilization; Upanishads,Kabalci Yayinevi,record,2017,,tr,79,paperback,,"Kabalcı Yayınevi (Series), 1st ed, İstanbul, 2004",,,,,,https://openlibrary.org/works/OL748519W,,,openlibrary; isbndb; worldcat
9789758535262,Adult / sexual content,review,Adult / sexual content: prostitution ('fahisesi' in title),fahisesi,9758535269,Akdeniz Fahisesi,,Semra Dereli,,,,,Scala Yayincilik,record,2002,,,120,paperback,,,,,,,,https://openlibrary.org/works/OL24258332W,,,openlibrary
9789758631650,Adult / sexual content,review,Adult / sexual content: cinsellik ('cinsellik' in title),cinsellik,9758631659,Sevgi Ve Cinsellik üzerine,,Sigmund Freud; Akın Kanat,,,,,İlya,record,2003,,tr,221,,,"İlya psikoloji dizisi, İzmir, 2003",,,,,,,,,isbndb; worldcat
9789758821044,Adult / sexual content,review,Adult / sexual content: cinsellik ('cinsellik' in title),cinsellik,9758821040,Yasam ve Cinsellik,,,,,,,Mozaik Yayinlari,record,2004,,tr,208,Paperback,,,,,,,,,,,isbndb
9789759187156,Adult / sexual content,review,Adult / sexual content: erotic ('erotica' in subjects/genres),erotica,9759187159,Irene - Sakli Gunceler,,Louis Aragon,,,,"Fiction, erotica, general",Chiviyazilari Yayinevi,record,2006,,,,paperback,,,,,,,,https://openlibrary.org/works/OL8418171W,,,openlibrary
9789759920791,Adult / sexual content,review,Adult / sexual content: erotic ('erotik' in description),erotik,9759920794,Kiliç Yarasi Gibi,,Ahmet Altan,,,,,Alkim,record,2006,,tr,354,Paperback,,"Alkim, Nachaufl, Istanbul, 2006",,"Istanbul, Ende des 19. Jahrhunderts. - Die Menschen sind hin- und hergerissen zwischen islamischer Tradition und abendländischer Zivilisation. Armenische Aufständische und ihre Komplizen, politische Ereignisse der Zeit, Spannung, Erotik und Mystik sind weitere Themen dieses neoklassischen Romans",,,,https://openlibrary.org/works/OL35283560W,,,openlibrary; isbndb; worldcat; openlibrary; internet_archive
9789944143028,Adult / sexual content,review,Adult / sexual content: erotic ('eroticism' in subjects/genres) | Adult / sexual content: LoC: erotic/sex instruction ('eroticism in literature' in subjects),eroticism; eroticism in literature,9944143022,Cemal Süreya şiirinde kadın ve erotizm,,Özgür Özmeral,,,Language & literature,"Cemal Süreya, -- 1931- -- Criticism and interpretation; Turkish poetry -- 20th century -- History and criticism; Women in literature; Eroticism in literature; Criticism and interpretation; History and criticism; Turkish poetry; Turkish Authors",Ozan Yayıncılık,record,2007,İstanbul,tur,208,Paperback,,,,,,PL248.S776 Z83 2007; PL235.S97 Z5 2007,183213010,https://openlibrary.org/works/OL13649132W,,,openlibrary; isbndb; hathitrust
9789944257060,Adult / sexual content,review,Adult / sexual content: cinsellik ('cinsel sorunlariniza' in title) | Adult / sexual content: LCC HQ21-32 (sex instruction) ('hq31 .s46 2007' in lcc),cinsel sorunlariniza; hq31 .s46 2007,9944257060,Nlp Ile Cinsel Sorunlariniza Çöz.,,Bulent Senyurek,,SELF-HELP / Neuro-Linguistic Programming (NLP),Philosophy & psychology,Neuro-linguistic programming; Nörolinguistik programlama; Sexual problems; Cinsel problemler,Akis Kitap,record,2015,,tr,,paperback,,"Hiperlink, İstanbul, 2007",,,155.34,HQ31 .S46 2007,,https://openlibrary.org/works/OL26407114W,,,openlibrary; ebsco
9789944314206,Adult / sexual content,review,Adult / sexual content: prostitution ('genelev' in title),genelev,994431420X,"""Hayatsız kadın""",bir kadının genelev yaşamı : Ayşe₋₋,Alper Uruş,,,Social sciences,Prostitutes; Prostitution; Politics and government,Detay Yayıncılık,record,2008,"Mahmutbey, İstanbul",tur,209,,Öykü,1. baskı.,,"Tükrükçü, Ayşe, 1967-; prostitute; biography; Turkey; prostitution; politics and government; 1980-",,HQ231.93.A5 U78 2008; HQ231.93.A5 U787 2008,492143105,https://openlibrary.org/works/OL24123627W,,,openlibrary; worldcat
9789944528900,Adult / sexual content,review,Adult / sexual content: cinsellik ('cinsellik' in title),cinsellik,9944528900,Cinsellik ve Sınıf Mücadelesi,,Reimut Reiche,,,,,Gri Yayınevi,record,2006,,tr,,,,"1. Aufl, Istanbul, 2006",,,,,,,,,worldcat
9789944826419,Adult / sexual content,review,Adult / sexual content: erotic ('erotica' in subjects/genres) | Adult / sexual content: sex manual ('sexual fantasies' in subjects/genres) | Adult / sexual content: LoC: erotic/sex instruction ('sexual fantasies' in subjects),erotica; sexual fantasies,9944826413,SECRET,,L. Marie Adeline,,,,"Fiction, erotica; Grief in women; Fiction; Secret societies; Self-realization in women; Fiction, erotica, general; New orleans (la.), fiction; Waitresses; Sexual fantasies; Canadian fiction",Epsilon Yayinlari,record,2013,,,277,paperback,,,,"S.E.C.R.E.T es un club en el que se realizan fantasías sexuales, en el que la mujer se hace dueña de su cuerpo y sus deseos. Una vez se acepta entrar en la organización, la mujer debe seleccionar las diez fantasías que quiere vivir",,,,https://openlibrary.org/works/OL21052280W,,,openlibrary
9789944885706,Adult / sexual content,review,Adult / sexual content: orgy/orgasm ('orgasm' in subjects/genres),orgasm,9944885703,Otomatik Portakal,,Anthony Burgess,,,Literature,bible; aversion therapy; unintended consequences; Beethoven's Fifth Symphony; gang rape; psychiatric hospitals; maturity; metanoia; assault; joyriding; rape; metafiction; orgasm; novella; antisocial personality disorder; classical music; black comedy; argot; Nadsat; dystopias; satire; literature; Juvenile delinquents; Science fiction; Rehabilitation,Is Bankasi Kultur Yayinlari,record,1972,,tr,172,paperback,,1st,,"A Clockwork Orange is a dystopian satirical black comedy novel by English writer Anthony Burgess, published in 1962. It is set in a near-future society that has a youth subculture of extreme violence. The teenage protagonist, Alex, narrates his violent exploits and his experiences with state authorities intent on reforming him. The book is partially written in a Russian-influenced argot called ""Nadsat"", which takes its name from the Russian suffix that is equivalent to '-teen' in English. According to Burgess, it was a jeu d'esprit written in just three weeks. In 2005, A Clockwork Orange was included on Time magazine's list of the 100 best English-language novels written since 1923, and it was named by Modern Library and its readers as one of the 100 best English-language novels of the 20th century. The original manuscript of the book has been kept at McMaster University's William Ready Division of Archives and Research Collections in Hamilton, Ontario, Canada since the institution purchased the documents in 1971. It is considered one of the most influential dystopian books. ---------- Also contained in: [A Clockwork Orange and Honey for the Bears](https://openlibrary.org/works/OL23787405W) [A Clockwork Orange / The Wanting Seed](https://openlibrary.org/works/OL17306508W)",823.914,,,https://openlibrary.org/works/OL261794W,,,openlibrary; isbndb; isbndb; worldcat; openlibrary
9789944967082,Adult / sexual content,review,Adult / sexual content: sehvet/sevisme ('sevismenin' in title),sevismenin,9944967084,Sevişmenin hiçbir riski yokyur içinde aşk yoksa,,Çisel Onat,,,,,Liman,isbn_prefix,,,tr,,,,,,,,,,,,,google_books
9789963291014,Adult / sexual content,review,Adult / sexual content: sehvet/sevisme ('sehvetin' in title),sehvetin,9963291015,"Lamda, iyi ve kötünün, aşk ve şehvetin romanı",,Ejdan Sadrazam,,,,Turkish fiction,Kıbrıs Türk Yazarlar Birliği,record,2013,Lefkoşa,tur,446,,,,,,,,948842060,https://openlibrary.org/works/OL41424706W,,,openlibrary
9789963931118,Adult / sexual content,review,Adult / sexual content: cinsellik ('cinsellikten' in title),cinsellikten,9963931111,Cinsellikten politikaya,90 kitaptan süzdüklerim,Salih Öztoprak,,,General works,Social change; Political science; Education; Philosophy; Civilization,S. Öztoprak,record,2007,"Yenikent, Gönyeli",tur,290,,,1. baskı.,,,,AC141 O38 2007,1117274864,https://openlibrary.org/works/OL37023428W,,,openlibrary
9799753294392,Adult / sexual content,review,Adult / sexual content: prostitution ('fahiselerin' in title),fahiselerin,,Kibar Fahiselerin Ihtisami Ve Cöküsü,,Honore de Balzac ( de Balzac),,,,,,,,,tr,,,,,,,,,,,,,google_books
9786051820194,Anti-Islamic / religiously offensive,high,Anti-Islamic / religiously offensive: author: Ilhan Arsel ('ilhan arsel' in authors),ilhan arsel,6051820191,Seriat ve Aydinlanma,,Ilhan Arsel,,,,,Kaynak Yayinlari,record,2016,,,368,paperback,,,,,,,,https://openlibrary.org/works/OL26157022W,,,openlibrary
9786056898594,Anti-Islamic / religiously offensive,high,Anti-Islamic / religiously offensive: author: Turan Dursun ('turan dursun' in authors),turan dursun,6056898598,Kutsal Kitapların Kaynakları 1-2-3,,Turan Dursun,,,,,Kaynak Yayınları,record,2020,,tr,485,paperback,,,,,,,,https://openlibrary.org/works/OL26371686W,,,openlibrary; isbndb
9786056935459,Anti-Islamic / religiously offensive,high,Anti-Islamic / religiously offensive: author: Ilhan Arsel ('ilhan arsel' in authors),ilhan arsel,6056935450,Toplumsal Geriliklerimizin Sorumluları Din Adamları,,İlhan Arsel,,,,,Kaynak Yayınları,record,2019,,,528,paperback,,,,,,,,https://openlibrary.org/works/OL26239999W,,,openlibrary
9786056935473,Anti-Islamic / religiously offensive,high,Anti-Islamic / religiously offensive: author: Ilhan Arsel ('ilhan arsel' in authors),ilhan arsel,6056935477,Şeriat ve Kadın,,İlhan Arsel,,,,Women (Islamic law); Women in the Qurʼan; Islamic law; Women,Kaynak Yayınları,record,2019,,,565,paperback,,,,,,,,https://openlibrary.org/works/OL26371692W,,,openlibrary
9786056935480,Anti-Islamic / religiously offensive,high,Anti-Islamic / religiously offensive: author: Ilhan Arsel ('ilhan arsel' in authors),ilhan arsel,6056935485,Tevrat ve İncil’in Eleştirisi,,İlhan Arsel,,,,,Kaynak Yayınları,record,2021,,tr,248,Paperback,,,,,,,,,,,isbndb
9786057707017,Anti-Islamic / religiously offensive,high,Anti-Islamic / religiously offensive: author: Turan Dursun ('turan dursun' in authors),turan dursun,605770701X,Din Bu 3,,Turan Dursun,,,,,Kaynak Yayınları,record,2020,,,304,paperback,,,,,,,,https://openlibrary.org/works/OL26365868W,,,openlibrary
9786057707079,Anti-Islamic / religiously offensive,high,Anti-Islamic / religiously offensive: author: Turan Dursun ('turan dursun' in authors),turan dursun,6057707079,Din Bu - 1; Tanri ve Kur'an,,Turan Dursun,,,,,Kaynak Yayinlari,record,2019,,,,paperback,,,,,,,,https://openlibrary.org/works/OL26371725W,,,openlibrary
9786057707086,Anti-Islamic / religiously offensive,high,Anti-Islamic / religiously offensive: author: Turan Dursun ('turan dursun' in authors),turan dursun,6057707087,Din Bu 2 Hz. Muhammed,,Turan Dursun,,,,,Kaynak Yayinlari,record,2020,,,414,paperback,,,,,,,,https://openlibrary.org/works/OL26371734W,,,openlibrary
9786057707659,Anti-Islamic / religiously offensive,high,Anti-Islamic / religiously offensive: author: Ilhan Arsel ('ilhan arsel' in authors),ilhan arsel,6057707656,Şeriat'tan Kıssa'lar,,Ilhan Arsel,,,,,Kaynak Yayinlari,record,2020,,,582,paperback,,,,,,,,https://openlibrary.org/works/OL26371731W,,,openlibrary
9786059909648,Anti-Islamic / religiously offensive,high,Anti-Islamic / religiously offensive: Tanri Yanilgisi ('tanri yanilgisi' in title) | Anti-Islamic / religiously offensive: author: New Atheism ('richard dawkins' in authors),richard dawkins; tanri yanilgisi,6059909647,Tanri Yanilgisi,,Richard Dawkins,,,,god; atheism; bible; war; religion; abuse; propaganda; nihilism; open_syllabus_project; Controversial literature; Areligiosität; Athéisme; Religiekritiek; Atheismus; Philosophy; Secular; Indoctrination; Ouvrages de controverse; Religious Philosophies; Religion and Science; Proof; New York Times reviewed; Evolution; Religionskritik; Biological Evolution,Kuzey Yayinlari,record,2020,,,480,hardcover,,,,"Publication Date: January 16, 2008 A preeminent scientist—and the world's most prominent atheist—asserts the irrationality of belief in God and the grievous harm religion has inflicted on society, from the Crusades to 9/11. With rigor and wit, Dawkins examines God in all his forms, from the sex-obsessed tyrant of the Old Testament to the more benign (but still illogical) Celestial Watchmaker favored by some Enlightenment thinkers. He eviscerates the major arguments for religion and demonstrates the supreme improbability of a supreme being. He shows how religion fuels war, foments bigotry, and abuses children, buttressing his points with historical and contemporary evidence. _The God Delusion_ makes a compelling case that belief in God is not just wrong but potentially deadly. It also offers exhilarating insight into the advantages of atheism to the individual and society, not the least of which is a clearer, truer appreciation of the universe's wonders than any faith could ever muster.",,,,https://openlibrary.org/works/OL1966485W,,,openlibrary
9789753430128,Anti-Islamic / religiously offensive,high,Anti-Islamic / religiously offensive: author: Turan Dursun ('turan dursun' in authors) | Anti-Islamic / religiously offensive: LoC: Islam -- Controversial literature ('koran -- controversial literature' in subjects),koran -- controversial literature; turan dursun,9753430124,Tabu can çekişiyor--din bu,,Turan Dursun,,,"Philosophy, psychology & religion","Koran -- Evidences, authority, etc; Koran -- Controversial literature; Controversial literature; Evidences, authority; Koran; Qurʼan; Islam; Islam and politics; Islam and social problems; Evidences, Authority, Etc",Kaynak Yayınları,record,1990,"Cağaloğlu, İstanbul",tur,,Unknown Binding,,1. baskı.,,,,BP130.7 .D87 1990,27071961; 23697231,https://openlibrary.org/works/OL1787006W,5337719,,openlibrary; isbndb; worldcat
9789753430135,Anti-Islamic / religiously offensive,high,Anti-Islamic / religiously offensive: author: Turan Dursun ('turan dursun' in authors),turan dursun,9753430132,Tabu can çekişiyor--din bu,,Turan Dursun,,,,,Kaynak Yayınları,record,1994,,tr,,,,"14. basım, Cağaloğlu, İstanbul, 1994-",,,,,,,,,worldcat
9789753430159,Anti-Islamic / religiously offensive,high,Anti-Islamic / religiously offensive: author: Turan Dursun ('turan dursun' in authors),turan dursun,9753430159,Tabu can çekişiyor din bu. 3. kitap : Din bu 3,,Turan Dursun,,,,,Kaynak Yayinlari,isbn_prefix,1993,,tr,,,,"5. baskı, 1993",,"En debatbog om islam og profeten Muhammad. Forfatteren, som blev dræbt af en radikal islamisk organisation, diskuterer profetens og Koranens troværdighed ved at undersøge adskillige kapitler og vers i Koranen",,,,,,,worldcat
9789753430173,Anti-Islamic / religiously offensive,high,Anti-Islamic / religiously offensive: author: Turan Dursun ('turan dursun' in authors),turan dursun,9753430175,Dua,,Turan Dursun,,,Music,Islam -- Prayer-books and devotions -- Turkish; Islam; Prayer-books and devotions; Turkish; Prayers and devotions; Prayer; Hadith,Kaynak Yayınları,record,1992,"Cağaloğlu, İstanbul",tur,115,Paperback,,1. baskı.,,,,MLCSN 95/420; BP183.3,,https://openlibrary.org/works/OL1786998W,5337722,,openlibrary; isbndb
9789753430180,Anti-Islamic / religiously offensive,high,Anti-Islamic / religiously offensive: author: Turan Dursun ('turan dursun' in authors),turan dursun,9753430183,Allah,,Turan Dursun,,,"Philosophy, psychology & religion",God (Islam),Kaynak Yay♯łnlar♯ł,record,1992,"Cag alog lu, I stanbul",tur; ara,93,Paperback,,5. bask♯ł.,,"Radikal Müslüman Bir örgüt Tarafından öldürülen Yazar, Bu Kitabında Islam öncesi Ve Sonrası Kaynaklardan örneklerle Allah Adını Tartışıyor",,BP166.2 .D87 1992,49307802,https://openlibrary.org/works/OL16963256W,,,openlibrary; isbndb; openlibrary
9789753430593,Anti-Islamic / religiously offensive,high,Anti-Islamic / religiously offensive: author: Turan Dursun ('turan dursun' in authors),turan dursun,9753430590,Ünlülere mektuplar,,Turan Dursun,,,Music,"Dursun, Turan -- Correspondence; Islam -- Turkey; Islam and politics -- Turkey; Laicism -- Turkey; Correspondence; Islam and politics; Laicism; Islam; CorrespondenceDursun, Turan; Islam--Turkey; Islam and politics--Turkey; Laicism--Turkey",Kaynak Yayınları,record,1993,"Beyoğlu, İstanbul",tur,80,Paperback,,1. basım.,,Turan Dursun. 139--p. Facing T.p.,,MLCSN 96/2341; BP63.T8,30119128,https://openlibrary.org/works/OL1787005W,5337717,,openlibrary; isbndb; hathitrust
9789753430609,Anti-Islamic / religiously offensive,high,Anti-Islamic / religiously offensive: author: Turan Dursun ('turan dursun' in authors) | Anti-Islamic / religiously offensive: LoC: Islam -- Controversial literature ('koran -- controversial literature' in subjects),koran -- controversial literature; turan dursun,9753430604,Tabu can çekişiyor--din bu,,Turan Dursun,,,"Philosophy, psychology & religion","Koran -- Evidences, authority, etc; Koran -- Controversial literature; Controversial literature; Evidences, authority; Koran; Qurʼan; Islam; Islam and politics; Islam and social problems",Kaynak Yayınları,record,1990,"Cağaloğlu, İstanbul",tur,,Book,,1. baskı.,,"2. Turan Dursun. 84-86, 151--p. Facing T.p., V. 1-4. Vol. 1: 15. Basım. Vol. 2: 2. Baskı. Vol. 4: 2. Baskı. Includes Bibliographical References.",,BP130.7 .D87 1990,"27071961; 23697231; 23697231,27071961",https://openlibrary.org/works/OL1787006W,5337719,,openlibrary; isbndb; worldcat; hathitrust; hathitrust
9789753430661,Anti-Islamic / religiously offensive,high,Anti-Islamic / religiously offensive: author: Turan Dursun ('turan dursun' in authors),turan dursun,9753430663,Kur'an ansiklopedisi,,Turan Dursun,,,"Philosophy, psychology & religion",Koran -- Encyclopedias -- Turkish; Encyclopedias; Koran; Turkish; Qurʼan; Commentaries,Kaynak Yayınları; Analiz Basım Yayın Tasarım Uygulama,record,1994,"[Istanbul]; Beyoğlu, İstanbul",tur; ara,,Paperback,,"8, 1",,,,BP133 .D87 1994,30983816,https://openlibrary.org/works/OL1787003W,3104560,,openlibrary; isbndb; nexusstc; hathitrust
9789753430678,Anti-Islamic / religiously offensive,high,Anti-Islamic / religiously offensive: author: Turan Dursun ('turan dursun' in authors),turan dursun,9753430671,Kur'an ansiklopedisi,,Turan Dursun,,,"Philosophy, psychology & religion",Koran -- Encyclopedias -- Turkish; Encyclopedias; Koran; Turkish; Qurʼan; Commentaries,Kaynak Yayınları; Analiz Basım Yayın Tasarım Uygulama,record,1994,"[Istanbul]; Beyoğlu, İstanbul",tur; ara,,Paperback,,,,"1. Âbâ-akıl -- 2. Akra-arab -- 3. Arabu-borç -- 4. Boşa-dua -- 5. Dua-hicret -- 6. Hicret-kâfir -- 7. Kalb-kuşku -- 8. Kuvvet-mucize. Turan Dursun. Includes Bibliographical References. In Turkish, With Brief Passages In Arabic.",,BP133 .D87 1994,30983816,https://openlibrary.org/works/OL1787003W,3104560,,openlibrary; isbndb; google_books; hathitrust
9789753430692,Anti-Islamic / religiously offensive,high,Anti-Islamic / religiously offensive: author: Turan Dursun ('turan dursun' in authors),turan dursun,9753430698,Kur'an ansiklopedisi,,Turan Dursun,,,"Philosophy, psychology & religion",Koran -- Encyclopedias -- Turkish; Encyclopedias; Koran; Turkish; Qurʼan; Commentaries,Kaynak Yayınları; Analiz Basım Yayın Tasarım Uygulama,record,1994,"[Istanbul]; Beyoğlu, İstanbul",tur; ara,,Paperback,,,,"1. Âbâ-akıl -- 2. Akra-arab -- 3. Arabu-borç -- 4. Boşa-dua -- 5. Dua-hicret -- 6. Hicret-kâfir -- 7. Kalb-kuşku -- 8. Kuvvet-mucize. Turan Dursun. Includes Bibliographical References. In Turkish, With Brief Passages In Arabic.",,BP133 .D87 1994,30983816,https://openlibrary.org/works/OL1787003W,3104560,,openlibrary; isbndb; hathitrust
9789753430715,Anti-Islamic / religiously offensive,high,Anti-Islamic / religiously offensive: author: Turan Dursun ('turan dursun' in authors),turan dursun,975343071X,Kur'an ansiklopedisi,,Turan Dursun,,,"Philosophy, psychology & religion",Koran -- Encyclopedias -- Turkish; Encyclopedias; Koran; Turkish; Qurʼan; Commentaries,Kaynak Yayınları; Analiz Basım Yayın Tasarım Uygulama,record,1994,"[Istanbul]; Beyoğlu, İstanbul",tur; ara,,,,"İstanbul, 1994",,,,BP133 .D87 1994,30983816,https://openlibrary.org/works/OL1787003W,3104560,,openlibrary; worldcat; hathitrust
9789753430722,Anti-Islamic / religiously offensive,high,Anti-Islamic / religiously offensive: author: Turan Dursun ('turan dursun' in authors),turan dursun,9753430728,Kur'an ansiklopedisi,,Turan Dursun,,,"Philosophy, psychology & religion",Koran -- Encyclopedias -- Turkish; Encyclopedias; Koran; Turkish; Qurʼan; Commentaries,Kaynak Yayınları; Analiz Basım Yayın Tasarım Uygulama,record,1994,"[Istanbul]; Beyoğlu, İstanbul",tur; ara,318,Paperback,,"İstanbul, 1994",,"1. Âbâ-akıl -- 2. Akra-arab -- 3. Arabu-borç -- 4. Boşa-dua -- 5. Dua-hicret -- 6. Hicret-kâfir -- 7. Kalb-kuşku -- 8. Kuvvet-mucize. Turan Dursun. Includes Bibliographical References. In Turkish, With Brief Passages In Arabic.",,BP133 .D87 1994,30983816,https://openlibrary.org/works/OL1787003W,3104560,,openlibrary; isbndb; worldcat
9789753430739,Anti-Islamic / religiously offensive,high,Anti-Islamic / religiously offensive: author: Turan Dursun ('turan dursun' in authors),turan dursun,9753430736,Kur'an ansiklopedisi,,Turan Dursun,,,"Philosophy, psychology & religion",Koran -- Encyclopedias -- Turkish; Encyclopedias; Koran; Turkish; Qurʼan; Commentaries; Encyclopedias--Turkish,Kaynak Yayınları; Analiz Basım Yayın Tasarım Uygulama,record,1994,"[Istanbul]; Beyoğlu, İstanbul",tur; ara,318,Paperback,,"Kur'an ansiklopedisi, İstanbul, 1994",,"1. Âbâ-akıl -- 2. Akra-arab -- 3. Arabu-borç -- 4. Boşa-dua -- 5. Dua-hicret -- 6. Hicret-kâfir -- 7. Kalb-kuşku -- 8. Kuvvet-mucize. Turan Dursun. Includes Bibliographical References. In Turkish, With Brief Passages In Arabic.",,BP133 .D87 1994,30983816,https://openlibrary.org/works/OL1787003W,3104560,,openlibrary; isbndb; worldcat; nexusstc
9789753430784,Anti-Islamic / religiously offensive,high,Anti-Islamic / religiously offensive: author: Turan Dursun ('turan dursun' in authors),turan dursun,9753430787,Kur'an ansiklopedisi,,Turan Dursun,,,"Philosophy, psychology & religion",Koran -- Encyclopedias -- Turkish; Encyclopedias; Koran; Turkish; Qurʼan; Commentaries,Kaynak Yayınları; Analiz Basım Yayın Tasarım Uygulama,record,1994,"[Istanbul]; Beyoğlu, İstanbul",tur; ara,317,Paperback,,,,"1. Âbâ-akıl -- 2. Akra-arab -- 3. Arabu-borç -- 4. Boşa-dua -- 5. Dua-hicret -- 6. Hicret-kâfir -- 7. Kalb-kuşku -- 8. Kuvvet-mucize. Turan Dursun. Includes Bibliographical References. In Turkish, With Brief Passages In Arabic.",,BP133 .D87 1994,30983816,https://openlibrary.org/works/OL1787003W,3104560,,openlibrary; isbndb
9789753430791,Anti-Islamic / religiously offensive,high,Anti-Islamic / religiously offensive: author: Turan Dursun ('turan dursun' in authors),turan dursun,9753430795,Kur'an ansiklopedisi,,Turan Dursun,,,"Philosophy, psychology & religion",Koran -- Encyclopedias -- Turkish; Encyclopedias; Koran; Turkish; Qurʼan; Commentaries,Kaynak Yayınları; Analiz Basım Yayın Tasarım Uygulama,record,1994,"[Istanbul]; Beyoğlu, İstanbul",tur; ara,319,Paperback,,,,"1. Âbâ-akıl -- 2. Akra-arab -- 3. Arabu-borç -- 4. Boşa-dua -- 5. Dua-hicret -- 6. Hicret-kâfir -- 7. Kalb-kuşku -- 8. Kuvvet-mucize. Turan Dursun. Includes Bibliographical References. In Turkish, With Brief Passages In Arabic.",,BP133 .D87 1994,30983816,https://openlibrary.org/works/OL1787003W,3104560,,openlibrary; isbndb
9789753430807,Anti-Islamic / religiously offensive,high,Anti-Islamic / religiously offensive: author: Turan Dursun ('turan dursun' in authors),turan dursun,9753430809,Kur'an ansiklopedisi,,Turan Dursun,,,"Philosophy, psychology & religion",Koran -- Encyclopedias -- Turkish; Encyclopedias; Koran; Turkish; Qurʼan; Commentaries,Kaynak Yayınları; Analiz Basım Yayın Tasarım Uygulama,record,1994,"[Istanbul]; Beyoğlu, İstanbul",tur; ara,,,,"Kur'an ansiklopedisi, İstanbul, 1994",,,,BP133 .D87 1994,30983816,https://openlibrary.org/works/OL1787003W,3104560,,openlibrary; worldcat; nexusstc
9789753431033,Anti-Islamic / religiously offensive,high,Anti-Islamic / religiously offensive: author: Turan Dursun ('turan dursun' in authors),turan dursun,9753431031,Kutsal Kitaplarn Kaynaklar 1,,Turan Dursun,,,,,Kaynak Yaynlar,record,1995,,tr,,,,"PS, 1995",,"Kutsal Kitaplarn Kaynaklar, Turan Dursun lmszlnn mhrdr. Turan Dursun'un, ""Kutsal Kitaplarn Kaynaklar"" zerine aratrma yapt biliniyordu. Ancak, ldrldkten sonra, birok almas, gvenlik gleri tarafndan evinden alnp gtrlmt. Kaynak Yaynlar, Orijinali devletin elinde olan Turan Dursun'un kaybolan bayaptn katlinden 5 yl sonra okura sunuyor: . Kutsal Kitaplarn Kaynaklar ciltten oluuyor:Birinci ciltte, Kur'an, ncil ve Tevrat'ta yer alan ""korku""yu, korku-umut kayna Tanr'y, ""Efendi Baba Tanr"" kavramn, ""Kral Tanr'nn Ynetimi""ni, bunlarn kaynaklarn bulacaksnz. kinci ciltte ""Peygamberlik"" konusunu, ""kabile peygamberi Muhammed'i"", peygamberliin koullarn ve trlerini, ""felsefe-din iftlemesini""; nc ciltte ""Mucize"" konusunu, ""Mucize"" inancnn kaynan, ""Mucize""lerden rnekleri; Turan Dursun'un binlerce yl derinliklere uzanan titiz almasyla bulacaksnz.",,,,,,,goodreads
9789753431040,Anti-Islamic / religiously offensive,high,Anti-Islamic / religiously offensive: author: Turan Dursun ('turan dursun' in authors),turan dursun,975343104X,Kutsal Kitaplarin Kaynaklari 1,,Turan Dursun,,,,"Evidences, authority; Relation to the Bible; Religions; Islam; Relations; Qurʼan",Kaynak Yayinlari,record,2018,,tur,,paperback,,,,,,,34692018,https://openlibrary.org/works/OL26365801W,,,openlibrary
9789753431064,Anti-Islamic / religiously offensive,high,Anti-Islamic / religiously offensive: author: Turan Dursun ('turan dursun' in authors),turan dursun,9753431066,Kutsal kitapların kaynakları / 3,,Turan Dursun,,,,,Kaynak,record,1996,,tr,,,,"Kaynak yayınları, 2. basım, İstanbul, 1996",,,,,,,,,worldcat
9789753431156,Anti-Islamic / religiously offensive,high,Anti-Islamic / religiously offensive: author: Turan Dursun ('turan dursun' in authors),turan dursun,9753431155,Muslumanlik ve Nurculuk,,Turan Dursun,,,,,Kaynak Yayinlari,record,1971,,tr,,paperback,,"2. basım, Beyoğlu, İstanbul, 1996",,,,,,https://openlibrary.org/works/OL26365803W,,,openlibrary; worldcat
9789753431262,Anti-Islamic / religiously offensive,high,Anti-Islamic / religiously offensive: author: Ilhan Arsel ('ilhan arsel' in authors),ilhan arsel,9753431260,Şeriat'tan kıssa'lar,,İlhan Arsel,,,"Philosophy, psychology & religion",Islamic stories -- History and criticism; History and criticism; Islamic stories; Qurʼan stories,Kaynak Yayınları,record,1996,"Beyoğlu, İstanbul",tur,,Paperback,,1. basım.,,,,BP89 .A77 1997; BP130.5 .A78 1996,44425740,https://openlibrary.org/works/OL1786549W,3125706,,openlibrary; isbndb; worldcat; openlibrary
9789753431279,Anti-Islamic / religiously offensive,high,Anti-Islamic / religiously offensive: author: Ilhan Arsel ('ilhan arsel' in authors),ilhan arsel,9753431279,Diyanet'e cevap,kadınları aşağılayan hükümler konusunda Başbakanlığa mektup,İlhan Arsel,,,Music,Islam; Women,Kaynak Yayınları,record,1996,"Beyoğlu, İstanbul",tur,132,Paperback,,1. basım.,,İlhan Arsel. 190--p. Facing T.p.,,MLCSN 2000/00029 (B); BP63.T8 A78 1996,40163433,https://openlibrary.org/works/OL1786548W,3125708,,openlibrary; isbndb; worldcat
9789753431347,Anti-Islamic / religiously offensive,high,Anti-Islamic / religiously offensive: author: Ilhan Arsel ('ilhan arsel' in authors),ilhan arsel,9753431341,Turan Dursun'a mektuplar,,İlhan Arsel,,Correspondence,"Philosophy, psychology & religion","Arsel, İlhan -- Correspondence; Dursun, Turan -- Correspondence; Scholars, Muslim -- Turkey -- Correspondence; Islam; Correspondence; Muslim Scholars; Scholars, Muslim; Arsel, İlhan; Dursun, Turan; Muslim scholars--Turkey--Correspondence; Turan Dursun;friends and associates",Kaynak Yayınları,record,1996,"Beyoğlu, İstanbul",tur,143,Paperback,,1. basım.,,İlhan Arsel. 194--p. Facing T.p.,,BP80 .A77 1996,40163434,https://openlibrary.org/works/OL1786558W,3125705,,openlibrary; isbndb
9789753431507,Anti-Islamic / religiously offensive,high,Anti-Islamic / religiously offensive: author: Ilhan Arsel ('ilhan arsel' in authors),ilhan arsel,9753431503,Seriat Devleti'nden Laik Cumhuriyet'e,,Ilhan Arsel,,,,,Kaynak Yayinlari,record,2006,,,,paperback,,,,,,,,https://openlibrary.org/works/OL26365814W,,,openlibrary
9789753431644,Anti-Islamic / religiously offensive,high,Anti-Islamic / religiously offensive: author: Ilhan Arsel ('ilhan arsel' in authors),ilhan arsel,9753431643,Şeriat'tan kıssa'lar,,İlhan Arsel,,,"Philosophy, psychology & religion",Islamic stories -- History and criticism; History and criticism; Islamic stories; Qurʼan stories,Kaynak Yayınları,record,1996,"Beyoğlu, İstanbul",tur,,Paperback,,1. basım.,,"İlhan Arsel. 189--p. Facing T.p., V. [1]. 211--p. Facing T.p., V. 2. Includes Bibliographical References And Indexes.",,BP89 .A77 1997; BP130.5 .A78 1996,44425740,https://openlibrary.org/works/OL1786549W,3125706,,openlibrary; isbndb; worldcat; openlibrary
9789753431835,Anti-Islamic / religiously offensive,high,Anti-Islamic / religiously offensive: author: Ilhan Arsel ('ilhan arsel' in authors),ilhan arsel,975343183X,Şeriat ve kölelik,,İlhan Arsel,,,Social sciences,Slavery and Islam; Slavery (Islamic law); Slavery in the Koran; Slavery in the Qurʼan,Kaynak Yayınları,record,1997,"Beyoğlu, İstanbul",tur,95,,,1. basım.,,,,HT919 .A77 1997,40783501,https://openlibrary.org/works/OL1786552W,3125710,,openlibrary; google_books
9789753432009,Anti-Islamic / religiously offensive,high,Anti-Islamic / religiously offensive: author: Ilhan Arsel ('ilhan arsel' in authors),ilhan arsel,9753432003,Seriat ve Kadin,,Ilhan Arsel,,,,,Kaynak Yayinlari,record,2014,,tr,,paperback,,"13. bs, İstanbul, 1995",,,,,,https://openlibrary.org/works/OL26372455W,,,openlibrary; isbndb; worldcat
9789753432078,Anti-Islamic / religiously offensive,high,Anti-Islamic / religiously offensive: author: Ilhan Arsel ('ilhan arsel' in authors),ilhan arsel,9753432070,Tevrat ve Incil'in Elestirisi,,Ilhan Arsel,,,,"Criticism, interpretation; Bible",Kaynak Yayinlari,record,2011,,tur,242,paperback,,,,,,,1090276949,https://openlibrary.org/works/OL26276446W,,,openlibrary
9789753432085,Anti-Islamic / religiously offensive,high,Anti-Islamic / religiously offensive: author: Turan Dursun ('turan dursun' in authors),turan dursun,9753432089,Şeriat böyle,,Turan Dursun,,Correspondence,Language & literature,"Dursun, Turan -- Correspondence; Boynuince, Erkan -- Correspondence; Motion pictures -- Turkey; Correspondence; Motion pictures; Islamic law",Kaynak Yayınları,record,1997,"Beyoğlu, İstanbul",tur,71,Paperback,,1. basım.,,,,PN1993.5.T8 D87 1997; MLCSN 98/2336 (B),40783502,https://openlibrary.org/works/OL1786999W,5337729,,openlibrary; isbndb
9789753432597,Anti-Islamic / religiously offensive,high,Anti-Islamic / religiously offensive: author: Ilhan Arsel ('ilhan arsel' in authors),ilhan arsel,9753432593,Islama Gore Diger Dinler,,Ilhan Arsel,,,,Islam; Relations; Christianity; Judaism,Kaynak Yayinlari,record,1999,,tur,280,paperback,,,,,,,51674192,https://openlibrary.org/works/OL26276448W,,,openlibrary
9789753432603,Anti-Islamic / religiously offensive,high,Anti-Islamic / religiously offensive: author: Ilhan Arsel ('ilhan arsel' in authors),ilhan arsel,9753432607,Kur'an'daki kitaplılar,,İlhan Arsel,,,,Jews in the Qurʼan; Christianity in the Qurʼan; Relation to the Bible; Christianity and other religions; Islam; Ethnic relations; Qurʼan,Kaynak Yayınları,record,1999,"Beyoğlu, İstanbul",tur,196,,,1. basım.,,,,,47766309,https://openlibrary.org/works/OL45076890W,,,openlibrary
9789753432726,Anti-Islamic / religiously offensive,high,Anti-Islamic / religiously offensive: author: Ilhan Arsel ('ilhan arsel' in authors),ilhan arsel,9753432720,Kur'an'ın eleştirisi,,İlhan Arsel,,,"Philosophy, psychology & religion","Koran -- Criticism, interpretation, etc; Criticism, interpretation; Koran; Qurʼan; Criticism, interpretation, etc",Kaynak Yayınları,record,1999,"Beyoğlu, İstanbul",tur,368,Paperback,"Semavi dinlerin ""kutsal"" bilinen kitapları; 2-<4 >",1. basım.,,"Koran; Criticism And Interpretation. İlhan Arsel. 286--p. Facing T.p., Vol. 1. 295--p. Facing T.p., Vol. 2. Includes Bibliographical References And Index.",,BP130.4 .A755 1999; BP130.1 .A78 1999,43549215,https://openlibrary.org/works/OL1786553W,3125711,,openlibrary; isbndb
9789753432825,Anti-Islamic / religiously offensive,high,Anti-Islamic / religiously offensive: author: Ilhan Arsel ('ilhan arsel' in authors),ilhan arsel,9753432828,Kur'an'ın eleştirisi,,İlhan Arsel,,,"Philosophy, psychology & religion","Koran -- Criticism, interpretation, etc; Criticism, interpretation; Koran; Qurʼan; Criticism, interpretation, etc",Kaynak Yayınları,record,1999,"Beyoğlu, İstanbul",tur,,Paperback,"Semavi dinlerin ""kutsal"" bilinen kitapları; 2-<4 >",1. basım.,,"Koran; Criticism And Interpretation. İlhan Arsel. 286--p. Facing T.p., Vol. 1. 295--p. Facing T.p., Vol. 2. Includes Bibliographical References And Index.",,BP130.4 .A755 1999; BP130.1 .A78 1999,43549215,https://openlibrary.org/works/OL1786553W,3125711,,openlibrary; isbndb
9789753433020,Anti-Islamic / religiously offensive,high,Anti-Islamic / religiously offensive: author: Ilhan Arsel ('ilhan arsel' in authors),ilhan arsel,9753433026,Kur'an'ın eleştirisi,,İlhan Arsel,,,"Philosophy, psychology & religion","Koran -- Criticism, interpretation, etc; Criticism, interpretation; Koran; Qurʼan; Criticism, Interpretation, Etc",Kaynak Yayınları,record,1999,"Beyoğlu, İstanbul",tur,408,Paperback,"Semavi dinlerin ""kutsal"" bilinen kitapları; 2-<4 >",1. basım.,,,,BP130.4 .A755 1999; BP130.1 .A78 1999,43549215,https://openlibrary.org/works/OL1786553W,3125711,,openlibrary; isbndb
9789753433129,Anti-Islamic / religiously offensive,high,Anti-Islamic / religiously offensive: author: Ilhan Arsel ('ilhan arsel' in authors),ilhan arsel,9753433123,"Muhammed'e göre ""Muhammed""",,İlhan Arsel,,,"Philosophy, psychology & religion","Muḥammad, Prophet, d. 632 -- Hadith; Hadith -- Criticism, interpretation, etc; Hadith; Criticism, interpretation",Kaynak Yayınları,record,2000,"Beyoğlu, İstanbul",tur,398,Paperback,,1. basım.,,İlhan Arsel. 316--p. Facing T.p. Includes Bibliographical References And Index.,,BP135.8.M85 A77 2000; BP75.2 A78 2000,48795157,https://openlibrary.org/works/OL1786555W,3125709,,openlibrary; isbndb; worldcat
9789753433464,Anti-Islamic / religiously offensive,high,Anti-Islamic / religiously offensive: author: Ilhan Arsel ('ilhan arsel' in authors) | Anti-Islamic / religiously offensive: LoC: Islam -- Controversial literature ('islam--controversial literature' in subjects),ilhan arsel; islam--controversial literature,9753433468,Müslümanlık sınavı,,İlhan Arsel,,,"Philosophy, psychology & religion",Islam; Muslims; Islam--Controversial literature,Kaynak Yayınları,record,2002,"Beyoğlu, İstanbul",tur,120,Paperback,,1. basım.,,İlhan Arsel. 349--p. Facing T.p. Includes Bibliographical References And Index.,,BP161.3 .A77 2002,53792705,https://openlibrary.org/works/OL1786554W,,,openlibrary; isbndb; worldcat
9789753434256,Anti-Islamic / religiously offensive,high,Anti-Islamic / religiously offensive: author: Ilhan Arsel ('ilhan arsel' in authors) | Anti-Islamic / religiously offensive: LoC: Islam -- Controversial literature ('islam--controversial literature' in subjects),ilhan arsel; islam--controversial literature,9753434251,"Şeriat, insan, ve akıl",,İlhan Arsel,,,"Philosophy, psychology & religion","Commentaries; Criticism, interpretation; Islamic law; Rationalism; Qurʼan; Islam; Controversial literature; Criticism, interpretation, etc; Islam--Controversial literature",Kaynak Yayınları,record,2005,"Galatasaray, İstanbul",tur,308,Paperback,İlhan Arsel'in eserleri -- 20,1. basım.,,İlhan Arsel. 421--p. Facing T.p. Includes Index. Includes Bibliographical References.,,BP130.4 .A7555 2005; BP130.4 .A77 2005,62318485,https://openlibrary.org/works/OL23975083W,,,openlibrary; isbndb; goodreads; hathitrust
9789753434393,Anti-Islamic / religiously offensive,high,Anti-Islamic / religiously offensive: author: Ilhan Arsel ('ilhan arsel' in authors),ilhan arsel,9753434391,Şeriat ve eşitsizlik,,İlhan Arsel,,,"Philosophy, psychology & religion",Equality -- Religious aspects -- Islam; Conflict of laws (Islamic law); Islamic law; Equality; Islam; Religious aspects; Religious aspects of Equality; Equality--Religious aspects--Islam,Kaynak Yayınları,record,2006,"Galatasaray, İstanbul",tur,80,Paperback,İlhan Arsel'in eserleri -- 22,1. basım.,,İlhan Arsel. 436--p. Facing T.p. Includes Bibliographical References.,,BP173.45 .A77 2006,70071228,https://openlibrary.org/works/OL1786550W,,,openlibrary; isbndb
9789753434683,Anti-Islamic / religiously offensive,high,Anti-Islamic / religiously offensive: author: Turan Dursun ('turan dursun' in authors),turan dursun,9753434685,DİN BU 1 TANRI VE KURAN,,Turan Dursun,,,,,Kaynak Yaynlar; Kaynak Yayınları,record,2017,,tr,,paperback,,"İstanbul, 2006",,,,,,https://openlibrary.org/works/OL26372461W,,,openlibrary; isbndb; worldcat
9789753434706,Anti-Islamic / religiously offensive,high,Anti-Islamic / religiously offensive: author: Turan Dursun ('turan dursun' in authors),turan dursun,9753434707,Din Bu-2,,Turan Dursun,,,,,Kaynak Yayinlari,record,2017,,tr,414,paperback,,2013,,,,,,https://openlibrary.org/works/OL26372462W,,,openlibrary; isbndb; isbndb; worldcat
9789753434720,Anti-Islamic / religiously offensive,high,Anti-Islamic / religiously offensive: author: Turan Dursun ('turan dursun' in authors),turan dursun,9753434723,Din Bu-3,,Turan Dursun,,,,,Kaynak Yayinlari,record,2017,,tr,304,paperback,,"İstanbul, 2006",,,,,,https://openlibrary.org/works/OL26365868W,,,openlibrary; isbndb; worldcat
9789753434829,Anti-Islamic / religiously offensive,high,Anti-Islamic / religiously offensive: author: Ilhan Arsel ('ilhan arsel' in authors),ilhan arsel,9753434820,Kur'an'daki Tanrı,Muhammed'in Tanrı anlayışı,İlhan Arsel,,,"Philosophy, psychology & religion","Muḥammad, -- Prophet, -- d. 632; God (Islam); Qurʼanic teaching; Hadith; Criticism, interpretation; Muḥammad , -632; God (Islam)--Qurʼanic teaching",Kaynak Yayınları,record,2007,"Galatasaray, İstanbul",tur,608,Paperback,İlhan Arsel'in eserleri -- 23,1. basım.,,God (Islam) in Koran and Hadith; criticism and interpretation.,,BP134.G6 A77 2007,298692506,https://openlibrary.org/works/OL12299011W,,,openlibrary; isbndb
9789753435222,Anti-Islamic / religiously offensive,high,Anti-Islamic / religiously offensive: author: Ilhan Arsel ('ilhan arsel' in authors),ilhan arsel,9753435223,Şeriatçıyla mücadelenin el kitabi,,İlhan Arsel,,,"Philosophy, psychology & religion",Islam and state; Muslims; Islam and politics; Islamic law; Conduct of life; Islamic ethics; Secularism; Secularism--Turkey; Muslims--Conduct of life; Islamic law--Turkey; Islam and politics--Turkey; Islam and state--Turkey,Kaynak Yayınları,record,2008,"Galatasaray, İstanbul",tur,84,print,İlhan Arsel'in eserleri -- 24,3. basım.,,İlhan Arsel. 508--p. Facing T.p. Includes Bibliographical References.,,BP173.7 .A69 2008; BP161.3 .A775 2008; BP161.3 .A77 2008,495524519,https://openlibrary.org/works/OL16614497W,,,openlibrary; isbndb; worldcat
9789753435451,Anti-Islamic / religiously offensive,high,Anti-Islamic / religiously offensive: author: Ilhan Arsel ('ilhan arsel' in authors),ilhan arsel,9753435452,Seriatin Getirdigi Hosgorusuzluk,,Ilhan Arsel; n/a,,,,,Kaynak Yayinlari,record,2008,,,67,paperback,,,,,,,,https://openlibrary.org/works/OL26276476W,,,openlibrary
9789753435918,Anti-Islamic / religiously offensive,high,Anti-Islamic / religiously offensive: author: Turan Dursun ('turan dursun' in authors),turan dursun,9753435916,Kutsal Kitaplarin Kaynaklari I-ii-iii,,Turan Dursun,,,,,Kaynak Yayinlari,record,2017,,tr,,paperback,,,,,,,,https://openlibrary.org/works/OL26372466W,,,openlibrary; isbndb
9789753438124,Anti-Islamic / religiously offensive,high,Anti-Islamic / religiously offensive: author: Turan Dursun ('turan dursun' in authors),turan dursun,9753438125,"Allah, Kur'an, Dua, Iman",,Turan Dursun,,,,,Kaynak Yayinlari,record,2013,,tr,340,paperback,,2022,,,,,,https://openlibrary.org/works/OL26365926W,,,openlibrary; isbndb; isbndb
9789753438827,Anti-Islamic / religiously offensive,high,Anti-Islamic / religiously offensive: author: Turan Dursun ('turan dursun' in authors) | Adult / sexual content: cinsellik ('cinsellik' in title),cinsellik; turan dursun,9753438826,Din ve Cinsellik,,Turan Dursun,,,,,Kaynak Yayinlari,record,2017,,,,paperback,,,,,,,,https://openlibrary.org/works/OL26276514W,,,openlibrary
9789753439756,Anti-Islamic / religiously offensive,high,Anti-Islamic / religiously offensive: author: Ilhan Arsel ('ilhan arsel' in authors),ilhan arsel,975343975X,Seriat'tan Kissa'lar,,Ilhan Arsel,,,,,Kaynak Yayinlari,record,2017,,,,paperback,,,,,,,,https://openlibrary.org/works/OL9142496W,,,openlibrary
9789756680308,Anti-Islamic / religiously offensive,high,Anti-Islamic / religiously offensive: author: Turan Dursun ('turan dursun' in authors),turan dursun,975668030X,Evren Bir Saka mi?,,Turan Dursun,,,,Islamic cosmology; Qurʼanic teaching; Islam and science,Berfin Yayinlari,record,2003,,tur,187,paperback,,,,,,,52140812,https://openlibrary.org/works/OL26402035W,,,openlibrary
9789756817094,Anti-Islamic / religiously offensive,high,Anti-Islamic / religiously offensive: Islam fasizmi ('islam fasizmi' in title),islam fasizmi,9756817097,İslam faşizmi,faşizmlere öyle çok benziyor ki--,Erbil Tuşalp,,,"Philosophy, psychology & religion",Islam and politics -- Turkey; Conservatism -- Turkey; Turkey -- Politics and government -- 1980-; Politics and government; Islam and politics; Conservatism,Doğan Kitap,record,1999,İstanbul,tur,278,,Konumuz Türkiye,1. baskı.,,Erbil Tuşalp.,,BP173.7 .T877 1999; BP63.T8 T875 1999,46700907,https://openlibrary.org/works/OL1021155W,,,openlibrary; isbndb; worldcat
9789944109277,Anti-Islamic / religiously offensive,high,Anti-Islamic / religiously offensive: Islam fasizmi ('islam fasizmi' in title),islam fasizmi,9944109274,Kurt - Islam Fasizmi,,Gokce Firat,,,,,Ileri Yayinlari,record,2007,,tr,,paperback,,"İleri yayınları, 3.basım, İstanbul, 2007",,,,,,https://openlibrary.org/works/OL26406640W,,,openlibrary; worldcat
9789944315111,Anti-Islamic / religiously offensive,high,Anti-Islamic / religiously offensive: Tanri Yanilgisi ('tanri yanilgisi' in title) | Anti-Islamic / religiously offensive: author: New Atheism ('richard dawkins' in authors),richard dawkins; tanri yanilgisi,9944315117,Tanrı yanılgısı,,Richard Dawkins,Tunç Tuncay de tr Bilgin,,"Philosophy, psychology & religion",Din; Ateizm; God; Tanr♯ł; Atheism; Religion; Irreligion; Dinsizlik; bible; war; abuse; propaganda; nihilism; open_syllabus_project; Controversial literature; Areligiosität; Athéisme; Religiekritiek; Atheismus; Philosophy; Secular; Indoctrination; Ouvrages de controverse; Religious Philosophies; Religion and Science,Kuzey,record,2008,Ankara,tur,366,Paperback,,Dzlt. baskı,eng,"Publication Date: January 16, 2008 A preeminent scientist—and the world's most prominent atheist—asserts the irrationality of belief in God and the grievous harm religion has inflicted on society, from the Crusades to 9/11. With rigor and wit, Dawkins examines God in all his forms, from the sex-obsessed tyrant of the Old Testament to the more benign (but still illogical) Celestial Watchmaker favored by some Enlightenment thinkers. He eviscerates the major arguments for religion and demonstrates the supreme improbability of a supreme being. He shows how religion fuels war, foments bigotry, and abuses children, buttressing his points with historical and contemporary evidence. _The God Delusion_ makes a compelling case that belief in God is not just wrong but potentially deadly. It also offers exhilarating insight into the advantages of atheism to the individual and society, not the least of which is a clearer, truer appreciation of the universe's wonders than any faith could ever muster.",,BL2775.3 .D3920 2008,243565583,https://openlibrary.org/works/OL1966485W,,,openlibrary; isbndb; worldcat; openlibrary
9789944315166,Anti-Islamic / religiously offensive,high,Anti-Islamic / religiously offensive: Tanri Yanilgisi ('tanri yanilgisi' in title) | Anti-Islamic / religiously offensive: author: New Atheism ('richard dawkins' in authors),richard dawkins; tanri yanilgisi,9944315168,Tanri Yanilgisi,,Richard Dawkins,,,,god; atheism; bible; war; religion; abuse; propaganda; nihilism; open_syllabus_project; Controversial literature; Areligiosität; Athéisme; Religiekritiek; Atheismus; Philosophy; Secular; Indoctrination; Ouvrages de controverse; Religious Philosophies; Religion and Science; Proof; New York Times reviewed; Evolution; Religionskritik; Biological Evolution,Kuzey Yayinlari,record,2012,,,,paperback,,,,"Publication Date: January 16, 2008 A preeminent scientist—and the world's most prominent atheist—asserts the irrationality of belief in God and the grievous harm religion has inflicted on society, from the Crusades to 9/11. With rigor and wit, Dawkins examines God in all his forms, from the sex-obsessed tyrant of the Old Testament to the more benign (but still illogical) Celestial Watchmaker favored by some Enlightenment thinkers. He eviscerates the major arguments for religion and demonstrates the supreme improbability of a supreme being. He shows how religion fuels war, foments bigotry, and abuses children, buttressing his points with historical and contemporary evidence. _The God Delusion_ makes a compelling case that belief in God is not just wrong but potentially deadly. It also offers exhilarating insight into the advantages of atheism to the individual and society, not the least of which is a clearer, truer appreciation of the universe's wonders than any faith could ever muster.",,,,https://openlibrary.org/works/OL1966485W,,,openlibrary
9786051720906,Anti-Islamic / religiously offensive,review,Anti-Islamic / religiously offensive: ateizm ('ateistin' in title),ateistin,6051720901,Cizgilerle Ateistin El Kitabi,,Rius,,,,,Yordam,record,2015,,tr,154,paperback,,"Oct 19, 2015",,,,,,https://openlibrary.org/works/OL26159080W,,,openlibrary; isbndb; openlibrary
9786051738246,Anti-Islamic / religiously offensive,review,Anti-Islamic / religiously offensive: din bir afyon/yalan ('dinler yalan' in description),dinler yalan,605173824X,Safsatalar Ansiklopedisi; Akil Yürütmenin Kisa Tarihi,,Immanuel Tolstoyevski,,,,,Epsilon Yayinevi,record,2020,,tr,512,hardcover,,2020,,"Parası yetenler kitabın aslını alsın lan! immanuel abimizi zarara sokmayın! Ülkenin kurtuluşu bunun gibi düşünmeyi ve düşünürken çok sık yaptığımız hataları öğreten kitaplarda; doğumundan itibaren ideoloji ve din ile propagandaya maruz kalan ülke insanının aklını başına ancak bunun gibi kitaplar getirebilir. Ayrıca, Tevfik Uyar'ın ""Safsatalar"" adlı kitabi da benzer konuları işliyor. Onu da okuyabilirsiniz. Son söz: Allah var mı bilmiyorum ama dinler yalan; gençler bu numaraları yutmayın.",,,,https://openlibrary.org/works/OL24186820W,,,openlibrary; isbndb; nexusstc
9786051820699,Anti-Islamic / religiously offensive,review,Anti-Islamic / religiously offensive: author: Ilhan Arsel ('ilhan arsel' in authors),ilhan arsel,6051820698,Cehaletin İktidarı-Makaleler 1,,Ilhan Arsel,,,General works,,Kaynak Yayinlari,record,2017,,tur,240,paperback,,,,,,AC141 .A74 2017; AC141 .A78 2017,1034545025,https://openlibrary.org/works/OL26212441W,,,openlibrary; isbndb
9786052495148,Anti-Islamic / religiously offensive,review,Anti-Islamic / religiously offensive: ateizm ('ateizm' in title),ateizm,6052495146,Ateizm Deizm Agnostisizm,,Ahmet Seyrek,,,,,Dorlion Yayınevi,record,2019,,,260,paperback,,,,,,,,https://openlibrary.org/works/OL26217947W,,,openlibrary
9786053112891,Anti-Islamic / religiously offensive,review,Anti-Islamic / religiously offensive: ateizm ('ateistlere' in title),ateistlere,6053112895,Ateistlere 19 Soru,"""Oku!""",Edip Yüksel,,,,,Destek Yayınları,record,2017,,tr,488,paperback,,Facsimile,,,,,,https://openlibrary.org/works/OL26221212W,,,openlibrary; isbndb
9786053264101,Anti-Islamic / religiously offensive,review,Anti-Islamic / religiously offensive: ateizm ('ateizm' in title),ateizm,6053264105,Teizm ve Ateizm,Tanritanimazligin Felsefi Boyutlari,Aydin Topaloglu,,,,,Iz Yayincilik,record,2020,,,256,paperback,,,,,,,,https://openlibrary.org/works/OL26163649W,,,openlibrary
9786054399758,Anti-Islamic / religiously offensive,review,Anti-Islamic / religiously offensive: author: Turan Dursun ('turan dursun' in authors),turan dursun,6054399756,Baslangicindan Bu Yana Insanlik,,Turan Dursun,,,,,Berfin Yayınları,record,2019,,,141,paperback,,,,,,,,https://openlibrary.org/works/OL26168214W,,,openlibrary
9786054399826,Anti-Islamic / religiously offensive,review,Anti-Islamic / religiously offensive: ateizm ('ateizm' in title),ateizm,6054399829,Bilimsel Ateizm,,Kolektif,,,,,Berfin Yayınları,record,2019,,tr,286,paperback,,,,,,,,https://openlibrary.org/works/OL26230005W,,,openlibrary; google_books
9786054972371,Anti-Islamic / religiously offensive,review,Anti-Islamic / religiously offensive: ateizm ('ateizm' in title),ateizm,6054972375,Müminler Icin Ateizm,,Paul Desalmand,,,,,Versus,record,2016,,,216,paperback,,,,,,,,https://openlibrary.org/works/OL26233127W,,,openlibrary
9786055233174,Anti-Islamic / religiously offensive,review,Anti-Islamic / religiously offensive: ateizm ('ateistlerin' in title),ateistlerin,6055233177,İnanmıyorum : ateistlerin son sözleri,,Halil Gökhan,,,,,Kafekültür Yayıncılık,record,2013,,tr,,,,"İstanbul, 2013",,,,,,,,,worldcat
9786055675356,Anti-Islamic / religiously offensive,review,Anti-Islamic / religiously offensive: ateizm ('ateist' in title),ateist,6055675358,Ateist Aforizmalar,,Jack Huberman,,,,,Maya Kitap,record,2011,,tr,,paperback,,,,,,,,https://openlibrary.org/works/OL26259631W,,,openlibrary; isbndb
9786055691080,Anti-Islamic / religiously offensive,review,Anti-Islamic / religiously offensive: ateizm ('ateizm' in title),ateizm,6055691086,Hizlandirilmis Ateizm Dersleri,,Juan Ignacio Ferreras,,,,,Versus,record,2017,,,,paperback,,,,,,,,https://openlibrary.org/works/OL26237297W,,,openlibrary
9786055904470,Anti-Islamic / religiously offensive,review,Anti-Islamic / religiously offensive: ateizm ('ateistin' in title),ateistin,6055904470,Ateistin Kutsal Kitabı,,Kolektif,,,,,Notos,record,2016,,tr,,paperback,,"2, 2013",,,,,,https://openlibrary.org/works/OL26320450W,,,openlibrary; isbndb; nexusstc
9786056945816,Anti-Islamic / religiously offensive,review,Anti-Islamic / religiously offensive: author: Ilhan Arsel ('ilhan arsel' in authors),ilhan arsel,6056945812,Arap Milliyetçiliği ve Türkler,,Ilhan Arsel,,,,Nationalism; Politics and government; Relations (general) with Arab countries; Relations (general) with Turkey,Kaynak Yayinlari,record,2019,,tr,616,paperback,,,,,,,,https://openlibrary.org/works/OL9142493W,,,openlibrary; isbndb
9786057707666,Anti-Islamic / religiously offensive,review,Anti-Islamic / religiously offensive: author: Ilhan Arsel ('ilhan arsel' in authors),ilhan arsel,6057707664,Cahiliyye,,İlhan Arsel,,,,,Kaynak Yayınları,record,2022,,tr,62,Paperback,,,,,,,,,,,isbndb
9786059111171,Anti-Islamic / religiously offensive,review,Anti-Islamic / religiously offensive: ateizm ('ateizmin' in title),ateizmin,6059111173,Ateizmin Gerekliliği,,Percy Bysshe Shelley,,,,,SUB Basın Yayım,record,2019,,,24,paperback,,,,,,,,https://openlibrary.org/works/OL26246296W,,,openlibrary
9786059909594,Anti-Islamic / religiously offensive,review,Anti-Islamic / religiously offensive: author: New Atheism ('richard dawkins' in authors),richard dawkins,6059909590,Tanrıyı Aşmak,,Richard Dawkins,,,,,Kuzey Yayınları,record,2019,,tr,268,paperback,,,,,,,,https://openlibrary.org/works/OL26266844W,,,openlibrary; isbndb
9786059909617,Anti-Islamic / religiously offensive,review,Anti-Islamic / religiously offensive: author: New Atheism ('richard dawkins' in authors),richard dawkins,6059909612,Bir Seytanın Papazı,,Richard Dawkins,,,Science,Religion and science; Science; Evolution (Biology); Philosophy; Natural selection; History; Essays (single author); Evolutietheorie; Evolution; Aufsatzsammlung; New York Times reviewed; Genetics,Kuzey Yayinlari,record,2020,,tr,352,hardcover,,,,"'Moet u zich eens voorstellen wat voor boek een kapelaan van de duivel zou kunnen schrijven over de onhandige, verspillende, blunderende en gruwelijk gemene werken van de natuur.' Dit schreef Darwin in 1856 aan een vriend. Maar, hoe gruwelijk en onhandig ook, willekeurig zijn de evolutionaire processen allerminst, zo laat Richard Dawkins zien in zijn even nuchtere als helder onderbouwde werk. Kapelaan van de duivel is een veelzijdig boek. Dawkins schrijft over zijn bewondering voor Darwins werk tegen de klippen van het geloof op, over de fouten van het jurysysteem in de rechtspraak, over zijn afkeer van postmodern relativisme en over vele andere onderwerpen. Dawkins werk staat in het teken van gezond verstand; het is een verzameling onweerlegbare argumenten in gecompliceerde discussies. Bovendien vertegenwoordigen deze stukken een persoonlijker kant van Richard Dawkins. Wetenschap is voor hem 'levend plezier', en dat straalt ervan af. [(bron)][1] [1]: http://www.evolutietheorie.ugent.be/node/146",500,Q113 .D28 2003,,https://openlibrary.org/works/OL1966510W,,,openlibrary; isbndb; google_books
9786257432375,Anti-Islamic / religiously offensive,review,Anti-Islamic / religiously offensive: ateizm ('ateizm' in title),ateizm,6257432375,Bir Müslüman Deizm ve Ateizm'e Nasil Bakmali?,,Ömer Faruk Erdem,,,,,Beyan Yayinlari,record,2021,,,144,paperback,,,,,,,,https://openlibrary.org/works/OL26255946W,,,openlibrary
9786257697118,Anti-Islamic / religiously offensive,review,Anti-Islamic / religiously offensive: author: Ilhan Arsel ('ilhan arsel' in authors),ilhan arsel,6257697115,"Aydın ve ""Aydın""",,İlhan Arsel,,,,,Kaynak Yayınları,record,2016,,tr,528,paperback,,,,,,,,https://openlibrary.org/works/OL26372014W,,,openlibrary; isbndb
9786257942720,Anti-Islamic / religiously offensive,review,Anti-Islamic / religiously offensive: ateizm ('ateist' in title),ateist,6257942721,Karanlikta Kaybolanlar,"Bir Deist, Bir Ateist, Birde Imam",Vahdet Kaya,,,,,Tilki Kitap,record,2020,,tr,174,paperback,,"Apr 13, 2020",,,,,,https://openlibrary.org/works/OL24334529W,,,openlibrary; openlibrary
9786257961868,Anti-Islamic / religiously offensive,review,Anti-Islamic / religiously offensive: ateizm ('ateizm' in title),ateizm,6257961866,Ateizm,Izmler Serisi 2,Volkan Gümüs,,,,,Siyah Beyaz Yayinlari,record,2020,,,110,paperback,,,,,,,,https://openlibrary.org/works/OL26258234W,,,openlibrary
9786257961875,Anti-Islamic / religiously offensive,review,Anti-Islamic / religiously offensive: ateizm ('agnostisizm' in title),agnostisizm,6257961874,Agnostisizm,Izmler Serisi - 1,Volkan Gümüs,,,,,Siyah Beyaz Yayinlari,record,2020,,,104,paperback,,,,,,,,https://openlibrary.org/works/OL24258513W,,,openlibrary
9786258041576,Anti-Islamic / religiously offensive,review,Anti-Islamic / religiously offensive: ateizm ('ateizm' in title),ateizm,6258041574,Ateizm ve Deizm çağın en büyük kalp hastalığı,,Hüseyin Selim Koçabıyık,,,,,Cinius Yayınları,record,2021,,tr,,,,"1. baskı, İstanbul, 2021",,,,,,,,,worldcat
9786258116762,Anti-Islamic / religiously offensive,review,Anti-Islamic / religiously offensive: ateizm ('ateizm' in title),ateizm,6258116760,"Ateizm, agnostisizm ve deizme yönelme",,Mehmet Bahadır,,,,,Gülnar Yayınları,record,2022,,tr,,,,"1. baskı, Ankara, 2022",,,,,,,,,worldcat
9789750848384,Anti-Islamic / religiously offensive,review,Anti-Islamic / religiously offensive: ateizm ('ateizmin' in title),ateizmin,9750848381,Ateizmin Yedi Türü,,John Gray,,,,,Yapi Kredi Yayinlari,record,2020,,tr,176,paperback,,,,,,,,https://openlibrary.org/works/OL26356614W,,,openlibrary; isbndb
9789751000033,Anti-Islamic / religiously offensive,review,Anti-Islamic / religiously offensive: author: Ilhan Arsel ('ilhan arsel' in authors),ilhan arsel,9751000033,Arap Milliyetçiliği Ve Türkler,,İlhan Arsel,,,,,İnkılap Kitabevi,record,1987,,tr,463,,,"5. bs, İstanbul, 1977",,,,,,,,,isbndb; worldcat
9789751004925,Anti-Islamic / religiously offensive,review,Anti-Islamic / religiously offensive: author: Ilhan Arsel ('ilhan arsel' in authors),ilhan arsel,9751004926,Biz profesörler,,İlhan Arsel,,,,,Kitabevi,record,1992,,tr,,,,"3. baskı, Ankara, 1992",,,,,,,,,worldcat
9789751005373,Anti-Islamic / religiously offensive,review,Anti-Islamic / religiously offensive: author: Ilhan Arsel ('ilhan arsel' in authors),ilhan arsel,975100537X,"Aydın ve ""aydın""",,İlhan Arsel,,,,,İnkılap Kitabevi,record,1993,,tr,,,,"2. bsk, İstanbul, 1993",,,,,,,,,worldcat
9789752109742,Anti-Islamic / religiously offensive,review,Anti-Islamic / religiously offensive: author: Ayaan Hirsi Ali ('ayaan hirsi ali' in authors),ayaan hirsi ali,9752109748,Kafir,,Ayaan Hirsi Ali,,,,,Altin Kitaplar,record,2008,,tr,,paperback,,,,,,,,https://openlibrary.org/works/OL26273351W,,,openlibrary; isbndb
9789752696426,Anti-Islamic / religiously offensive,review,Anti-Islamic / religiously offensive: ateizm ('ateist' in title),ateist,9752696422,Atasini Kaybeden Ateist Rabbini Arayan Thomas-3,,Furkan Aydiner,,,,,Nesil Yayinlari,record,2009,,tr,288,paperback,,,,,,,,https://openlibrary.org/works/OL26274915W,,,openlibrary; isbndb
9789752986152,Anti-Islamic / religiously offensive,review,Anti-Islamic / religiously offensive: ateizm ('ateizm' in title),ateizm,9752986153,Ateizm,,Julian Baggini,,,,,Dost Kitabevi,record,2019,,,159,paperback,,,,,,,,https://openlibrary.org/works/OL26275690W,,,openlibrary
9789753421065,Anti-Islamic / religiously offensive,review,Anti-Islamic / religiously offensive: ateizm ('ateist' in title),ateist,9753421060,Bonobo ve Ateist,,Frans de Waal,,,,"Animal behavior; Behavior evolution; Psychology; Human behavior; Evolutionary Ethics; Behavior; Ethics; Primates; Bonobo; Empathy; Humanism; Religion; Etologi; Human-animal relationships; Primatologists; Altruistic behavior in animals; Djur och människor; Pan paniscus; Verhaltensforschung; Altruism; Biography; Cultural Evolution; Primates, behavior; Zoologists",Metis Yayincilik,record,2013,,tur,264,paperback,,,,A renowned primatologist argues that ethical behavior witnessed in animals is the evolutionary and biological origin of human fairness and explains that morality has more to do with natural instincts than with religion.,,,34836765,https://openlibrary.org/works/OL26380484W,,,openlibrary; isbndb
9789753430197,Anti-Islamic / religiously offensive,review,Anti-Islamic / religiously offensive: author: Turan Dursun ('turan dursun' in authors),turan dursun,9753430191,Kulleteyn,,Turan Dursun,,,Language & literature,,Kaynak Yayınları,record,2010,,tur,326,Paperback,,"Kaynak yayınları; 120, 12. bs, İstanbul, 1997",,Turan Dursun. Novel.,,PL248.D875 K85 1990; MLCSN 95/391 (P),22925957; 48795191,https://openlibrary.org/works/OL1787001W,,,openlibrary; isbndb; worldcat
9789753431354,Anti-Islamic / religiously offensive,review,Anti-Islamic / religiously offensive: author: Turan Dursun ('turan dursun' in authors),turan dursun,975343135X,İlhan Arsel'e mektuplar,,Turan Dursun,,Correspondence,Music,"Dursun, Turan -- Correspondence; Arsel, İlhan -- Correspondence; Correspondence",Kaynak Yayınları,record,1996,"Beyoğlu, İstanbul",tur,96,,,1. basım.,,"Turan Dursunun Prof. Dr. lhan Arselle tanmas 1977 ylna rastlar. Arselin Amerikaya gitmesiyle iki dost arasndaki iliki kesintiye urar. Arsel ve Dursunun yazmalar 1987 sonunda balar ve Turan Dursunun ldrld 4 Eyll 1990a kadar srer. yle ki, kara haberden birka gn sonra, Turan Dursunun 30 Austos 1990 tarihli mektubu ular lhan Arsele ki kitap olarak hazrladmz mektuplarda, aydnlanma mcadelesinin iki bayra arasndaki sarslmaz dostluu, eriatn karanlna kar mcadele azmini okuyacaksnz. Arsel ve Dursunun mektuplar, iki yazarn gnlk yaamlarndan ksa ve uzun vadeli programlarna, sevinlerinden hznlerine, ""din"" ve ""Tanr"" konusundaki grlerine kadar, birok konuyu ieriyor. Bu kitap, Turan Dursunun lhan Arsele yazd 40 mektubu ve ek olarak bir yazy ieriyor. lhan Arselin Turan Dursuna Mektuplarnda ise, 51 mektup ve ek olarak dokuz yaz yer alyor. Turan Dursunun lhan Arsele Mektuplarn okura sunuyoruz.",,MLCSN 2000/00243 (P),40076508,https://openlibrary.org/works/OL1787000W,3125707,,openlibrary; openlibrary; goodreads
9789753431491,Anti-Islamic / religiously offensive,review,Anti-Islamic / religiously offensive: author: Ilhan Arsel ('ilhan arsel' in authors),ilhan arsel,975343149X,Aydin ve ''Aydin'',,Ilhan Arsel,,,,,Kaynak Yayinlari,record,2016,,,528,paperback,,,,,,,,https://openlibrary.org/works/OL26372454W,,,openlibrary
9789753432115,Anti-Islamic / religiously offensive,review,Anti-Islamic / religiously offensive: author: Ilhan Arsel ('ilhan arsel' in authors),ilhan arsel,9753432119,Biz Profesorler,,Ilhan Arsel,,,,,Kaynak Yayinlari,record,1997,,tr,256,Paperback,,"PS, 1997",,"A prominent Turkish professor's memoirs and criticisms about the shortcomings of the universities and higher education system in Turkey. ""Biz Profesrler"" adl bu kitab lhan Arsel, niversitenin ve retim yelerinin fikirsel ve kiisel yetersizliklerini kamuoyuna aklamak maksadyla yazd. 1977 ylnda niversiteden istifa ederken yle der: ""Biz retim yeleri, iimizde hi kukusuz pek iyilerimiz bulunmakla beraber, pek oumuz yetersiz ve bilgisiz kimseleriz. Dar grllmz ve tutuculuumuz her trl tanmlamann dnda kalr. ada anlamda niversite rencisi yetitirecek olgunluktan ok uzaz; yetitirdiimiz inanlarn ne kez dk bilgiler ve zihniyetle bu toplumun bana bela olduunu her gn grmekteyiz... lkemizi her gn biraz daha uuruma yaklatranlar da bu bizim yetitirdiklerimizdir. u muhakkak ki bizlerin, kendi kendimize eki dzen vermemiz, kendimizi geni grllkler ve gerek bilgilerle donatmamz... ve asl nemlisi medeni cesarete ahip, salam karakterli kiiler olarak topluma ve yeni kuaklara ideal rnei olmamz, emsal salamamz... ve ksacas haysiyetli aydnlara yaraan yapmamz, aklmz bamza toplamamz kouldur. Bundan dolaydr ki bizler, en insafsz, en sert ve hatta en abartmal biimlerde yerilmeli, bakalarna uvaldz batrmadan nce inenin kendimize batrlmasn beklemeli ve bizi yerenleri ba tac etmeliyiz. Bu yermeleri, bu inelenmeleri gze aldmz ve buna mstahak bulunduumuzu kabul ettiimiz an, olumlu ynelie ilk adm atm saylrz..."" (Arka Kapak)",,,,,,,isbndb; goodreads
9789753432405,Anti-Islamic / religiously offensive,review,Anti-Islamic / religiously offensive: author: Ilhan Arsel ('ilhan arsel' in authors),ilhan arsel,9753432402,Arap Milliyetciligi ve Türkler,,Ilhan Arsel; n/a,,,,,Kaynak Yayinlari,record,2015,,tr,616,paperback,,"Kaynak Yayınları, 269, Altıncı basım : Mart 1999, İstanbul, 1999",,,,,,https://openlibrary.org/works/OL26365826W,,,openlibrary; isbndb; worldcat; nexusstc
9789753434225,Anti-Islamic / religiously offensive,review,Anti-Islamic / religiously offensive: author: Ilhan Arsel ('ilhan arsel' in authors),ilhan arsel,9753434227,Cahiliyye,,Ilhan Arsel,,,,,Kaynak Yayinlari,record,2005,,,64,paperback,,,,,,,,https://openlibrary.org/works/OL26276459W,,,openlibrary
9789753436823,Anti-Islamic / religiously offensive,review,Anti-Islamic / religiously offensive: author: Turan Dursun ('turan dursun' in authors),turan dursun,9753436823,Mukaddime 2,,Turan Dursun,,,,,Kaynak Yayinlari,record,2017,,,,paperback,,,,,,,,https://openlibrary.org/works/OL26365909W,,,openlibrary
9789754342031,Anti-Islamic / religiously offensive,review,Anti-Islamic / religiously offensive: author: New Atheism ('richard dawkins' in authors),richard dawkins,9754342032,Cennetten Akan ırmak,,Richard Dawkins,,,,,Varlik Yayinlari,isbn_prefix,,,tr,159,,,,,,,,,,,,isbndb; google_books
9789754510126,Anti-Islamic / religiously offensive,review,Anti-Islamic / religiously offensive: LoC: Islam -- Controversial literature ('islam--controversial literature' in subjects),islam--controversial literature,9754510121,Kavga yazıları--,,Türk Dil Kurumu,,,Language & literature,"Safa, Peyami, 1899-1961 -- Political and social views; Political and social views; Intellectual life; Islam; Controversial literature; Safa, Peyami; Islam--Controversial literature",Boğaziçi Yayınları,record,1989,"Cağaloğlu, İstanbul",tur,183,Paperback,,"İstanbul, 1997",,"Peyami Safa ; Hazırlayan, Ali Ergenekon. 91--t.p. Verso.",,PL248.S28 Z87 1989,22660391,https://openlibrary.org/works/OL1598331W,1789832,,openlibrary; isbndb; worldcat; openlibrary; hathitrust
9789755392530,Anti-Islamic / religiously offensive,review,Anti-Islamic / religiously offensive: ateizm ('ateizm' in title),ateizm,975539253X,Ateizm,,Robin Le Poidevin,,,,,Ayrinti Yayinlari,record,2010,,,,paperback,,,,,,,,https://openlibrary.org/works/OL26375948W,,,openlibrary
9789755397429,Anti-Islamic / religiously offensive,review,Anti-Islamic / religiously offensive: ateizm ('ateizm' in title),ateizm,9755397426,Hristiyanliktaki Ateizm,,Ernst Bloch,,,,,Ayrinti Yayinlari,record,2013,,tr,448,paperback,,,,,,,,https://openlibrary.org/works/OL26279273W,,,openlibrary; isbndb
9789755705309,Anti-Islamic / religiously offensive,review,Anti-Islamic / religiously offensive: ateizm ('ateistler' in title),ateistler,9755705309,Ateistler için Din,,Alain De Botton,,,,,Sel Yayincilik,record,2011,,,,paperback,,,,,,,,https://openlibrary.org/works/OL26279550W,,,openlibrary
9789756174326,Anti-Islamic / religiously offensive,review,Anti-Islamic / religiously offensive: ateizm ('ateistler' in title),ateistler,9756174323,Ateistler Icin Din Kulturu ve Ahlak Bilgisi,,Huseyin Akin,,,,,Akis Kitap,record,2015,,,,unknown binding,,,,,,,,https://openlibrary.org/works/OL26410647W,,,openlibrary
9789757638346,Anti-Islamic / religiously offensive,review,Anti-Islamic / religiously offensive: Tanri Yanilgisi ('tanri yanilgisi' in description),tanri yanilgisi,975763834X,Ataların Hikâyesi,Yaşamın Kökenine Yolculuk,Richard Dawkins,Ahmet Fethi; Alev Özgüner; Bahadır Vural,,,"Human evolution; evolution; evolutie; Evolution (Biology); History; Philosophy; SCIENCE / Life Sciences / Evolution; Tachyglossidae; Life, origin",Hil Yayın,record,2008,"Istanbul, Turkey",tur,652,Paperback,,"2.baskı, İstanbul, 2008",,"Milyar Yılda Devr-i Hayat! Gen Bencildir, Kör Saatçi ve Tanrı Yanılgısı'nın yazarından, evrim hakkında bugüne dek yayımlanmış en anlaşılır, en sürükleyici kitap... Yazmaktaki yeteneği, İngiliz kültürünün zamanımızdaki en büyük ustalarına verilen Shakepeare Ödülü'yle taçlandırılan, çağımızın dünyada ve Türkiye'de en çok okunan biliminsanı Richard Dawkins, Ataların Hikayesi'nde yaşamın dört milyar yıla yayılan evrimini anlatıyor. Hayatın büyük hikayesi, günümüz insanından ve türlerin zamanımızdaki muazzam çeşitliliğinden başlayıp geriye doğru ilerleyen, her birini ayrı bir türün dillendirdiği elliden fazla ara hikayeyle yeryüzünün ilk canlısına uzanıyor.",,,,https://openlibrary.org/works/OL1966480W,,,openlibrary; worldcat
9789944162357,Anti-Islamic / religiously offensive,review,Anti-Islamic / religiously offensive: ateizm ('ateizm' in title),ateizm,9944162353,Ateizm,,Ibrahim Coşkun,,,,,Ankara Okulu Yayınları,record,2011,,tur,239,,,"Birinci basım, Ulus, Ankara, 2011",,,,,,https://openlibrary.org/works/OL33449733W,,,openlibrary; worldcat
9789944315227,Anti-Islamic / religiously offensive,review,Anti-Islamic / religiously offensive: author: New Atheism ('richard dawkins' in authors),richard dawkins,9944315222,Bir Seytan'in Papazi,,Richard Dawkins,,,Science,Religion and science; Science; Evolution (Biology); Philosophy; Natural selection; History; Essays (single author); Evolutietheorie; Evolution; Aufsatzsammlung; New York Times reviewed; Genetics,Kuzey Yayinlari,record,2008,,tr,352,paperback,,,,"'Moet u zich eens voorstellen wat voor boek een kapelaan van de duivel zou kunnen schrijven over de onhandige, verspillende, blunderende en gruwelijk gemene werken van de natuur.' Dit schreef Darwin in 1856 aan een vriend. Maar, hoe gruwelijk en onhandig ook, willekeurig zijn de evolutionaire processen allerminst, zo laat Richard Dawkins zien in zijn even nuchtere als helder onderbouwde werk. Kapelaan van de duivel is een veelzijdig boek. Dawkins schrijft over zijn bewondering voor Darwins werk tegen de klippen van het geloof op, over de fouten van het jurysysteem in de rechtspraak, over zijn afkeer van postmodern relativisme en over vele andere onderwerpen. Dawkins werk staat in het teken van gezond verstand; het is een verzameling onweerlegbare argumenten in gecompliceerde discussies. Bovendien vertegenwoordigen deze stukken een persoonlijker kant van Richard Dawkins. Wetenschap is voor hem 'levend plezier', en dat straalt ervan af. [(bron)][1] [1]: http://www.evolutietheorie.ugent.be/node/146",500,Q113 .D28 2003,,https://openlibrary.org/works/OL1966510W,,,openlibrary; isbndb
9789944315890,Anti-Islamic / religiously offensive,review,Anti-Islamic / religiously offensive: author: New Atheism ('sam harris' in authors),sam harris,9944315893,Inancin Sonu,,Sam Harris,,,,,Kuzey Yayinlari,isbn_prefix,,,tr,,,,,,,,,,,,,google_books
9783935597799,Duplicate ISBN,n/a,"Duplicate of ISBN 9783935597791: same first 12 digits, this copy has a wrong check digit",,3935597797,Intercity Istanbul-Berlin,,Mario Pschera; Çağla Ilk; Çiçek Bacık,,,World history,Civilization; Description and travel; Neighborhoods,Dağyeli,record,2010,Berlin,ger; tur,340,,,1. Aufl.,,,,DR723 .I36 2010,682704334,https://openlibrary.org/works/OL22407585W,,,openlibrary
9786050101605,Duplicate ISBN,n/a,"Duplicate of ISBN 9786050101607: same first 12 digits, this copy has a wrong check digit",,6050101604,İTÜ'nün çınarları(İkinci kuşak) elektrik elektronik fakültesi 1950 - 1980'li yıllar (İkinci kitap) Anılar ve görüşler - II,,Ersin Toker,,,,,TMMOB Elektrik Mühendisleri Odası,record,2016,Istanbul,tur,296,,,,,,,,,https://openlibrary.org/works/OL32740322W,,,openlibrary
9786050113591,Duplicate ISBN,n/a,"Duplicate of ISBN 9786050113594: same first 12 digits, this copy has a wrong check digit",,6050113599,"Prof. Dr. Zeynep Ahunbay'a armağan. Anıt ve sitleri. Araştırma, belgeleme, koruma yazıları",,,,,,,TMMOB Mimarlar Odası Istanbul Büyükkent Şubesi,record,2021,Istanbul,tur,621,,,"Istanbul, Turkey, 2021",,,,,,https://openlibrary.org/works/OL32126345W,,,openlibrary; openlibrary
9786050317895,Duplicate ISBN,n/a,"Duplicate of ISBN 9786050317893: same first 12 digits, this copy has a wrong check digit",,6050317895,Cüzzam. Duvarlar yıkılırken,,Muhammet Yalçın Azizoğlu,,,,,David De Angelis,isbn_prefix,2019,Ankara,tur,296,,,,,,,,,https://openlibrary.org/works/OL32105470W,,,openlibrary
9786050615603,Duplicate ISBN,n/a,"Duplicate of ISBN 9786050615609: same first 12 digits, this copy has a wrong check digit",,6050615608,Dîvân,,Abdullah Salahattin Uşşakî,,,Language & literature,,Eflatun Kitap,record,2020,İstanbul,tur,446,,Eflatun kitap -- 5. -- Tasavvuf -- 3. -- Abdullâh Salahaddîn Uşşâkî külliyâtı -- 2,1. baskı.,,,,PL248.A228 D58 2020,,https://openlibrary.org/works/OL32284774W,,,openlibrary
9786050630279,Duplicate ISBN,n/a,"Duplicate of ISBN 9786050630275: same first 12 digits, this copy has a wrong check digit",,6050630275,Kayı - XI,elveda,Ahmet Şimşirgil,,,,,Timaş Yayınları,record,2019,Istanbul,tur,352,,,,,,,,,https://openlibrary.org/works/OL32513703W,,,openlibrary
9786051000096,Duplicate ISBN,n/a,"Duplicate of ISBN 9786051000091: same first 12 digits, this copy has a wrong check digit",,6051000097,Sionizm seti,,,,,,Zionism; Controversial literature; Conspiracy theories; Antisemitism; Jews; Freemasons,Notka Kitap,record,2016,İstanbul,tur,12,,,,,,,,1099575600,https://openlibrary.org/works/OL44430092W,,,openlibrary
9786051141655,Duplicate ISBN,n/a,"Duplicate of ISBN 9786051141657: same first 12 digits, this copy has a wrong check digit",,6051141650,Cihan payitahtı Istanbul,,Önder Kaya,,,World history,History,Timaş,record,2010,Istanbul,tur,367,,,1. Baskı.,,,,DR728 .K385 2010; DR728 .K393 2010,644681203,https://openlibrary.org/works/OL16662946W,,,openlibrary
9786051200393,Duplicate ISBN,n/a,"Duplicate of ISBN 9786051200392: same first 12 digits, this copy has a wrong check digit",,6051200398,PKK ve KCK'nın din stratejisi,ideoloji- âlgı-çatışma,Burhan Semiz,,,World history,Kurds; Islamic fundamentalism; Terrorism; Islam; Terrorists; History; Partiya Karkerên Kurdistanê; Koma Civakên Kurdistan,KaraKutu,record,2013,"Eminönü, İstanbul",tur,240,,Karakutu yayınları -- 287; Araştırma-İnceleme -- 67; Araştırma/İnceleme (Karakutu (Firm)) -- 67,1. baskı.,,,,DR435.K87 S455 2013; DR435.K87 S46 2013,858044659,https://openlibrary.org/works/OL23368506W,,,openlibrary
9786051374889,Duplicate ISBN,n/a,"Duplicate of ISBN 9786051374888: same first 12 digits, this copy has a wrong check digit",,6051374884,Türk armatörleri tarihi,,Osman Öndeş,,,Social sciences,Shipowners; History; Shipping; Merchant marine; Naval History,İMEAK Deniz Ticaret Odası,record,2016,"Beyoğlu, İstanbul",tur,,,İMEAK Deniz Ticaret Odası Yayınları -- 94,1. baskı.,,,,HE873.4 .O534 2016,970601332,https://openlibrary.org/works/OL32434083W,,,openlibrary
9786051400230,Duplicate ISBN,n/a,"Duplicate of ISBN 9786051400235: same first 12 digits, this copy has a wrong check digit",,6051400230,Kemalizm: Aydnlanma Devrimleri,,Alev Cokun,,,,,Cumhuriyet Kitaplar,record,2019,,tr,,,,"1. Bask, PT, 2019",,"Mustafa Kemalin eseri kinci Dnya Savana kadar Trkiye apnda deerlendirildi. Eski bir lkenin modern bir ulus biimine dntrlmesini tm dnya takdirle karlamt. kinci Dnya Sava sonrasnda ise Kemalizm uluslararas bir boyut kazanm ve Moskova ile Pekinin gdmne girmeyen nc dnya uluslarna rneklik yapmaya balamtr Prof. Maurice Duverger Kemalizm on asra sacak ii, on ylda baarmtr. Georges Tongas Kemalizm, asl Avrupa dnda gl yanklar uyandrd. Bugn nc dnya adn verdiimiz, Latin Amerikadan Uzak Douya kadar uzanan alanda, Trkiyenin 1919dan sonraki atlm ve uygulanan reformlar ounlukla tutku dolu bir dikkatle izlendi. Bamszl kazanmak, ekonomik-sosyal kalknmay salamak iin uygulanacak reetelerle ilgili olarak Kemalizmden alnacak dersler aratrld. Francois Georgeon Kemalizmin z de akln inantan, bilimin dinden bamszlamasdr; Mustafa Kemal sorgulanmayan kiileri ve kurumlar ykarak laik cumhuriyeti kurdu; Yaamda en gerek yol gsterici ilimdir tmcesiyle her eyin sorgulanmasn istedi. Kemalizm, Aydnlanma Devriminin Trkesidir. lhan Seluk CHPnin programna temel olan ana fikirler, Trk devriminin balangcndan bugne kadar yaplm olan ilerle, yaln olarak ortaya konmutur. Yalnz birka yl iin deil, gelecei de kapsayan tasarlarmzn ana hatlar burada toplu olarak yazlmtr. Partinin gtt bu esaslar, Kamlizm prensipleridir. 4 CHP Kurultaynda kabul edilen Parti Program, giri blm (5-16 Mays 1935) Bunlardan baka, 1935 Kurultaynca saptalanan fikirler de bu programa ulamtr. C.H. Partisinin gtt btn bu esaslar, Kamlizm prensipleridir. M",,,,,,,goodreads
9786051586827,Duplicate ISBN,n/a,"Duplicate of ISBN 9786051586823: same first 12 digits, this copy has a wrong check digit",,6051586822,"Düşüşten sonra. Birkaç kişi, gülümseyişleri, ağlayışları, sessizlikleri",,Selim İleri,,,,,Everest,record,2021,Istanbul,tur,243,,,,,,,,,https://openlibrary.org/works/OL32020550W,,,openlibrary
9786051627186,Duplicate ISBN,n/a,"Duplicate of ISBN 9786051627182: same first 12 digits, this copy has a wrong check digit",,6051627189,Orta Asya Türk tarihi araştırmaları,,Özkan İzgi,,,,,TTK,record,2014,Ankara,tur,434,,,,,,,,,https://openlibrary.org/works/OL31691828W,,,openlibrary
9786051735393,Duplicate ISBN,n/a,"Duplicate of ISBN 9786051735399: same first 12 digits, this copy has a wrong check digit",,6051735399,Gazetecilikte geçen o yıllar - 2,,Oktay Ekşi,,,,Journalists; Journalism; Press and politics; Mass media; Political aspects,Epsilon Yayınevi,record,2019,Istanbul,tur,251,,,,,,,,,https://openlibrary.org/works/OL26211676W,,,openlibrary
9786051742223,Duplicate ISBN,n/a,"Duplicate of ISBN 9786051742229: same first 12 digits, this copy has a wrong check digit",,6051742220,Türkiye Türkçesi ağızlarında yapım ekleri,,Ferdi Güzel,,,Language & literature,Turkish language; Suffixes and prefixes; Dialects,Türk Dil Kurumu Yayınları,record,2019,"çankaya, Ankara",tur,680,,Türk Dil Kurumu Yayınları -- 1305,Birinci baskı.,,,,PL140 .G89 2019,1240723788,https://openlibrary.org/works/OL32513191W,,,openlibrary
9786051801548,Duplicate ISBN,n/a,"Duplicate of ISBN 9786051801544: same first 12 digits, this copy has a wrong check digit",,6051801545,Bir semt bir bina,Nato binası. Amerikan Koleji'nden Kızılçullu köy enstitüsü'ne,Mehmet Emin Elmacı,,,,"Buildings, structures; Women's colleges; Women; North Atlantic Treaty Organization; Women in higher education; Education (Higher); Rural Education; Education; Universities and colleges; History",İzmir Büyükşehir Belediyesi,record,2014,İzmir,tur,376,,,,,,,,,https://openlibrary.org/works/OL22894924W,,,openlibrary
9786051807457,Duplicate ISBN,n/a,"Duplicate of ISBN 9786051807454: same first 12 digits, this copy has a wrong check digit",,6051807454,Endam Aynas,,Selahattin Enis,,,,,Gece Kitapl,record,2017,,tr,,,,"PS, 2017",,"Ben ahsan ahlaki kaytlar her trl kaytlarn fevkinde tutar bir insanm. Hatta bu hususta bana emniyetle fazla mutaassp da diyebilirsiniz. Byle bir adamn gayri ahlaki eserlerin muharriri olarak tannmas Dnnz bu ne ac bir mazhariyettir. Levs-i beeri ve itimai yaralar gsteren kalemimi bir cerrah neteri gibi kullanyorum. te benim hatam budur. nsanlar boyasz ve dzgnsz hakikatten korkuyorlar, ben buna aldr etmiyorum ve kanaatimin gstermi olduu yolda yryorum. -Salahaddin Enis-",,,,,,,goodreads
9786051966956,Duplicate ISBN,n/a,"Duplicate of ISBN 9786051966953: same first 12 digits, this copy has a wrong check digit",,6051966951,"Beşer ve tabî'at. ""Görmek için doğdum - bakmak için doğruldum""",,Subhi Erdem,,,,,Çizgi Kitabevi,record,2022,Konya,tur,358,,,,,,,,,https://openlibrary.org/works/OL31837012W,,,openlibrary
9786051986069,Duplicate ISBN,n/a,"Duplicate of ISBN 9786051986067: same first 12 digits, this copy has a wrong check digit",,6051986065,Türkiye'de çocuk hizmetleri,,Ali Osman Özpolat,,,,,Çizgi Kitabevi,record,2021,Istanbul,tur,192,,,,,,,,,https://openlibrary.org/works/OL43521594W,,,openlibrary
9786051986113,Duplicate ISBN,n/a,"Duplicate of ISBN 9786051986111: same first 12 digits, this copy has a wrong check digit",,6051986111,Kavala kazası (1830 - 1845) Demografik ve sosyal yapı,,Mustafa Durdu,,,,,Çizgi,record,2021,Istanbul,tur,238,,,,,,,,,https://openlibrary.org/works/OL45147805W,,,openlibrary
9786051986977,Duplicate ISBN,n/a,"Duplicate of ISBN 9786051986975: same first 12 digits, this copy has a wrong check digit",,6051986979,Felsefenin aydınlık yüzü Bedia Akarsu,,Mustafa Günay,,,,,Çizgi,record,2021,Konya,tur,325,,,,,,,,,https://openlibrary.org/works/OL32155265W,,,openlibrary
9786051988229,Duplicate ISBN,n/a,"Duplicate of ISBN 9786051988221: same first 12 digits, this copy has a wrong check digit",,605198822X,Edebî babanın peşinde etkilenme endişesi açısından Ahmet Haşim'in poetik yazıları,,Murat Kacıroğlu,,,,,Çizgi,record,2021,Konya,tur,144,,,,,,,,,https://openlibrary.org/works/OL32082631W,,,openlibrary
9786052074686,Duplicate ISBN,n/a,"Duplicate of ISBN 9786052074688: same first 12 digits, this copy has a wrong check digit",,605207468X,Alman edebiyatında göç ve göçmen olgusu,,Gülcan Yücedağ,,,World history,Immigrants; Emigration and immigration; Turks,K̲men Yayınları,record,2020,Konya,tur,268,,,,,,,DD78.T87 Y83 2020,1256640421,https://openlibrary.org/works/OL32060037W,,,openlibrary
9786052083538,Duplicate ISBN,n/a,"Duplicate of ISBN 9786052083536: same first 12 digits, this copy has a wrong check digit",,6052083530,Türkçede karşıt benzer anlamlı kelimeler. Düşünmeyi öğreten kitap,,Mehmet Gedizli,,,,,Değişim Kitap,record,2019,Istanbul,tur,190,,,,,,,,,https://openlibrary.org/works/OL32513237W,,,openlibrary
9786052087094,Duplicate ISBN,n/a,"Duplicate of ISBN 9786052087091: same first 12 digits, this copy has a wrong check digit",,6052087099,Filistin benimdir. Ortadoğu'nun kanlı tarihi,,Hüsnü Mahalli,,,,,Kırmızı Kedi Yayınevi,record,2020,Istanbul,tur,564,,,,,,,,,https://openlibrary.org/works/OL44518375W,,,openlibrary
9786052100880,Duplicate ISBN,n/a,"Duplicate of ISBN 9786052100882: same first 12 digits, this copy has a wrong check digit",,6052100885,Bemi Enkerners,,Hakob Ayvaz,,,,,Aras Yayincilik,isbn_prefix,2021,,arm,,,,,,,,,,https://openlibrary.org/works/OL45484810W,,,openlibrary
9786052117001,Duplicate ISBN,n/a,"Duplicate of ISBN 9786052117002: same first 12 digits, this copy has a wrong check digit",,6052117001,Engellilere yönelik tutumlar ve okul sosyal hizmeti,,Ali Çetintaş,,,Education,Children with disabilities; Education; People with disabilities; Special education,Ürün Yayınları,record,2017,Ankara,tur,179,,,,,,,LC4037.T9 C48 2017,1043288997,https://openlibrary.org/works/OL32461820W,,,openlibrary
9786052117036,Duplicate ISBN,n/a,"Duplicate of ISBN 9786052117033: same first 12 digits, this copy has a wrong check digit",,6052117036,Divan edebiyatında halk kültürünün izleri,,Hanife Dilek Batislam,,,,,Ürün Yayınları,record,2017,Ankara,tur,157,,,,,,,,,https://openlibrary.org/works/OL32561009W,,,openlibrary
9786052117257,Duplicate ISBN,n/a,"Duplicate of ISBN 9786052117255: same first 12 digits, this copy has a wrong check digit",,6052117257,Abdal fıkraları üzerine bir inceleme,,Mehmet Çevik,,,"Philosophy, psychology & religion",Sufis; History; Sufism,Ürün Yayınları,record,2018,"Kızılay, Ankara",tur,272,,Ürün Yayınları -- 308. -- Bilimsel dizi -- 213,İkinci baskı.,,,,BP188.8.T9 C48 2018,1078666062,https://openlibrary.org/works/OL32601645W,,,openlibrary
9786052117265,Duplicate ISBN,n/a,"Duplicate of ISBN 9786052117262: same first 12 digits, this copy has a wrong check digit",,6052117265,Halk şairleri (Birinci kitap),,Sadettin N uzhet,,,,,and#xFFFD;Ur un Yay nlar,record,2018,Ankara,tur,143,,,,,,,,,https://openlibrary.org/works/OL32418532W,,,openlibrary
9786052117834,Duplicate ISBN,n/a,"Duplicate of ISBN 9786052117835: same first 12 digits, this copy has a wrong check digit",,6052117834,Dirmil yörük müzik kültürü,,Ferhat Erdem,,,,,Ürün Yayınları,record,2019,Ankara,tur,230,,,"Ankara, Turkey, 2019",,,,,,https://openlibrary.org/works/OL32135701W,,,openlibrary; openlibrary
9786052318895,Duplicate ISBN,n/a,"Duplicate of ISBN 9786052318898: same first 12 digits, this copy has a wrong check digit",,6052318899,Şer zamanıydı. Roman,,Hasan Yari Ateş,,,,,Dipnot,record,2021,Ankara,tur,328,,,,,,,,,https://openlibrary.org/works/OL32082604W,,,openlibrary
9786052334275,Duplicate ISBN,n/a,"Duplicate of ISBN 9786052334270: same first 12 digits, this copy has a wrong check digit",,6052334274,"Avrupalı bedevi, anarşist müslüman sufi ve seyyah Isabelle Eberhardt",,Emine Karahocagil Arslaner,,,World history,Women travelers; Biography; Muslim converts; Women authors; Voyageuses; Biographies; Convertis musulmans; Écrivaines,İlim Yurdu Yayıncılık,record,2019,Istanbul,tur,255,,,,,,,DT294.7.E2 A77 2019,1193234548,https://openlibrary.org/works/OL31792631W,,,openlibrary
9786052345533,Duplicate ISBN,n/a,"Duplicate of ISBN 9786052345535: same first 12 digits, this copy has a wrong check digit",,6052345535,Disiplinlerarası bir yaklaşımla felsefenin değeri,,Serdar Saygılı,,,,,Kimlik Yayınları,record,2018,Kayseri,tur,220,,,,,,,,,https://openlibrary.org/works/OL32583240W,,,openlibrary
9786052356755,Duplicate ISBN,n/a,"Duplicate of ISBN 9786052356753: same first 12 digits, this copy has a wrong check digit",,6052356758,Demsalên sikestî,,Nezahat Dogan,,,,,J & J,record,2018,Diyarbakır,kur,158,,,,,,,,1193212262,https://openlibrary.org/works/OL44412406W,,,openlibrary
9786052421204,Duplicate ISBN,n/a,"Duplicate of ISBN 9786052421208: same first 12 digits, this copy has a wrong check digit",,6052421207,Asimilasyon çemberindeki Bulgaristan müslümanları,,Emin Atasoy,,,,,Beta Basım Yayım,record,2018,Istanbul,tur,534,,,,,,,,,https://openlibrary.org/works/OL32581740W,,,openlibrary
9786052466234,Duplicate ISBN,n/a,"Duplicate of ISBN 9786052466230: same first 12 digits, this copy has a wrong check digit",,6052466235,Prusya'dan Enverland'a ve günümüze Türk - Alman tarihi,,Orhan Koloğlu,,,,,Tarihçi Kitabevi,record,2018,Istanbul,tur,312,,,,,,,,,https://openlibrary.org/works/OL32594663W,,,openlibrary
9786052583443,Duplicate ISBN,n/a,"Duplicate of ISBN 9786052583449: same first 12 digits, this copy has a wrong check digit",,6052583444,28 Şubat sürecinde imam hatip liseleri,Adana örneği,Ahmet Doğan,,,,,Akademisyen Kitabevi,record,2018,Ankara,tur,115,,,,,,,,,https://openlibrary.org/works/OL32594787W,,,openlibrary
9786052586221,Duplicate ISBN,n/a,"Duplicate of ISBN 9786052586228: same first 12 digits, this copy has a wrong check digit",,6052586222,İslam kültüründe mihrab kitabeleri,,Fatma Özdemir,,,History (auxiliary sciences),Islamic inscriptions; Arabic Inscriptions; Mihrabs,Akademisyen Kitabevi,record,2020,Ankara,tur,138,,,,,,,CN1153 .O93 2020,1317772906,https://openlibrary.org/works/OL32296719W,,,openlibrary
9786052588391,Duplicate ISBN,n/a,"Duplicate of ISBN 9786052588390: same first 12 digits, this copy has a wrong check digit",,605258839X,"""Sosyal, kültürel, tarihi ve coğrafik içerikleriyle"" türkülerimiz",,Ünal İmik,,,,,Akademisyen Kitabevi,record,2020,Ankara,tur,169,,,,,,,,,https://openlibrary.org/works/OL32274468W,,,openlibrary
9786052882961,Duplicate ISBN,n/a,"Duplicate of ISBN 9786052882962: same first 12 digits, this copy has a wrong check digit",,6052882964,Heterodoks dervişler ve Alevîler,,Sadullah Gülten,,,,Alevis; Sufis; Muslim scholars,Gece Kitaplığı,record,2018,Ankara,tur,224,,,,,,,,,https://openlibrary.org/works/OL32445689W,,,openlibrary
9786052920250,Duplicate ISBN,n/a,"Duplicate of ISBN 9786052920251: same first 12 digits, this copy has a wrong check digit",,6052920254,Xeyala vegerê,,Huseyîn Dûman,,,,,Aram,record,2020,Istanbul,kur,182,,,,,,,,1256655861,https://openlibrary.org/works/OL32126777W,,,openlibrary
9786052984059,Duplicate ISBN,n/a,"Duplicate of ISBN 9786052984055: same first 12 digits, this copy has a wrong check digit",,6052984058,Asker İnönü 1884 - 1922,,Alev Coşkun,,,,,Kırmızı Kedi Yayınevi,record,2018,Istanbul,tur,593,,,"Istanbul, Turkey, 2018",,,,,,https://openlibrary.org/works/OL32495938W,,,openlibrary; openlibrary
9786052984349,Duplicate ISBN,n/a,"Duplicate of ISBN 9786052984345: same first 12 digits, this copy has a wrong check digit",,6052984341,Bir dünya şarkısı Şükrü Erbaş,,Burak Atabay,,,,,Kırmızı Kedi Yayınevi,record,2018,Istanbul,tur,198,,,,,,,,,https://openlibrary.org/works/OL32606879W,,,openlibrary
9786053095267,Duplicate ISBN,n/a,"Duplicate of ISBN 9786053095262: same first 12 digits, this copy has a wrong check digit",,6053095265,"Hatay Devleti, 2 Eylül 1938 - 29 Haziran 1939",,Hamit Pehlivanlı,,,World history,History; Politics and government,T.C. Hatay Valiliği,record,2011,Hatay,tur,359,,,,,,,DS51.H37 P44 2011; DS51.H35 P334 2011,875631225,https://openlibrary.org/works/OL23393878W,,,openlibrary
9786053312823,Duplicate ISBN,n/a,"Duplicate of ISBN 9786053312826: same first 12 digits, this copy has a wrong check digit",,6053312827,Heftê û du nefî,helbest,Arjen Arî,,,,,Evrensel Basım Yayın,record,2016,"Beyoğlu, İstanbul",kur,85,,Rêza pirtûkên Kurdî -- 41,Çapa yekemîn.,,,,,986524188,https://openlibrary.org/works/OL32618156W,,,openlibrary
9786053890943,Duplicate ISBN,n/a,"Duplicate of ISBN 9786053890942: same first 12 digits, this copy has a wrong check digit",,6053890944,Konya ansiklopedisi - K - L - M (cilt 6),,Muhammet Ali Orak,,,,,Konya Kültür AŞ,record,2014,Konya,tur,420,,,,,,,,,https://openlibrary.org/works/OL32681748W,,,openlibrary
9786053891975,Duplicate ISBN,n/a,"Duplicate of ISBN 9786053891970: same first 12 digits, this copy has a wrong check digit",,6053891975,"14-16.05.2016 IV. Uluslararası Türk Sanatları, Tarihi ve Folkloru Kongresi sanat etkinlikleri","(IV. International Turkish Art, History and Folklore Congress art activities)","Uluslararası Türk Sanatları, Tarihi ve Folkloru Kongresi (4th 2015 Konya, Turkey)",,,Fine arts,Turkish Arts; Congresses; Handicraft; Folklore; Civilization; Turks; Arkeoloji İhtisas Kütüphanesi,Konya Büyükşehir Belediyesi Kültür Yayınları,record,2016,Konya,tur,798,,,,,,,N7161 .U48 2015,1011403872,https://openlibrary.org/works/OL32686832W,,,openlibrary
9786053962702,Duplicate ISBN,n/a,"Duplicate of ISBN 9786053962700: same first 12 digits, this copy has a wrong check digit",,6053962708,Malatya arkeoloji müzesi Bizans sikkeleri kataloğu,,Zeliha D Gökalp,,,,,Arkeoloji ve Sanat,record,2014,Istanbul,tur,138,,,,,,,,,https://openlibrary.org/works/OL31691789W,,,openlibrary
9786054063732,Duplicate ISBN,n/a,"Duplicate of ISBN 9786054063734: same first 12 digits, this copy has a wrong check digit",,6054063731,Türkiye'nin güvenliğini anlamak,,Güray Alpar,,,,,Nobel Akademik,record,2020,Ankara,tur,484,,,,,,,,1243877963,https://openlibrary.org/works/OL45001191W,,,openlibrary
9786054067293,Duplicate ISBN,n/a,"Duplicate of ISBN 9786054067299: same first 12 digits, this copy has a wrong check digit",,605406729X,Elyazısı yılları,şiir,Melisa Gürpınar,,,,,Turkuvaz Kitap,record,2008,"Beşiktaş, İstanbul",tur,95,,Şiir -- 5,1. basım.,,,,,543795920,https://openlibrary.org/works/OL37213423W,,,openlibrary
9786054086005,Duplicate ISBN,n/a,"Duplicate of ISBN 9786054086009: same first 12 digits, this copy has a wrong check digit",,6054086006,II. Uluslararası Selçuklu Kültür ve Medeniyeti Sempozyumu,"Selçuklular'da bilim ve düşünce :bildiriler/proceedings, 19-21 Ekim 2011, Konya",Turkey) Uluslararası Selçuklu Kültür ve Medeniyeti Sempozyumu (2nd 2011 Konya,,,World history,Seljuks; Congresses; History,Selçuk Belediyesi,record,2013,Konya,tur,,,,,,,,DS27 .U587 2011,890270463,https://openlibrary.org/works/OL31591196W,,,openlibrary
9786054086012,Duplicate ISBN,n/a,"Duplicate of ISBN 9786054086016: same first 12 digits, this copy has a wrong check digit",,6054086014,II. Uluslararası Selçuklu Kültür ve Medeniyeti Sempozyumu,"Selçuklular'da bilim ve düşünce :bildiriler/proceedings, 19-21 Ekim 2011, Konya",Turkey) Uluslararası Selçuklu Kültür ve Medeniyeti Sempozyumu (2nd 2011 Konya,,,World history,Seljuks; Congresses; History,Selçuk Belediyesi,record,2013,Konya,tur,,,,,,,,DS27 .U587 2011,890270463,https://openlibrary.org/works/OL31591196W,,,openlibrary
9786054086029,Duplicate ISBN,n/a,"Duplicate of ISBN 9786054086023: same first 12 digits, this copy has a wrong check digit",,6054086022,II. Uluslararası Selçuklu Kültür ve Medeniyeti Sempozyumu,"Selçuklular'da bilim ve düşünce :bildiriler/proceedings, 19-21 Ekim 2011, Konya",Turkey) Uluslararası Selçuklu Kültür ve Medeniyeti Sempozyumu (2nd 2011 Konya,,,World history,Seljuks; Congresses; History,Selçuk Belediyesi,record,2013,Konya,tur,,,,,,,,DS27 .U587 2011,890270463,https://openlibrary.org/works/OL31591196W,,,openlibrary
9786054086036,Duplicate ISBN,n/a,"Duplicate of ISBN 9786054086030: same first 12 digits, this copy has a wrong check digit",,6054086030,II. Uluslararası Selçuklu Kültür ve Medeniyeti Sempozyumu,"Selçuklular'da bilim ve düşünce :bildiriler/proceedings, 19-21 Ekim 2011, Konya",Turkey) Uluslararası Selçuklu Kültür ve Medeniyeti Sempozyumu (2nd 2011 Konya,,,World history,Seljuks; Congresses; History,Selçuk Belediyesi,record,2013,Konya,tur,,,,,,,,DS27 .U587 2011,890270463,https://openlibrary.org/works/OL31591196W,,,openlibrary
9786054086043,Duplicate ISBN,n/a,"Duplicate of ISBN 9786054086047: same first 12 digits, this copy has a wrong check digit",,6054086049,II. Uluslararası Selçuklu Kültür ve Medeniyeti Sempozyumu,"Selçuklular'da bilim ve düşünce :bildiriler/proceedings, 19-21 Ekim 2011, Konya",Turkey) Uluslararası Selçuklu Kültür ve Medeniyeti Sempozyumu (2nd 2011 Konya,,,World history,Seljuks; Congresses; History,Selçuk Belediyesi,record,2013,Konya,tur,,,,,,,,DS27 .U587 2011,890270463,https://openlibrary.org/works/OL31591196W,,,openlibrary
9786054208400,Duplicate ISBN,n/a,"Duplicate of ISBN 9786054208401: same first 12 digits, this copy has a wrong check digit",,6054208403,"Gazeteler, gazeteciler ve olaylar etrafında Mütareke yıllarında İstanbul",,Ahmet Cemaleddin Saraçoğlu,,,Language & literature,"Press; Journalists; Armed Forces; Politics and government; World War, 1914-1918; Armistices; History; Biography; Turkish Authors; Allied and Associated Powers (1914-1920); Journalism",Kitabevi,record,2009,"Cağaloğlu, İstanbul",tur,603,,,,,,,PN5449.T83 I887 2009; PN5449.T8 S27 2009,624072041,https://openlibrary.org/works/OL23336145W,,,openlibrary
9786054222027,Duplicate ISBN,n/a,"Duplicate of ISBN 9786054222025: same first 12 digits, this copy has a wrong check digit",,6054222023,World Universities Congress,"proceedings, 20-24 October 2010, Çanakkale, Turkey",World Universities Congress (2010 Çanakkale Onsekiz Mart University),,,Education,Universities and colleges; Congresses; Climatic changes; Terrorism; Prevention; Poverty; Emigration and immigration; Medical care; Equality; Education; Conflict management; Peace; Cultural property; Protection; Population; Non-governmental organizations; Economic development,Çanakkale Onsekiz Mart University,record,2010,"Çanakkale, Turkey",eng,1936,,,,,,,LB2301 .W67 2010,746101573,https://openlibrary.org/works/OL23367523W,,,openlibrary
9786054223949,Duplicate ISBN,n/a,"Duplicate of ISBN 9786054223947: same first 12 digits, this copy has a wrong check digit",,6054223941,İstifçi,roman,İffet Halim Oruz,,,Language & literature,,Salkımsöğüt Yayınları,record,2012,Erzurum,tur,150,,Salkımsöğüt Yayınları -- 176,1. baskı.,,,,PL248.O789 I78 2012,864911944,https://openlibrary.org/works/OL32827102W,,,openlibrary
9786054239533,Duplicate ISBN,n/a,"Duplicate of ISBN 9786054239535: same first 12 digits, this copy has a wrong check digit",,6054239538,Şeyhü'l-işrâk'ın izinde. İlk dönem işrâkî şârihler,,"M Nesim Doru, Kamuran Gökdağ, Yunus Kaplan (Ed)",,,,,Divan Kitap,record,2015,Ankara,tur,318,,,,,,,,,https://openlibrary.org/works/OL45443628W,,,openlibrary
9786054268651,Duplicate ISBN,n/a,"Duplicate of ISBN 9786054268658: same first 12 digits, this copy has a wrong check digit",,6054268651,Son asır Ehl-i Sünnet âlimleri,,Ali Nar,,,"Philosophy, psychology & religion",Muslim scholars; Biography; Sunnites; Scholars; History,Doğru Yorum Gazetesi Yayınları,record,2011,"Güngören, İstanbul",tur,313,,,,,,,BP70 .S66 2011,769627776; 793521708,https://openlibrary.org/works/OL23231620W,,,openlibrary
9786054307354,Duplicate ISBN,n/a,"Duplicate of ISBN 9786054307357: same first 12 digits, this copy has a wrong check digit",,6054307355,Yüreğime değdi(n) Kastamonu,,Mine Akçakoca Özgür,,,World history,Homes and haunts; Description and travel,Heyamola Yayınları; Heyamola Yayinlari,record,2010,"Maltepe, İstanbul",tur,247,,Heyamola Yayınları -- No: 135. -- Türkiye'nin kentleri -- 18; Türkiye'nin kentleri -- 18,1. basım.,,,,DS51.K2 O944 2010; DS51.K2 O938 2010,696108387,https://openlibrary.org/works/OL22607559W,,,openlibrary
9786054334153,Duplicate ISBN,n/a,"Duplicate of ISBN 9786054334155: same first 12 digits, this copy has a wrong check digit",,6054334158,Türk siyasetinde köy enstitüleri,,Lütfi Arslan,,,,,Nobel Akademik,record,2022,Ankara,tur,283,,,"Ankara, Turkey, 2022",,,,,,https://openlibrary.org/works/OL31915260W,,,openlibrary; openlibrary
9786054337610,Duplicate ISBN,n/a,"Duplicate of ISBN 9786054337613: same first 12 digits, this copy has a wrong check digit",,6054337610,Çukurova Folkloru İçin Seksen Kapıya Doksan Değnek Çalmak,,Bekir İşlek,Hakan Alpin; Bekir İşlek,,,,Çatı Kitapları,record,2012,"İstanbul, Turkey",,520,Paperback,Düziçi Folklor Kitapları - 4,,,,,,,https://openlibrary.org/works/OL16793372W,,,openlibrary
9786054337858,Duplicate ISBN,n/a,"Duplicate of ISBN 9786054337859: same first 12 digits, this copy has a wrong check digit",,6054337858,"Küllerin altındaki İzmir, 1909-1930",,Volkan Gönenç,,,World history,History,Çatı Kitapları,record,2012,İstanbul,tur,160,,,,,,,DS51.I9 K534 2012; DS51.I9 G645 2012,842387974,https://openlibrary.org/works/OL23372221W,,,openlibrary
9786054447460,Duplicate ISBN,n/a,"Duplicate of ISBN 9786054447466: same first 12 digits, this copy has a wrong check digit",,6054447467,Örnekleriyle Emirdağ ağzı,,Şükrü Türkmen,,,,,Emirdağlılar Vakfı,record,2014,Eskişehir,tur,318,,,,,,,,,https://openlibrary.org/works/OL31591229W,,,openlibrary
9786054448017,Duplicate ISBN,n/a,"Duplicate of ISBN 9786054448012: same first 12 digits, this copy has a wrong check digit",,6054448013,Batı'ya yön veren metinler,,Alev Alatlı,,,,European Philosophy; History; Philosophy,İlke Eğitim ve Sağlık Vakfı,record,2010,İstanbul,tur,,,,1. basım.,,,,,785791355,https://openlibrary.org/works/OL33423214W,,,openlibrary
9786054448027,Duplicate ISBN,n/a,"Duplicate of ISBN 9786054448029: same first 12 digits, this copy has a wrong check digit",,6054448021,Batı'ya yön veren metinler,,Alev Alatlı,,,,European Philosophy; History; Philosophy,İlke Eğitim ve Sağlık Vakfı,record,2010,İstanbul,tur,,,,1. basım.,,,,,785791355,https://openlibrary.org/works/OL33423214W,,,openlibrary
9786054448037,Duplicate ISBN,n/a,"Duplicate of ISBN 9786054448036: same first 12 digits, this copy has a wrong check digit",,605444803X,Batı'ya yön veren metinler,,Alev Alatlı,,,,European Philosophy; History; Philosophy,İlke Eğitim ve Sağlık Vakfı,record,2010,İstanbul,tur,,,,1. basım.,,,,,785791355,https://openlibrary.org/works/OL33423214W,,,openlibrary
9786054448047,Duplicate ISBN,n/a,"Duplicate of ISBN 9786054448043: same first 12 digits, this copy has a wrong check digit",,6054448048,Batı'ya yön veren metinler,,Alev Alatlı,,,,European Philosophy; History; Philosophy,İlke Eğitim ve Sağlık Vakfı,record,2010,İstanbul,tur,,,,1. basım.,,,,,785791355,https://openlibrary.org/works/OL33423214W,,,openlibrary
9786054495136,Duplicate ISBN,n/a,"Duplicate of ISBN 9786054495139: same first 12 digits, this copy has a wrong check digit",,6054495135,"İki hanefi fakihin fıkhu'l-hadis değerlendirmeleri, tuhfe-mebarık örneği",,H Murat Kumbasar,,,"Philosophy, psychology & religion","Hadith; Criticism, interpretation; Islamic law; Interpretation and construction; Hanafites",Araştırma,record,2011,Ankara,tur,104,,,,,,,BP135.A2 K86 2011,1131680701,https://openlibrary.org/works/OL39588017W,,,openlibrary
9786054498069,Duplicate ISBN,n/a,"Duplicate of ISBN 9786054498062: same first 12 digits, this copy has a wrong check digit",,6054498061,Türk ve dünya edebiyatında etkileşimler,"sempozyum bildirileri, 24-26 Mayıs, Zonguldak",Turkey) Uluslararası Türk ve Dünya Edebiyatında Etkileşimler Sempozyumu (2012 Zonguldak,,,Language & literature,Turkish literature; Congresses; Foreign influences; History and criticism,Bülent Ecevit Üniversitesi,record,2012,Ankara,tur,208,,,,,,,PL208 .U48 2012; PL208 .U587 2012,891128971,https://openlibrary.org/works/OL23368535W,,,openlibrary
9786054501691,Duplicate ISBN,n/a,"Duplicate of ISBN 9786054501694: same first 12 digits, this copy has a wrong check digit",,6054501690,"Garbis Fikri Â.K. Edebiyât-ı cedîde. ""Bir heyet-i edebiyya tarafından intihâb edilmiştir.""",,Recai Özcan,,,,,Kurgan Edebiyat,record,2018,Ankara,tur,362,,,,,,,,,https://openlibrary.org/works/OL32321120W,,,openlibrary
9786054577546,Duplicate ISBN,n/a,"Duplicate of ISBN 9786054577545: same first 12 digits, this copy has a wrong check digit",,6054577549,Jack London. Kibir kçe,,Osman Şafak Buyuklişi,,,,,Lazika Yayıncılık,record,2016,Istanbul,cau,229,,,"Istanbul, Turkey, 2016",,,,,,https://openlibrary.org/works/OL32643125W,,,openlibrary; openlibrary
9786054598074,Duplicate ISBN,n/a,"Duplicate of ISBN 9786054598076: same first 12 digits, this copy has a wrong check digit",,6054598074,"Edebiyatta Kıbrıs ve edebiyatta bahar, uluslararası (XXIV.) Kibatek edebiyat şöleni... Sempozyum bildirileri, 20-24 Mart 2013, KKTC",,Metin Turan,,,,,Daü,record,2013,Ankara,tur,516,,,"Ankara, Turkey, 2013",,,,,,https://openlibrary.org/works/OL41422774W,,,openlibrary; openlibrary
9786054633976,Duplicate ISBN,n/a,"Duplicate of ISBN 9786054633975: same first 12 digits, this copy has a wrong check digit",,605463397X,Oblazana sudbina,razkazi,Ljube B. Mitrejčevski,,,,,Panili,record,2016,Skopje,mac,195,,,,,,,,984715131,https://openlibrary.org/works/OL45845784W,,,openlibrary
9786054642176,Duplicate ISBN,n/a,"Duplicate of ISBN 9786054642175: same first 12 digits, this copy has a wrong check digit",,6054642170,Düşler gerçekler İmgeler,modern Türk resiminde cumhuriyet imgesi = Dreams realities images : the image of the republic in modern Turkish painting : Sergi Kataloğu Exhibition Catalogue,Begüm Akkoyunlu; Tania Bahar,,,Fine arts,Modern Art; Catalogs; Exhibitions; In art; Turkish Painting,Suna and İnan Kıraç Vakfı; Pera Müzesi,record,2013,İstanbul,tur; eng,111,,Pera Müzesi yayını -- no. 64; Pera Müzesi yayınları -- 64,,,,,N7168 D87 2013; N7168 .D87x 2013,887736461,https://openlibrary.org/works/OL31394064W,,,openlibrary
9786054650665,Duplicate ISBN,n/a,"Duplicate of ISBN 9786054650668: same first 12 digits, this copy has a wrong check digit",,6054650661,Mektuplar - 11,Sâmiha Ayverdi - Mehmet Emiroğlu,Kazım Yetiş,,,,,Kubbealtı,record,2021,Istanbul,tur,110,,,,,,,,,https://openlibrary.org/works/OL32020624W,,,openlibrary
9786054701547,Duplicate ISBN,n/a,"Duplicate of ISBN 9786054701544: same first 12 digits, this copy has a wrong check digit",,6054701541,Arkeoloji yolculuğunda Hatay,Mustafa Kemal Üniversitesi Fen-Edebiyat Fakültesi Arkeoloji Bölümü kalıcı sergisi,Aynur Özfırat; Banu Özdilek; Mustafa Kemal Üniversitesi; Mustafa Kemal Üniversitesi. Fen-Edebiyat Fakültesi; Mustafa Kemal Üniversitesi. Arkeoloji Bölümü,,,World history,Antiquities; Exhibitions; Mustafa Kemal Üniversitesi,Mustafa Kemal Üniversitesi,record,2014,Hatay,tur,264,,,,,,,DS51.H35 A74 2014,908377279,https://openlibrary.org/works/OL43646534W,,,openlibrary
9786054735757,Duplicate ISBN,n/a,"Duplicate of ISBN 9786054735754: same first 12 digits, this copy has a wrong check digit",,6054735756,"Savaş ve edebiyat sempozyumu. 16 - 18 Aralık 2014, Sakarya. Bildiriler kitabı (cilt I)",,Yılmaz Daşcıoğlu,,,,,Sakarya Üniversitesi Yayınları,record,2016,Sakarya,tur,497,,,,,,,,,https://openlibrary.org/works/OL32606861W,,,openlibrary
9786054771697,Duplicate ISBN,n/a,"Duplicate of ISBN 9786054771691: same first 12 digits, this copy has a wrong check digit",,6054771698,35,"Türk Tiyatrosu'nun 35 yıl ve üzeri kariyeri olan 35 usta ve ünlü tiyatro sanatçısıyla yüz yüze : her şey bir soruyla başladı: ""bu illete nasıl bulaştınız!""",Oğuzhan Toracı,,,Language & literature,Actors; Biography; Theater; Schauspieler,Destek yayınları,record,2013,"Beyoğlu, İstanbul",tur,294,,Destek yayınları -- 397. -- Güncel -- 27,,,,,PN2959.7 .T675 2013; PN2959.7 .T67 2013,938788033,https://openlibrary.org/works/OL32866980W,,,openlibrary
9786054836590,Duplicate ISBN,n/a,"Duplicate of ISBN 9786054836598: same first 12 digits, this copy has a wrong check digit",,6054836595,Savaş ve Barış Manga,,Лев Толстой,H. Can Erkin,,,,Yordam Kitap,record,2014,"Istanbul, Turkey",tur,217,,,,,,,,,https://openlibrary.org/works/OL17038350W,,,openlibrary
9786054849967,Duplicate ISBN,n/a,"Duplicate of ISBN 9786054849963: same first 12 digits, this copy has a wrong check digit",,6054849964,Akata'ya Yolculuk (Nipura'nn Gizemi 1),,Fatma Burak; Dilem Serbest,,,,,Aylak Adam,record,2014,,tr,,,,"FR, 2014",,"mer drt gndr kendisini bir kpei bkmadan usanmadan takip ettiinin farkndayd: Peki, bu uzun burunlu, uzun yzl, ekik ve parlak yeil gzl kpek onu neden takip ediyordu? Kendisinden ne istiyordu? mer, yeil gzl kpek Sirmu'nun kendisine anlattklarndan etkilenerek onunla birlikte baka bir dnyaya geer. Artk hi bir ey eskisi gibi olmayacaktr! ""Nipura'nn Gizemi"" serisinde mer ve Sirmu ile birlikte baka karakterlerle de tanp, onlarn yaaylarna ve atldklar maceralara tank olacaz. Heyecann hi bitmeyecei bu serinin ilk maceras karnzda!",,,,,,,goodreads
9786054892205,Duplicate ISBN,n/a,"Duplicate of ISBN 9786054892204: same first 12 digits, this copy has a wrong check digit",,6054892207,Tercümân,vefatının 100. yılında Gaspıralı İsmail Bey'e Vefa,Mehmet Yalçin Yilmaz,,,Language & literature,Journalists; Biography; Crimean Tatars; Newspapers; Turkic peoples; Crimean Tatar language; Turkish language; Tercumān (Newspaper : 1883); Turkish newspapers; History,Eskişehir Valiliği,record,2014,İstanbul,tur; ota,,,,,,,,PN5355.U384 T37 2014; D26 .T37 2014,905560803,https://openlibrary.org/works/OL32708977W,,,openlibrary
9786054907238,Duplicate ISBN,n/a,"Duplicate of ISBN 9786054907236: same first 12 digits, this copy has a wrong check digit",,6054907239,"Süleyman Nazif, Nâsurıddîn Şah ve Bâbîler",,,,,,,Kitabevi,record,2014,Istanbul,tur,94,,,,,,,,,https://openlibrary.org/works/OL31591203W,,,openlibrary
9786055054024,Duplicate ISBN,n/a,"Duplicate of ISBN 9786055054021: same first 12 digits, this copy has a wrong check digit",,6055054027,"Antalya'nın doğusu, Lefkoşa'nın Kuzeyi",Roman,Marios Michaēlidēs; Lale Alatlı; Bahar Bayram; Thodoris Hrisikos; Verlag Auf dem Ruffel,,,Literature,,OPM; Ruffel,record,2015,İstanbul; Engelschoff,tur,108,,,Türkçe özgün basım,gre,,890; B,,914359120,https://openlibrary.org/works/OL45680664W,,,openlibrary
9786055071323,Duplicate ISBN,n/a,"Duplicate of ISBN 9786055071325: same first 12 digits, this copy has a wrong check digit",,6055071320,Mexzena kolleksiyona çirûskan,,Rênas Jiyan,,,,,Belkî Basın Yayın,record,2016,Diyarbakır,kur,80,,,,,,,,,https://openlibrary.org/works/OL45528751W,,,openlibrary
9786055413035,Duplicate ISBN,n/a,"Duplicate of ISBN 9786055413033: same first 12 digits, this copy has a wrong check digit",,6055413035,İntihar ve roman,intihar olgusunun Türk romanına yansıması (1872-1960),Nurullah Ulutaş,,,Language & literature,Turkish fiction; History and criticism; Suicide in literature; Death in literature; Turkish Authors; Criticism and interpretation,Akçağ,record,2011,"Kızılay, Ankara",tur,592,,Yeni Türk edebiyatı -- 75,1. baskı.,,,,PL223.5.S85 U48 2011; PL223.5.S85 U58 2011,768775331,https://openlibrary.org/works/OL23239907W,,,openlibrary
9786055414022,Duplicate ISBN,n/a,"Duplicate of ISBN 9786055414023: same first 12 digits, this copy has a wrong check digit",,6055414023,Emperyalizme direnen Türk,Mehmet Âkif Ersoy,Nurullah Çetin,,,Language & literature,Turkish Authors; Turkish literature; History and criticism,Akçağ,record,2012,"Kızılay, Ankara",tur,238,,Akçağ yayınları -- 1096. -- Yeni Türk edebiyatı -- 80; Bütün eserleri -- 1,1. baskı.,,,,PL248.M42 Z57 2012; PL248.M42 Z73 2012,871015049; 767826223,https://openlibrary.org/works/OL23395010W,,,openlibrary
9786055585871,Duplicate ISBN,n/a,"Duplicate of ISBN 9786055585877: same first 12 digits, this copy has a wrong check digit",,6055585871,"Mele xalitê licî, hin çîrokên bi qafiye",,Şerpehativen Zana,,,,,Avesta,record,2011,Istanbul,kur,256,,,,,,,,,https://openlibrary.org/works/OL32182952W,,,openlibrary
9786055593639,Duplicate ISBN,n/a,"Duplicate of ISBN 9786055593636: same first 12 digits, this copy has a wrong check digit",,6055593637,Osmanlı Devleti'nde yabancılara verilen kamu hizmeti imtiyazları,,Seda Örsten Esirgen,,,Law,"Privileges and immunities; History; Aliens; Capitulations; Constitutional history; Commercial law; Politics and government; Economic conditions; Legal status, laws; Constitutional law; Noncitizens",Turhan Kitabevi,record,2012,Ankara,tur,301,,,,,,,KKX2290 .O78 2012,811355055,https://openlibrary.org/works/OL23229258W,,,openlibrary
9786055607742,Duplicate ISBN,n/a,"Duplicate of ISBN 9786055607746: same first 12 digits, this copy has a wrong check digit",,6055607743,Kum'dan kent'e,"Patara kazılarının 25 yılı : uluslararası sempozyum bildirileri, 11-13 Kasım 2013 Antalya = From sand into a city : 25 years of Patara excavations : proceedings of the international symposium of 11-13 November 2013 Antalya",Havva İşkan; Fahri Işık,,,World history,Congresses; Antiquities; Excavations (Archaeology); Extinct cities,Ege Yayınları,record,2015,İstanbul,tur,640,,Patara -- 7.1,,,,,DS156.P32 K86 2013,919634379,https://openlibrary.org/works/OL32744618W,,,openlibrary
9786055646120,Duplicate ISBN,n/a,"Duplicate of ISBN 9786055646127: same first 12 digits, this copy has a wrong check digit",,6055646129,Pankart,,Nebahat Dertli,,,Language & literature,,Siyah Beyaz Kitap,record,2010,İstanbul,tur,255,,Lucifer Kütüphanesi,,,,,PL248.D47019 P36 2010,709890686,https://openlibrary.org/works/OL33420720W,,,openlibrary
9786055799073,Duplicate ISBN,n/a,"Duplicate of ISBN 9786055799076: same first 12 digits, this copy has a wrong check digit",,6055799073,Kanun-i Esasi'den askerî müdahaleye,II. Meşrutiyet,M. Şükrü Hanioğlu; Yusuf Çağlar,,,World history,Politics and government; History; İttihat ve Terakki Cemiyeti; Political activity; Armed Forces; Turkey,Zaman Kitap,record,2008,"Bahçelievler, İstanbul",tur,155,,Tarih -- 5,1. basım.,,,,DR572 .K275 2008; DR584 .K357 2008,392312758,https://openlibrary.org/works/OL16164358W,,,openlibrary
9786055799111,Duplicate ISBN,n/a,"Duplicate of ISBN 9786055799113: same first 12 digits, this copy has a wrong check digit",,6055799111,Şatranc-ı Urefa -âriflerin satrancı,,Yusuf Çağlar,,,"Geography, anthropology & recreation",Chess; History,Zaman Kitab,record,2009,İstanbul,tur,79,,,1. basım.,,,,GV1330.T9 C34 2009; GV1330.T9 C33 2009,631044526,https://openlibrary.org/works/OL23336199W,,,openlibrary
9786055801942,Duplicate ISBN,n/a,"Duplicate of ISBN 9786055801946: same first 12 digits, this copy has a wrong check digit",,6055801949,Kumkapılı kadın. Roman,,Mahmut Baycan,,,,,Kora Yayın,record,2022,Istanbul,tur,196,,,,,,,,,https://openlibrary.org/works/OL31886374W,,,openlibrary
9786055809107,Duplicate ISBN,n/a,"Duplicate of ISBN 9786055809102: same first 12 digits, this copy has a wrong check digit",,6055809109,Türkan Şoray,,Ayşegül Yaraman-Başbuğu; Ali Ergur; Su Başbuğu,,,Language & literature,Motion picture actors and actresses; Biography,Bağlam,record,2009,"Cağaloğlu, İstanbul",tur,200,,Biyografya -- 8,1. basım.,,,,PN2959.8.S67 B59 2009,542825396,https://openlibrary.org/works/OL33310761W,,,openlibrary
9786055863861,Duplicate ISBN,n/a,"Duplicate of ISBN 9786055863869: same first 12 digits, this copy has a wrong check digit",,6055863863,Divan şiirinde,rubâî,Mehmet Sait Çalka,,,Language & literature,Turkish Quatrains; History and criticism; Turkish poetry,Kriter Yayınevi,record,2015,"Eminönü-Fatih, İstanbul",tur,421,,,Birinci baskı.,,,,PL235 .C355 2015; PL220 .C34 2015,953986998,https://openlibrary.org/works/OL32427604W,,,openlibrary
9786056010444,Duplicate ISBN,n/a,"Duplicate of ISBN 9786056010446: same first 12 digits, this copy has a wrong check digit",,6056010449,II. uluslararas Yunus Emre sempozyumu bildirileri,,Unal Şenel,,,,,Yunusemre Belediyesi,record,2017,Manisa,tur,405,,,,,,,,,https://openlibrary.org/works/OL32418389W,,,openlibrary
9786056127218,Duplicate ISBN,n/a,"Duplicate of ISBN 9786056127212: same first 12 digits, this copy has a wrong check digit",,6056127214,İMKB'de ZITLIK ve MOMENTUM STRATEJİLERİ,,,,,,,Titiz Yayınları,record,,,,,,,,,,,,,https://openlibrary.org/works/OL15703383W,,,openlibrary
9786056160678,Duplicate ISBN,n/a,"Duplicate of ISBN 9786056160677: same first 12 digits, this copy has a wrong check digit",,605616067X,Serbest şiirin ilk kuramcısı Nureddin Ferruh Alkend. Hayatı - sanatı - eserleri,,Ali İhsan Kolcu,,,,,Salkımsöğüt Yayınevi,record,2017,Erzurum,tur,236,,,,,,,,,https://openlibrary.org/works/OL32560980W,,,openlibrary
9786056160685,Duplicate ISBN,n/a,"Duplicate of ISBN 9786056160684: same first 12 digits, this copy has a wrong check digit",,6056160688,İsmail Safâ. Muhâkemât - ı Edebiyye,,Abdurrahman Kolcu,,,,,Salkımsöğüt Yayınevi,record,2017,Erzurum,tur,113,,,"Erzurum, Turkey, 2017",,,,,,https://openlibrary.org/works/OL32561046W,,,openlibrary; openlibrary
9786056165814,Duplicate ISBN,n/a,"Duplicate of ISBN 9786056165818: same first 12 digits, this copy has a wrong check digit",,6056165817,Tarihin ışığında Mardin,Mardin in light of history,Doğan Bekin,,,World history,"Pictorial works; Buildings, structures; History; Civilization; Architecture; Stone buildings",Genpa Telekomunikasyon ve İletişim Hizmetleri San. Tic. A.Ş,record,2010,"[Mardin, Turkey?]",tur,344,,,2. baskı.,,,,DS51 .M3 2010,747322615,https://openlibrary.org/works/OL22609595W,,,openlibrary
9786056410101,Duplicate ISBN,n/a,"Duplicate of ISBN 9786056410109: same first 12 digits, this copy has a wrong check digit",,6056410102,Mazide kalan şehir Urfa,,Yasin Küçük,,,World history,Pictorial works; History; Description and travel,Step Ajans Matbaacılık,record,2013,Şanlıurfa,tur,374,,,,,,,DS51.S22 K83 2013,900483671,https://openlibrary.org/works/OL23367521W,,,openlibrary
9786056744239,Duplicate ISBN,n/a,"Duplicate of ISBN 9786056744235: same first 12 digits, this copy has a wrong check digit",,605674423X,Kentsel dönüşüm politikaları & finansman modelleri,,Ayça Doğaner,,,,,Marmara Belediyeler Birliği Kültür Yayınları,record,,Istanbul,tur,334,,,"Istanbul, Turkey",,,,,,https://openlibrary.org/works/OL32614239W,,,openlibrary; openlibrary
9786056880276,Duplicate ISBN,n/a,"Duplicate of ISBN 9786056880278: same first 12 digits, this copy has a wrong check digit",,6056880273,Efendîno,,Arjen Arî,,,,,Badayay Basın Yayın,record,2019,Istanbul,kur,81,,,,,,,,,https://openlibrary.org/works/OL32284925W,,,openlibrary
9786056955409,Duplicate ISBN,n/a,"Duplicate of ISBN 9786056955402: same first 12 digits, this copy has a wrong check digit",,6056955400,Osmanlı dönemi Rumeli para vakıfları,,Mehmet Bulut,,,"Philosophy, psychology & religion","Waqf; Sources; Endowments; Charitable uses, trusts, and foundations; Money (Islamic law); History",İstanbul Sabahattin Zaim Üniversitesi,record,2019,İstanbul,tur,573,,"İZÜ Yayınları -- no: 32-42, 31",,,,,BP170.25 .O95 2019,1193223130,https://openlibrary.org/works/OL32319744W,,,openlibrary
9786056955416,Duplicate ISBN,n/a,"Duplicate of ISBN 9786056955419: same first 12 digits, this copy has a wrong check digit",,6056955419,Osmanlı dönemi Rumeli para vakıfları,,Mehmet Bulut,,,"Philosophy, psychology & religion","Waqf; Sources; Endowments; Charitable uses, trusts, and foundations; Money (Islamic law); History",İstanbul Sabahattin Zaim Üniversitesi,record,2019,İstanbul,tur,573,,"İZÜ Yayınları -- no: 32-42, 31",,,,,BP170.25 .O95 2019,1193223130,https://openlibrary.org/works/OL32319744W,,,openlibrary
9786056955423,Duplicate ISBN,n/a,"Duplicate of ISBN 9786056955426: same first 12 digits, this copy has a wrong check digit",,6056955427,Osmanlı dönemi Rumeli para vakıfları,,Mehmet Bulut,,,"Philosophy, psychology & religion","Waqf; Sources; Endowments; Charitable uses, trusts, and foundations; Money (Islamic law); History",İstanbul Sabahattin Zaim Üniversitesi,record,2019,İstanbul,tur,573,,"İZÜ Yayınları -- no: 32-42, 31",,,,,BP170.25 .O95 2019,1193223130,https://openlibrary.org/works/OL32319744W,,,openlibrary
9786057015707,Duplicate ISBN,n/a,"Duplicate of ISBN 9786057015709: same first 12 digits, this copy has a wrong check digit",,6057015703,Nurettin Topçu'da iktisadi insan tasavvuru,,Muhammed Beşir Çalışkan,,,,,İktisat Yayınları,record,2021,Istanbul,tur,135,,,"Istanbul, Turkey, 2021",,,,,,https://openlibrary.org/works/OL32105462W,,,openlibrary; openlibrary
9786057015769,Duplicate ISBN,n/a,"Duplicate of ISBN 9786057015761: same first 12 digits, this copy has a wrong check digit",,6057015762,Osmanlı modernleşme sürecinde emek düşüncesi. 1862 - 1922 arası osmanlı süreli yayınları,,Haci Sarı,,,,,İktisat YAyınları,record,2021,Istanbul,tur,360,,,,,,,,,https://openlibrary.org/works/OL32122770W,,,openlibrary
9786057109050,Duplicate ISBN,n/a,"Duplicate of ISBN 9786057109057: same first 12 digits, this copy has a wrong check digit",,6057109058,Sığınmacı çocuklar,küçük bedenler büyük hikâyeler,Pelin Kılınç,,,,,Ihlamur,record,2022,Istanbul,tur,280,,,"Istanbul, Turkey, 2022",,,,,,https://openlibrary.org/works/OL31823735W,,,openlibrary; openlibrary
9786057288323,Duplicate ISBN,n/a,"Duplicate of ISBN 9786057288325: same first 12 digits, this copy has a wrong check digit",,6057288327,19. ve 20. yüzyıl yabancı seyyahların gözünden Istanbul,,Saro Dadyan,,,,,Istanbul Kültür A.Ş,record,2021,Istanbul,tur,504,,,,,,,,,https://openlibrary.org/works/OL32066861W,,,openlibrary
9786057323768,Duplicate ISBN,n/a,"Duplicate of ISBN 9786057323767: same first 12 digits, this copy has a wrong check digit",,6057323769,Sultan II. Abdülhamid devrinde bir muhalif,Ahmed Saib ve eseri Sultan Abdülhamid ve saltanatının ilk yılları,Adem Kara,,,World history,Politics and government,Gece Kitaplığı,record,2019,Ankara,tur,171,,,,,,,DR571 .A67 2019,1226085621,https://openlibrary.org/works/OL32357758W,,,openlibrary
9786057335016,Duplicate ISBN,n/a,"Duplicate of ISBN 9786057335012: same first 12 digits, this copy has a wrong check digit",,6057335015,Kâbil nerede hâbil? Kabîl ka habîl?,,İhsan Arat,,,,,Lîs Basın Yayın,record,2018,Diyarbakır,kur,64,,,,,,,,,https://openlibrary.org/works/OL32600981W,,,openlibrary
9786057379133,Duplicate ISBN,n/a,"Duplicate of ISBN 9786057379139: same first 12 digits, this copy has a wrong check digit",,6057379136,Yaşamın kıyısından hatıralar,,Ayça Satı,,,,,Sakin Kitap,record,2021,İzmir,tur,207,,,,,,,,,https://openlibrary.org/works/OL32020479W,,,openlibrary
9786057392037,Duplicate ISBN,n/a,"Duplicate of ISBN 9786057392039: same first 12 digits, this copy has a wrong check digit",,6057392035,Nâzım'ın Bursa yılları,,Güney Özkılınç,,,,,Ginko Kitap,record,2021,Istanbul,tur,343,,,"Istanbul, Turkey, 2021",,,,,1268201757,https://openlibrary.org/works/OL32082625W,,,openlibrary; openlibrary
9786057501792,Duplicate ISBN,n/a,"Duplicate of ISBN 9786057501790: same first 12 digits, this copy has a wrong check digit",,6057501799,Ahmed Râsim hikâye ve romanları (cilt II),,Özgür İldeş,,,,,Kurgan Edebiyat,record,2019,Ankara,tur,328,,,,,,,,,https://openlibrary.org/works/OL32512946W,,,openlibrary
9786057556298,Duplicate ISBN,n/a,"Duplicate of ISBN 9786057556295: same first 12 digits, this copy has a wrong check digit",,6057556291,Bir savcı'nın fırtınalı hatıraları,,Ali Karcı,,,Law,Public prosecutors; Biography; Islam and state; Politics and government,Sinada Yayınevi,record,2019,Afyonkarahisar,tur,500,,,1. basım.,,,,KKX110.K372 A3 2019,1193193669,https://openlibrary.org/works/OL32158099W,,,openlibrary
9786057595321,Duplicate ISBN,n/a,"Duplicate of ISBN 9786057595324: same first 12 digits, this copy has a wrong check digit",,6057595327,Kur'ân-ı Kerîm âyet-i kerimelerinin mu'ciz ifadelerine göre Yâ Cûc,,Musa Carullah Bigiyef,,,,,Ankara Okulu Yayınları,record,2019,Ankara,tur,140,,,,,,,,1193192072,https://openlibrary.org/works/OL43704864W,,,openlibrary
9786057604614,Duplicate ISBN,n/a,"Duplicate of ISBN 9786057604613: same first 12 digits, this copy has a wrong check digit",,605760461X,Karanlıktan bahsetmek yok,,Günay Ertekin,,,,,Mitos - Boyut,record,2021,Istanbul,tur,63,,,,,,,,1268204213,https://openlibrary.org/works/OL32082676W,,,openlibrary
9786057623063,Duplicate ISBN,n/a,"Duplicate of ISBN 9786057623065: same first 12 digits, this copy has a wrong check digit",,6057623061,"Kazım Koyuncu ""Denizde karartı var""",,Birol Öztürk,,,,,Siyah Beyaz,record,2021,Istanbul,tur,126,,,,,,,,,https://openlibrary.org/works/OL32036771W,,,openlibrary
9786057623070,Duplicate ISBN,n/a,"Duplicate of ISBN 9786057623072: same first 12 digits, this copy has a wrong check digit",,605762307X,Erdal Eren. Ben hep on yedi yaşındayım,,Birol Öztürk,,,,,Siyah Beyaz,record,,,tur,205,,,,,,,,,https://openlibrary.org/works/OL32036769W,,,openlibrary
9786057665761,Duplicate ISBN,n/a,"Duplicate of ISBN 9786057665768: same first 12 digits, this copy has a wrong check digit",,6057665767,Kudüs el-Halil kapısı ve çevresinin tarihi,,Beşîr Abdulganî Berakât,,,,,Nida Yayıncılık,record,2019,Bursa,tur,264,,,,,,,,1263686474,https://openlibrary.org/works/OL32073988W,,,openlibrary
9786057670623,Duplicate ISBN,n/a,"Duplicate of ISBN 9786057670625: same first 12 digits, this copy has a wrong check digit",,6057670620,Dervîş İbrahim Hilmî Halvetî. Bolulu Mustafa Safî Hâlvetî menâkıbnâmesi,,Mustafa Tatcı,,,,,H Yayınları,record,2022,Istanbul,tur,189,,,,,,,,,https://openlibrary.org/works/OL31886808W,,,openlibrary
9786057673229,Duplicate ISBN,n/a,"Duplicate of ISBN 9786057673220: same first 12 digits, this copy has a wrong check digit",,6057673220,Metallurgica anatolica. Festschrift far Ünsal Yalçın anlässlich seines 65. Geburtstags Ünsal Yalçın 65. Yaşgünü armağan kitabı,,H Gönül Yalçın,,,,,Zero,record,2020,Istanbul,tur,371,,,,,,,,,https://openlibrary.org/works/OL32277173W,,,openlibrary
9786057702719,Duplicate ISBN,n/a,"Duplicate of ISBN 9786057702715: same first 12 digits, this copy has a wrong check digit",,6057702719,Türk tarihi araştırmaları,,Necati Demir,,,,,Altınordu Yayınları,record,2021,Ankara,tur,629,,,,,,,,1256650606,https://openlibrary.org/works/OL32060087W,,,openlibrary
9786057722056,Duplicate ISBN,n/a,"Duplicate of ISBN 9786057722058: same first 12 digits, this copy has a wrong check digit",,6057722051,Gelin ey nâzenîn canlar,,Yusuf Fâhir (Ataer) Baba,,,,,Revak Kitabevi,record,2021,Istanbul,tur,345,,,,,,,,,https://openlibrary.org/works/OL32066701W,,,openlibrary
9786057884844,Duplicate ISBN,n/a,"Duplicate of ISBN 9786057884848: same first 12 digits, this copy has a wrong check digit",,6057884841,Cihattan İttihatçi propagandaya,Osmanlı savaşlarında propaganda ve edebiyat (1828-1912),Hasan Ulucutsoy,,,World history,"Propaganda; History; Turkish Propaganda; Russo-Turkish War, 1828-1829; Crimean War, 1853-1856; Russo-Turkish War, 1877-1878; Greco-Turkish War, 1897; Turco-Italian War, 1911-1912; Jihad; İttihat ve Terakki Cemiyeti",Libra Kitapçılık ve Yayıncılık Ticaret,record,2020,İstanbul,tur,567,,Kültür incelemeleri -- 37,1. basım.,,,,DR557 .U48 2020,1149094560,https://openlibrary.org/works/OL32269201W,,,openlibrary
9786057898306,Duplicate ISBN,n/a,"Duplicate of ISBN 9786057898302: same first 12 digits, this copy has a wrong check digit",,6057898303,"Orhon'dan Lena kıyılarına türkçe. Geçmişten günümüze uluslararası türk dili öğrenci çalıştayı, 2021 Mart 22, bildiriler",,Zeynep Ü. Sinanoğlu,,,,,Kesit,record,2021,Istanbul,tur,214,,,,,,,,,https://openlibrary.org/works/OL32020705W,,,openlibrary
9786057900959,Duplicate ISBN,n/a,"Duplicate of ISBN 9786057900951: same first 12 digits, this copy has a wrong check digit",,6057900952,Bakraçtan şirkete. Osmanlı imparatorluğu'nun süt ile imtihanı (XIX. yüzyılın son çeyreğinden XX. yüzyıla),,Ruhat Alp,,,,,Libra,record,2021,Istanbul,tur,558,,,,,,,,,https://openlibrary.org/works/OL32122774W,,,openlibrary
9786057957216,Duplicate ISBN,n/a,"Duplicate of ISBN 9786057957214: same first 12 digits, this copy has a wrong check digit",,6057957210,Dîwana hafız,,Şêx Hafizê Şîrazî,,,,,J and J,record,2018,Diyarbakır,kur,529,,,,,,,,,https://openlibrary.org/works/OL32600951W,,,openlibrary
9786057957393,Duplicate ISBN,n/a,"Duplicate of ISBN 9786057957399: same first 12 digits, this copy has a wrong check digit",,6057957393,Waneyên rêzimanê ya pola mamostetiyê (Zaravayê Kurmancî). Med der,,Brahîm Xelîl Taş,,,,,J & J,record,2019,Diyarbakır,kur,138,,,,,,,,1193202318,https://openlibrary.org/works/OL43535359W,,,openlibrary
9786057978156,Duplicate ISBN,n/a,"Duplicate of ISBN 9786057978158: same first 12 digits, this copy has a wrong check digit",,6057978153,Çîrokên biwêjan (Cild - IV),,Mustafa Borak,,,,,J & J,record,2020,Diyarbakır,kur,314,,,,,,,,1256645056,https://openlibrary.org/works/OL45866692W,,,openlibrary
9786057993036,Duplicate ISBN,n/a,"Duplicate of ISBN 9786057993038: same first 12 digits, this copy has a wrong check digit",,6057993039,İstanbul rüyaları,,Mehmet Tanberk,,,Language & literature,Turkish fiction,Cinius Yayınları,record,2019,"Kadıköy, Istanbul",tur,430,,,Birinci baskı.,,,,PL249.T36 I78 2019,1242870718,https://openlibrary.org/works/OL32301929W,,,openlibrary
9786058022445,Duplicate ISBN,n/a,"Duplicate of ISBN 9786058022447: same first 12 digits, this copy has a wrong check digit",,6058022444,Mitostrateji,,Yaşar Kalafat,,,"Philosophy, psychology & religion",Turkish Mythology; Turkic peoples; Folklore; Religion,Avrasya Stratejik Araştırmalar Merkezi Yayınları,record,2020,"Sefaköy, İstanbul",tur,,,Halk bilimi araştırmaları Kültür ve Strateji Merkezi dizisi -- 58-61. -- Türk halk bilimi inanç araştırmaları -- 5-8,,,,,BL2320 .K34 2020,1246546811,https://openlibrary.org/works/OL32323787W,,,openlibrary
9786058042106,Duplicate ISBN,n/a,"Duplicate of ISBN 9786058042100: same first 12 digits, this copy has a wrong check digit",,6058042100,Türk bilimsel kültür havzaları,,Ömer Türker,,,Science,Science; Methodology; Research; Scientific ability,GRTC Küresel Araştırma ve Düşünce Merkezi,record,2019,Kütahya,tur,355,,GRTC -- yayın no: 7,1. baskı.,,,,Q127.T8 T874 2019,1235460431,https://openlibrary.org/works/OL32280055W,,,openlibrary
9786058052779,Duplicate ISBN,n/a,"Duplicate of ISBN 9786058052772: same first 12 digits, this copy has a wrong check digit",,6058052777,Komidas djudias de Edirne,,Ay Aydemir,,,,,Presidensya de la Munisipalidad de Edirne,record,2021,Edirne,tur,136,,,,,,,,,https://openlibrary.org/works/OL31866285W,,,openlibrary
9786058058450,Duplicate ISBN,n/a,"Duplicate of ISBN 9786058058453: same first 12 digits, this copy has a wrong check digit",,6058058457,Çağdaş sanat söyleşileri,,Hülya Küpçüoğlu,,,,,Anima Yayınları,record,2019,Istanbul,tur,183,,,,,,,,,https://openlibrary.org/works/OL32126338W,,,openlibrary
9786058099082,Duplicate ISBN,n/a,"Duplicate of ISBN 9786058099081: same first 12 digits, this copy has a wrong check digit",,6058099080,Tanzimat devri hikâye ve romanlarında Istanbul esnafları,,Salih Okumuş,,,,,MKB Yayınevi,record,2019,,tur,121,,,,,,,,,https://openlibrary.org/works/OL32277138W,,,openlibrary
9786058152108,Duplicate ISBN,n/a,"Duplicate of ISBN 9786058152106: same first 12 digits, this copy has a wrong check digit",,6058152100,Pirtûkxaneya Ehmedê Xanî (22) Hesretdefter,,Fêrîkê Ûsiv,,,,,Lîs Basın Yayın,record,2018,,ku,,,,"Diyarbakır, 2018",,,,,,,,,worldcat
9786058269937,Duplicate ISBN,n/a,"Duplicate of ISBN 9786058269934: same first 12 digits, this copy has a wrong check digit",,6058269938,Osmanlı arşivi Çorum belgeleri kataloğu,,İrfan Yiğit,,,,Catalogs; Archival resources; Sources; History; Bibliography,Çorum Belediyesi,record,2017,Ankara,tur,560,,,,,,,,1193251886,https://openlibrary.org/works/OL32272409W,,,openlibrary
9786058373172,Duplicate ISBN,n/a,"Duplicate of ISBN 9786058373174: same first 12 digits, this copy has a wrong check digit",,6058373174,Istanbul'daki hattate mezar taşları,,Aliye Öten,,,,,Kriter,record,2022,Istanbul,tur,111,,,,,,,,,https://openlibrary.org/works/OL31871998W,,,openlibrary
9786058379279,Duplicate ISBN,n/a,"Duplicate of ISBN 9786058379275: same first 12 digits, this copy has a wrong check digit",,605837927X,Albayrak' Art 60 yıl - 2016,,Arif Ali Albayrak,,,Fine arts,Exhibitions,Göl Kitap Yayıncılık,record,2016,"Ümraniye, İstanbul",tur,176,,,,,,,ND990.C93 A422 2016,993908490,https://openlibrary.org/works/OL32562332W,,,openlibrary
9786058438055,Duplicate ISBN,n/a,"Duplicate of ISBN 9786058438057: same first 12 digits, this copy has a wrong check digit",,6058438055,Belgeleriyle Yunus Emre Sandıklı'dadır,,Hüseyin Hüsrevoğlu,,,Language & literature,"Sources; Description and travel; Buildings, structures; Civilization",Sandıklı Belediyesi,record,2018,Ankara; Sandıklı,tur,184,,Sandıklı Belediyesi yayınları -- 19,,,,,PL248.Y8 Z82 2018,1193247923,https://openlibrary.org/works/OL32448254W,,,openlibrary
9786058449104,Duplicate ISBN,n/a,"Duplicate of ISBN 9786058449107: same first 12 digits, this copy has a wrong check digit",,6058449103,Konferansa Xebatên Kurdî,"Zanînheha Bilgiyê ya Stenbolê, Kuștepe BS : 25 Gulan 2013 = Kürt Çalıșmaları Konferansı : İstanbul Bilgi Üniversitesi, Kuștepe Kampüsü BS : 25 Mayıs 2013",Turkey) Konferansa Xebatên Kurdî (2013 Istanbul,,,World history,Kurds; Congresses; Kurdish literature; History,"İsmail Beșikci Vakfı & , Bilgi Kültür ve Düșünce Topluluğu",record,2014,İstanbul,kur; tur,168,,,Birinci baskı.,,,,DS59.K86 K666 2013,947689458,https://openlibrary.org/works/OL32434289W,,,openlibrary
9786058474609,Duplicate ISBN,n/a,"Duplicate of ISBN 9786058474604: same first 12 digits, this copy has a wrong check digit",,6058474604,Kocaeli körfez ilçesi Tarih ve kültür mirası eserler 1-2-3,,Galitekin Ahmed Nezih,,,,,Körfez Belediyesi kültür yayınları,record,2008,İstanbul,tur,640,,,,,,,,,https://openlibrary.org/works/OL39541998W,,,openlibrary
9786058788521,Duplicate ISBN,n/a,"Duplicate of ISBN 9786058788527: same first 12 digits, this copy has a wrong check digit",,6058788528,Bursa şehrengizi,,Lâmiî Çelebi,,,Language & literature,Poetry,Bursa Büyükşehir Belediyesi; Bursa Kültür A.Ş,record,2011,Bursa,ota; tur,104,,,,,,,PL248.L35 B87 2011; PL248.L24 S43 2011,773170900; 759991641,https://openlibrary.org/works/OL23238859W,,,openlibrary
9786058890616,Duplicate ISBN,n/a,"Duplicate of ISBN 9786058890619: same first 12 digits, this copy has a wrong check digit",,6058890616,Nesrin inşâsı,"düzyazıda dil, üslûp ve türler",Hatice Aynur,,,Language & literature,History and criticism; Textual Criticism; Turkish prose literature; Turkish literature; Congresses; Literatur,Turkuaz,record,2010,İstanbul,tur,247,,Eski Türk edebiyatı çalişmaları -- 5; Edebiyat -- 7,,,,,PL223 .N47 2010; PL223 .N477 2010,683214225,https://openlibrary.org/works/OL22607427W,,,openlibrary
9786059073323,Duplicate ISBN,n/a,"Duplicate of ISBN 9786059073325: same first 12 digits, this copy has a wrong check digit",,6059073328,Çawanîya rejîmê û kurd,,İsmail.· Beşikçi,,,,Kurds; Ethnic relations,İsmail Beşikçi Vakfı Yayınları,record,2013,Istanbul,kur,475,,,,,,,,1193192154,https://openlibrary.org/works/OL32671458W,,,openlibrary
9786059117662,Duplicate ISBN,n/a,"Duplicate of ISBN 9786059117661: same first 12 digits, this copy has a wrong check digit",,605911766X,Tayyare ve motor türk anonim şirketinden (TOMTAŞ) 2'nci hava bakım fabrika müdürlüğüne uzanan yolda Kayseri uçak fabrikası,,Neslihan Altuncuoğlu,,,,,Kayseri Büyükşehir Belediyesi Kültür Yayınları,record,2021,Kayseri,tur,381,,,,,,,,,https://openlibrary.org/works/OL31915251W,,,openlibrary
9786059148229,Duplicate ISBN,n/a,"Duplicate of ISBN 9786059148221: same first 12 digits, this copy has a wrong check digit",,6059148220,At üstünde Selçuklular,Türkiye Selçukluları'nda ordu ve savaş,Muharrem Kesik,,,World history,Seljuks; History; Cavalry,Timaş Yayınları,record,2011,İstanbul,tur,268,,Timası yayınları -- 2504; Selçuklu tarihi dizisi -- 1,1. baskı.,,,,DS27 .K475 2011,775360619,https://openlibrary.org/works/OL23228187W,,,openlibrary
9786059183150,Duplicate ISBN,n/a,"Duplicate of ISBN 9786059183154: same first 12 digits, this copy has a wrong check digit",,6059183158,Hașemî sülalesinden Seyit Șêx Mahmûd El Girben seceresi,,Yahya Altay,,,History (auxiliary sciences),Genealogy; Family; Kurds,Do Yayinlari,record,2015,"Topkapı, İstanbul",tur; ara,656,,Do Yayınları -- 315,,,,,CS1479.A2 G573 2015,945740336,https://openlibrary.org/works/OL32679156W,,,openlibrary
9786059189016,Duplicate ISBN,n/a,"Duplicate of ISBN 9786059189019: same first 12 digits, this copy has a wrong check digit",,6059189016,Bozcaada destinasyonu,,Murat Aksu,,,World history,Description and travel; Travel,Detay Yayıncılık,record,2015,"Kızılay, Ankara",tur,91,,Detay Yayınları -- 650,1. baskı.,,,,DS51.B73 A39 2015; DS51.B73 A47 2015,953142280,https://openlibrary.org/works/OL32432625W,,,openlibrary
9786059281996,Duplicate ISBN,n/a,"Duplicate of ISBN 9786059281997: same first 12 digits, this copy has a wrong check digit",,6059281990,Kur'an'ın mahiyeti ve yorumu,,İlhami Güler,,,,,Ankara Okulu Yayınları,record,2018,Ankara,tur,144,,,,,,,,1193234267,https://openlibrary.org/works/OL44706149W,,,openlibrary
9786059288645,Duplicate ISBN,n/a,"Duplicate of ISBN 9786059288644: same first 12 digits, this copy has a wrong check digit",,6059288642,Hitler ve Siyonizm,,Kursad Berkkan,,,,Zionism; Antisemitism; Conspiracy theories,Eftalya; Yediveren Yayınları,record,2017,"Florya, İstanbul",tur,392,,,,,,,,1193260399,https://openlibrary.org/works/OL45557236W,,,openlibrary
9786059408685,Duplicate ISBN,n/a,"Duplicate of ISBN 9786059408684: same first 12 digits, this copy has a wrong check digit",,6059408680,Osmanlı - Türk modernleşme sürecinde mülki idare ve mülki idare amirliği,,Vural Karagül,,,,Politics and government,Kesit Yayınları,record,2018,Istanbul,tur,136,,,,,,,,,https://openlibrary.org/works/OL32351929W,,,openlibrary
9786059413267,Duplicate ISBN,n/a,"Duplicate of ISBN 9786059413268: same first 12 digits, this copy has a wrong check digit",,6059413269,"Hewara merwaniyan çiyayê rûtik e - Badê kurê dostik şêrê dest û çiyan, mîrê mîran Nasruddewle -",,Mihemed Seîd Temel,,,,,Nubihar,record,2018,Istanbul,kur,141,,,,,,,,1193236806,https://openlibrary.org/works/OL32593808W,,,openlibrary
9786059504083,Duplicate ISBN,n/a,"Duplicate of ISBN 9786059504089: same first 12 digits, this copy has a wrong check digit",,6059504086,Divan-ı Hümâyûn sicilleri,Diyarbekir Ahkâm defterleri,Ahmet Zeki İzgöer,,,World history,Catalogs; History; Sources,Dicle Üniversitesi İlahiyat Fakültesi Yayınları,record,2016,Diyarbakır,tur,,,"Dicle Üniversitesi İlahiyat Fakültesi Yayınları -- yayın no: 37, 41, 43; Dicle Üniversitesi İlahiyat Fakültesi yayınları -- yayın no. 37; Dicle Üniversitesi İlahiyat Fakültesi yayınları -- yayın no. 41; Dicle Üniversitesi İlahiyat Fakültesi yayınları -- yayın no. 43",,,,,DS51.D57 D58 2016,1000512171,https://openlibrary.org/works/OL32355690W,,,openlibrary
9786059636276,Duplicate ISBN,n/a,"Duplicate of ISBN 9786059636278: same first 12 digits, this copy has a wrong check digit",,6059636276,"20. su altı bilim ve teknoloji toplantısı bildirileri, SBT 2017, 16 - 17 Kasım 2017, Urla, İzmir Proceedings of the 20th annual meeting of underwater science and technology, SBT 2017, 16 - 17 November 2017, Urla, İzmir",,Hayat Erkanal,,,,,Bilgin Kültür,record,2017,Ankara,tur,253,,,"Ankara, Turkey, 2017",,,,,,https://openlibrary.org/works/OL32567000W,,,openlibrary; openlibrary
9786059636412,Duplicate ISBN,n/a,"Duplicate of ISBN 9786059636414: same first 12 digits, this copy has a wrong check digit",,6059636411,Seleucia sayı IX - 2019. Olba kazısı serisi,,,,,,,Bilgin Kültür Sanat Yayınları,record,2019,Ankara,tur,446,,,,,,,,,https://openlibrary.org/works/OL32277171W,,,openlibrary
9786059636663,Duplicate ISBN,n/a,"Duplicate of ISBN 9786059636667: same first 12 digits, this copy has a wrong check digit",,6059636667,Cilicia'da yahudiler,,Murat Özyıldırım,,,,,Bilgin Kültür Sanat Yayıncılık,record,2019,Ankara,tur,192,,,"Ankara, Turkey, 2019",,,,,,https://openlibrary.org/works/OL32476550W,,,openlibrary; openlibrary
9786059712355,Duplicate ISBN,n/a,"Duplicate of ISBN 9786059712354: same first 12 digits, this copy has a wrong check digit",,6059712355,Almanya'da bir Türk öğretmen,,Nebahat S. Ercan,,,World history,Women teachers; Biography; Turkish Women; Women; Turks,Ürün Yayınları,record,2016,"Kızılay, Ankara",tur,252,,,2. baskı.,,,,DD78.T87 E72318 2016,980916030,https://openlibrary.org/works/OL32744704W,,,openlibrary
9786059786835,Duplicate ISBN,n/a,"Duplicate of ISBN 9786059786836: same first 12 digits, this copy has a wrong check digit",,6059786839,Ali Şîr Nevâî ve Muhâkemetü'l-Lugateyn. Ali Şîr Nevâ'înin doğumunun 580. yılı anısına,,Saâdet Örmeci,,,,,Akademik Kitaplar,record,2021,Istanbul,tur,125,,,,,,,,1268202759,https://openlibrary.org/works/OL32082649W,,,openlibrary
9786059823308,Duplicate ISBN,n/a,"Duplicate of ISBN 9786059823302: same first 12 digits, this copy has a wrong check digit",,6059823300,July 15 the glorious resistance of Turkish democracy,,Atilla Yayla,,,,,Liberte Yayın Grubu,record,2018,Ankara,eng,92,,,"Ankara, Turkey, 2018",,,,,,https://openlibrary.org/works/OL32570278W,,,openlibrary; openlibrary
9786059897022,Duplicate ISBN,n/a,"Duplicate of ISBN 9786059897020: same first 12 digits, this copy has a wrong check digit",,6059897029,14. yüzyıldan Cumhuriyet dönemi'ne kadar yabancı seyyahların gözünden Bursa ilindeki mimari eserler,,Fahri Yıldırım,,,World history,"Buildings, structures; Description and travel; Architecture; Buildings; Travel",Nilüfer Belediyesi,record,2014,Bursa,tur,,,,,,,,DS51.B8 Y54 2014,910538357,https://openlibrary.org/works/OL32749403W,,,openlibrary
9786059954856,Duplicate ISBN,n/a,"Duplicate of ISBN 9786059954853: same first 12 digits, this copy has a wrong check digit",,6059954855,İran'da unutulan turan,Güney Azerbaycan - Misak-ı zafer,Burak Erdoğan,,,,,Yüzde İki Yayınları,record,2021,Ankara,tur,131,,,,,,,,,https://openlibrary.org/works/OL32135613W,,,openlibrary
9786059963182,Duplicate ISBN,n/a,"Duplicate of ISBN 9786059963183: same first 12 digits, this copy has a wrong check digit",,6059963188,Meşrutiyet'ten Cumhuriyet'e Türkiye'de ilköğretim ve müfredat programları (1913 - 1936),,Hayrünisa Alp,,,,,Nobel Bilimsel Eserler,record,2017,Istanbul,tur,506,,,,,,,,,https://openlibrary.org/works/OL32740311W,,,openlibrary
9786254080597,Duplicate ISBN,n/a,"Duplicate of ISBN 9786254080593: same first 12 digits, this copy has a wrong check digit",,6254080591,Trablusgarb ve Devlet-i Aliyye İtalya vekâyi'-i harbiyyesi. Osmanlı İtalyan harbi 1911 - 1912,,Avanzâde Mehmed Süleyman,,,,,Ötüken Neşriyat,record,2021,Istanbul,tur,260,,,,,,,,,https://openlibrary.org/works/OL32074005W,,,openlibrary
9786254173340,Duplicate ISBN,n/a,"Duplicate of ISBN 9786254173349: same first 12 digits, this copy has a wrong check digit",,6254173344,Göç ve kültür. Disiplinlerarası bir yaklaşım,,Mehmet Ali Kirman,,,,,Nobel Akademik,record,2022,Ankara,tur,232,,,,,,,,,https://openlibrary.org/works/OL32036754W,,,openlibrary
9786254395832,Duplicate ISBN,n/a,"Duplicate of ISBN 9786254395833: same first 12 digits, this copy has a wrong check digit",,6254395835,15 Temmuz darbe girişiminin başarısız olmasında medyanın rolü,,Nazlı Yayıntaş,,,,,Nobel Akademik,record,2021,Ankara,tur,224,,,,,,,,,https://openlibrary.org/works/OL32122861W,,,openlibrary
9786254440480,Duplicate ISBN,n/a,"Duplicate of ISBN 9786254440489: same first 12 digits, this copy has a wrong check digit",,6254440482,Son cüret,,Yılmaz Özdil,,,World history,Politics and government; History,Sia Kitap,record,2020,Istanbul,tur,452,,,,,,,DR590 .O94 2020,1243814607,https://openlibrary.org/works/OL26267627W,,,openlibrary
9786257057017,Duplicate ISBN,n/a,"Duplicate of ISBN 9786257057011: same first 12 digits, this copy has a wrong check digit",,6257057019,-Eski Türkçe metinlerinden örneklerle- Mental fiil teorisi,,Kuban Seçkin,,,,,Palet Yayınları,record,2020,Konya,tur,178,,,,,,,,1256646736,https://openlibrary.org/works/OL32066615W,,,openlibrary
9786257073082,Duplicate ISBN,n/a,"Duplicate of ISBN 9786257073080: same first 12 digits, this copy has a wrong check digit",,6257073081,"Osmanlı padişah, sadrazam ve devlet büyüklerinin lakapları",,Faruk Güçlü,,,History (auxiliary sciences),Nicknames; Personal Names; Sultans; Viziers; Biography; Officials and employees; History; Biographies; Fonctionnaires; Histoire; Employees,Ürün Yayınları,record,2020,"Kızılay, Ankara",tur,56,,Cep Kitapları -- 03,Birinci basım.,,,,CS3040 .G82 2020,1235466534,https://openlibrary.org/works/OL32284840W,,,openlibrary
9786257077039,Duplicate ISBN,n/a,"Duplicate of ISBN 9786257077033: same first 12 digits, this copy has a wrong check digit",,6257077036,Cumhurbaşkanlığı hükümet sisteminde merkez yerel ilişkileri ve vesayet denetimi,,Ünal Küçük,,,Political science,Presidents; Executive power; Executive-legislative relations; Central-local government relations,Akademisyen Kitabevi,record,2020,Ankara,tur,270,,,,,,,JQ1803.5.S8 K83 2020,1243760936,https://openlibrary.org/works/OL32302450W,,,openlibrary
9786257137579,Duplicate ISBN,n/a,"Duplicate of ISBN 9786257137577: same first 12 digits, this copy has a wrong check digit",,6257137578,Dune Sapkınları V,,Frank Herbert,,,,,İthaki Yayınları,record,2021,,tr,,,,"5, 3, 2021",,,,,,,,,nexusstc
9786257137811,Duplicate ISBN,n/a,"Duplicate of ISBN 9786257137812: same first 12 digits, this copy has a wrong check digit",,6257137810,Sanat ahlâkı,,Cafer Sadık Yaran,,,,,Diyanet İşleri Başkanlığı Yayınları,record,2020,Ankara,tur,234,,,,,,,,,https://openlibrary.org/works/OL32313894W,,,openlibrary
9786257263228,Duplicate ISBN,n/a,"Duplicate of ISBN 9786257263221: same first 12 digits, this copy has a wrong check digit",,6257263220,Osmanlı döneminde Musul ve Kerkük vakıfları H 922 - 1112 M 1516 - 1700,,Isam Salahuddin Al-Bayaty,,,,,Nobel Akademik,record,2021,Ankara,tur,199,,,,,,,,,https://openlibrary.org/works/OL32122742W,,,openlibrary
9786257368410,Duplicate ISBN,n/a,"Duplicate of ISBN 9786257368414: same first 12 digits, this copy has a wrong check digit",,6257368413,Şifa ayı ramazan,,Dönay Rabia Altuntaş,,,,,Türkiye Diyanet Vakfı Yayınları,record,2021,Ankara,tur,173,,,,,,,,,https://openlibrary.org/works/OL32105508W,,,openlibrary
9786257370686,Duplicate ISBN,n/a,"Duplicate of ISBN 9786257370684: same first 12 digits, this copy has a wrong check digit",,625737068X,"Kimlik, öteki ve ötekileştirme bağlamında sinema - Fatih Akın'ın filmlerinde göç ve kimlik olgusu -",,Ferhat Kaçar,,,,,Urzeni Yayınevi,record,2022,Istanbul,tur,200,,,"Istanbul, 2022",,,,,,https://openlibrary.org/works/OL31823864W,,,openlibrary; worldcat
9786257383181,Duplicate ISBN,n/a,"Duplicate of ISBN 9786257383189: same first 12 digits, this copy has a wrong check digit",,6257383188,Beden politakaları Rus ve Türk edebiyatlarında makbul yurttaşın inşası (1900 - 1940),,Duygu Özakın,,,,,Nobel,record,2021,Ankara,tur,306,,,,,,,,1268205123,https://openlibrary.org/works/OL32082618W,,,openlibrary
9786257396381,Duplicate ISBN,n/a,"Duplicate of ISBN 9786257396387: same first 12 digits, this copy has a wrong check digit",,6257396387,Hz. Peygamber'in vedâ haccı hutbeleri. Sempozyum tebliğler 2 - 3 Kasım 2019,,M Suat Mertoğlu,,,,,T.C. Cumhurbaşkanlığı Diyanet İşleri Başkanlığı,record,2021,Ankara,tur,405,,,,,,,,,https://openlibrary.org/works/OL31799204W,,,openlibrary
9786257471246,Duplicate ISBN,n/a,"Duplicate of ISBN 9786257471244: same first 12 digits, this copy has a wrong check digit",,6257471249,Cehânnâme (İnceleme - metin - tıpkıbasım),,Mirza Hayda Duğlat,,,,,Dün Bugün Yarın Yayınları,record,2022,Istanbul,tur,289,,,,,,,,,https://openlibrary.org/works/OL31823363W,,,openlibrary
9786257671435,Duplicate ISBN,n/a,"Duplicate of ISBN 9786257671439: same first 12 digits, this copy has a wrong check digit",,6257671434,Sakızlı İsa efendi ve nizâmü'l-edviyesi üzerine incelemeler,,Sibel Murat,,,,,Dün Bugün Yarın Yayınları,record,2021,Istanbul,tur,452,,,,,,,,,https://openlibrary.org/works/OL31799113W,,,openlibrary
9786257680789,Duplicate ISBN,n/a,"Duplicate of ISBN 9786257680783: same first 12 digits, this copy has a wrong check digit",,6257680786,Cumhurbaşkanlığı hükümet sistemi çerçevesinde yeniden yapılandırılan Türk spor teşkilatına dair görüşlerin belirlenmesi,,Murat Yılmaz,,,,,Duvar Yayınları,record,2020,Istanbul,tur,90,,,,,,,,1256629381,https://openlibrary.org/works/OL32059974W,,,openlibrary
9786257686363,Duplicate ISBN,n/a,"Duplicate of ISBN 9786257686365: same first 12 digits, this copy has a wrong check digit",,6257686369,Sahâ'if-i eslâfdan,Hasan Saîd el-Mevlevî'nin dîvân şâirleri üzerine yazıları,Hasan Saîd el-Mevlevî,,,Language & literature,Turkish poetry; History and criticism,Paradigma Akademi,record,2021,Çanakkale,ota; tur,122,,,,,,,PL217 .H37 2021,1268204598,https://openlibrary.org/works/OL32082654W,,,openlibrary
9786257687852,Duplicate ISBN,n/a,"Duplicate of ISBN 9786257687850: same first 12 digits, this copy has a wrong check digit",,6257687853,"Türkiye'nin pazarlanabilir, turistik, gastronomik, ekonomik ve kültürel değeri olan yadigâr lezzetleri",,Binali Kılıç,,,,,Ekin Basın Yayın,record,2022,Bursa,tur,123,,,,,,,,,https://openlibrary.org/works/OL31836966W,,,openlibrary
9786257698920,Duplicate ISBN,n/a,"Duplicate of ISBN 9786257698924: same first 12 digits, this copy has a wrong check digit",,6257698928,Xiàndài wéiwú'er yu fùjù de tuidao luójí guanxl fàchóu yánjiu,,Mihriban Aydın,,,,,Kesit Yayınları,record,2020,Istanbul,tur,112,,,,,,,,1256645005,https://openlibrary.org/works/OL43520065W,,,openlibrary
9786257698968,Duplicate ISBN,n/a,"Duplicate of ISBN 9786257698962: same first 12 digits, this copy has a wrong check digit",,6257698960,Çağdaş türkmen edebiyyatı,,Aynur Seferli,,,,,Kesit Yayınları,record,2020,Istanbul,tur,165,,,,,,,,1256651317,https://openlibrary.org/works/OL44001045W,,,openlibrary
9786257698982,Duplicate ISBN,n/a,"Duplicate of ISBN 9786257698986: same first 12 digits, this copy has a wrong check digit",,6257698987,Tildi tarixın devirlevdin teoriyalık negizderi şumeroloji jäne türkitanım mäseleleri,,Gülbanu Kosımova,,,,,Kesit Yayınları,record,2020,Istanbul,tur,216,,,,,,,,1256655461,https://openlibrary.org/works/OL45359219W,,,openlibrary
9786257702999,Duplicate ISBN,n/a,"Duplicate of ISBN 9786257702997: same first 12 digits, this copy has a wrong check digit",,6257702992,Anadolu türk halk masalları (1. cilt),,Necati Demir,,,,,Altınordu Yayınları,record,2021,Ankara,tur,485,,,,,,,,,https://openlibrary.org/works/OL43494183W,,,openlibrary
9786257705246,Duplicate ISBN,n/a,"Duplicate of ISBN 9786257705240: same first 12 digits, this copy has a wrong check digit",,625770524X,Hikmet burcundaki mesnevici Bursalı Lâmiî Çelebi,,Bekir Belenkuyu,,,,,Gece Kitaplığı,record,2020,Ankara,tur,695,,,,,,,,1268203051,https://openlibrary.org/works/OL44654435W,,,openlibrary
9786257705319,Duplicate ISBN,n/a,"Duplicate of ISBN 9786257705318: same first 12 digits, this copy has a wrong check digit",,6257705312,PKK terör ve ideoloji,,Halil Şen,,,,,Yeditepe Yayınevi,record,2021,Istanbul,tur,149,,,,,,,,1263683495,https://openlibrary.org/works/OL32073877W,,,openlibrary
9786257763390,Duplicate ISBN,n/a,"Duplicate of ISBN 9786257763394: same first 12 digits, this copy has a wrong check digit",,6257763398,Türkiye'de cumhuriyet dönemi kültür ve müzik politikaları (1928 - 2000),,Salih Akkaş,,,,,Gece Kitaplığı,record,2021,Ankara,tur,384,,,,,,,,,https://openlibrary.org/works/OL32105431W,,,openlibrary
9786257790432,Duplicate ISBN,n/a,"Duplicate of ISBN 9786257790437: same first 12 digits, this copy has a wrong check digit",,6257790433,Türk büyüklerine yapılan saldırılar ve bu saldırılara verilen cevaplar,,Abdurrahman Türkmen,,,,,Cinius Yayınları,record,2020,Istanbul,tur,111,,,"Istanbul, 2020",,,,,1243759915,https://openlibrary.org/works/OL32302470W,,,openlibrary; worldcat
9786257913828,Duplicate ISBN,n/a,"Duplicate of ISBN 9786257913829: same first 12 digits, this copy has a wrong check digit",,6257913829,Oğluma hikâyeler. Öykü,,Yılmaz Güney,,,,,İthaki,record,2019,Istanbul,tur,78,,,,,,,,,https://openlibrary.org/works/OL32298661W,,,openlibrary
9786257950080,Duplicate ISBN,n/a,"Duplicate of ISBN 9786257950084: same first 12 digits, this copy has a wrong check digit",,6257950082,Kültürel miras ve mekan tasarım özellikleri açısından Blagay tekkesi,,Deniz Demirarslan,,,,,Gece Akademi,record,2019,Kocaeli,tur,81,,,,,,,,1242547252,https://openlibrary.org/works/OL43299077W,,,openlibrary
9786258009150,Duplicate ISBN,n/a,"Duplicate of ISBN 9786258009156: same first 12 digits, this copy has a wrong check digit",,6258009158,Türk tarihinin kaynakları olarak eski türk boy adları. Kökenbilgisel bir inceleme (I. cilt),,Hakan Aydemir,,,,,Paradigma Akademi,record,2021,Çanakkale,tur,601,,,,,,,,,https://openlibrary.org/works/OL31799373W,,,openlibrary
9786258009376,Duplicate ISBN,n/a,"Duplicate of ISBN 9786258009378: same first 12 digits, this copy has a wrong check digit",,6258009379,Sıvas'ta sünnet merasimleri ve kirvelik kurumu,,Emrah Tunç,,,,,Paradigma Akademi,record,2022,Çanakkale,tur,178,,,,,,,,,https://openlibrary.org/works/OL31866497W,,,openlibrary
9786258032066,Duplicate ISBN,n/a,"Duplicate of ISBN 9786258032062: same first 12 digits, this copy has a wrong check digit",,6258032060,Anadolu'da neolitik dönem denizcilik faaliyetleri,,Koray Alper,,,,,Gece Kitaplığı,record,2021,Ankara,tur,174,,,,,,,,,https://openlibrary.org/works/OL32036810W,,,openlibrary
9786258069349,Duplicate ISBN,n/a,"Duplicate of ISBN 9786258069341: same first 12 digits, this copy has a wrong check digit",,6258069347,Türk folklorunda levirat,,Adil Çelik,,,,,Paradigma Akademi,record,2022,Çanakkale,tur,198,,,,,,,,,https://openlibrary.org/works/OL31837033W,,,openlibrary
9786258069363,Duplicate ISBN,n/a,"Duplicate of ISBN 9786258069365: same first 12 digits, this copy has a wrong check digit",,6258069363,Kadirli folklorunda eski türk inançları,,Mehmet Çeribaş,,,,,Paradigma Akademi,record,2021,Çanakkale,tur,245,,,,,,,,,https://openlibrary.org/works/OL31866414W,,,openlibrary
9786258118399,Duplicate ISBN,n/a,"Duplicate of ISBN 9786258118391: same first 12 digits, this copy has a wrong check digit",,6258118399,Анатоʌнй Миттов. Биография в Документах,,СБорик Докуметов,,,,,Paradigma Akademi,record,2022,Çanakkale,tur,84,,,,,,,,,https://openlibrary.org/works/OL31871992W,,,openlibrary
9786258374885,Duplicate ISBN,n/a,"Duplicate of ISBN 9786258374889: same first 12 digits, this copy has a wrong check digit",,6258374883,Dr. Cezmi Karasu armağanı ustaya saygı II,,Mehmet Şah Özcan,,,,,Gazi Kitabevi,record,2022,Ankara,tur,230,,,,,,,,,https://openlibrary.org/works/OL31915485W,,,openlibrary
9786258398775,Duplicate ISBN,n/a,"Duplicate of ISBN 9786258398779: same first 12 digits, this copy has a wrong check digit",,6258398774,Bir çocuğun gözüyle büyük Istanbul kolerası (1865),,Efrem Karanov,,,,,Yeditepe Yayınevi,record,2022,Istanbul,tur,134,,,,,,,,,https://openlibrary.org/works/OL31866608W,,,openlibrary
9786258472100,Duplicate ISBN,n/a,"Duplicate of ISBN 9786258472103: same first 12 digits, this copy has a wrong check digit",,6258472109,Kâtip Çelebi and his world,an intellectual between reason and sacred law,Barış Abdullah Baştürk,,,,,Libra,record,2021,Istanbul,eng,164,,,,,,,,,https://openlibrary.org/works/OL32135811W,,,openlibrary
9786353112000,Duplicate ISBN,n/a,"Duplicate of ISBN 9786353112003: same first 12 digits, this copy has a wrong check digit",,6353112009,Dünden bugüne çok eşlilik,,Mahmut Kaya,,,Social sciences,Polygamy; Social life and customs; History; Social conditions; Women,Çıra,record,2008,"Fatih, İstanbul",tur,172,,Çıra yayınları -- 112; Düşünce dizisi,,,,,HQ981 .K388 2008,480258054,https://openlibrary.org/works/OL16212873W,,,openlibrary
9786353757000,Duplicate ISBN,n/a,"Duplicate of ISBN 9786353757006: same first 12 digits, this copy has a wrong check digit",,635375700X,Duvardibinde son perde,yalnızlığıma sükut,Yusuf Tosun,,,,,Çıra,record,2007,İstanbul,tur,103,,Düşünce dizisi,1. basım.,,,,,192030066,https://openlibrary.org/works/OL35586424W,,,openlibrary
9786751738769,Duplicate ISBN,n/a,"Duplicate of ISBN 9786751738768: same first 12 digits, this copy has a wrong check digit",,6751738765,"Cam negatiflerde Istanbul'un izleri. İmparatorluk'tan Cumhuriyet'e Mart 2017, Ankara Traces of Istanbul on glass plate negatives from the Empire to the Republic March 2017, Ankara",,Ziya Kenan Bilici,,,,,T.C. Kültür ve Turizm Bakanlığı,record,2017,Ankara,tur,303,,,,,,,,,https://openlibrary.org/works/OL32434628W,,,openlibrary
9786954628872,Duplicate ISBN,n/a,"Duplicate of ISBN 9786954628873: same first 12 digits, this copy has a wrong check digit",,6954628875,Darülaceze fotoǧraf albümü,19. yüzyıl,Nevzat Öskaya,,,Social sciences,"Almshouses; Pictorial works; Darülaceze (Istanbul, Turkey)",Aile ve Sosyal Politikalar Bakanlığı Darülaceze Yayınları,record,2013,"Şişli, İstanbul",tur; eng,72,,,,,,,HV63.T9 D37 2013; HV376.7.Z9 D37 2013,961826690; 897493229,https://openlibrary.org/works/OL32707539W,,,openlibrary
9789077814027,Duplicate ISBN,n/a,"Duplicate of ISBN 9789077814024: same first 12 digits, this copy has a wrong check digit",,9077814027,"40 yıl, 40 insan, 40 öykü",,Yavuz Nufel,,,World history,Turks; Biography; Social conditions; Turkish Foreign workers; Television programs; Ethnic relations,Türkevi Yayınları,record,2005,"Amsterdam, Nethertlands",tur,389,,,Birinci baskı.,,,,D1056.2.T87 N84 2005,1136903490,https://openlibrary.org/works/OL45527804W,,,openlibrary
9789750135116,Duplicate ISBN,n/a,"Duplicate of ISBN 9789750135118: same first 12 digits, this copy has a wrong check digit",,9750135113,Zekat nisabı ve fitre miktarının çağdaş parasal değeri,"sempozyum tebliğ ve müzakereleri : 02-03 Ekim 2004 hotel Montania, Mudanya-Bursa",Yunus Vehbi Yavuz,,,"Philosophy, psychology & religion",Zakat; Congresses,KURVA yayınları,record,2007,Bursa,tur,208,,KURVA yayınları -- 012; Sempozyum dizisi -- 009; KURAV Yayınları (Series) -- 12; Sempozyum dizisi -- 9,1. baskı.,,,,BP180 .Z45 2007,298692624,https://openlibrary.org/works/OL33205487W,,,openlibrary
9789750405793,Duplicate ISBN,n/a,"Duplicate of ISBN 9789750405792: same first 12 digits, this copy has a wrong check digit",,975040579X,Mimarln Seyir Defteri,,Murat Eri,,,,,Literatr,record,2011,,tr,,,,"PS, 2011",,,,,,,,,goodreads
9789750522389,Duplicate ISBN,n/a,"Duplicate of ISBN 9789750522383: same first 12 digits, this copy has a wrong check digit",,9750522389,"Yeni Bir Hayat Kurmak - Kadnlar Anlatyor: Babalk, Evlilik ve Boanma",,M. Esra Yldrm,,,,,letiim Yaynclk,record,2017,,tr,,,,"FR, 2017",,"Mutsuz, sorunlu, yrtlemeyen evliliklerin vard nokta: Boanma. Ancak Trkiye toplumunda boanmaya, zellikle de boanan kadna pek scak baklmad da aikr. Babalk kurumunun ve erkeklik hallerinin adeta soluk aldrmayan bunaltcl, toplumsal basklar ve evrenin boanan kadn daima pheyle, yaftalayarak ya da kendi ayaklar zerinde duramayaca dncesiyle acyarak deerlendirmesi bunun nedenlerinden. M. Esra Yldrm, Trkiyenin eitli illerinden kadnlarla yapt bire bir grmelerle boanma deneyiminin kadnlar zerindeki etkilerini teorik ve pratik olarak sergilemeye giriiyor: Kadnlarn babalaryla ve babalkla ilikilerinin evlilik yaantlarna etkilerini; evdeki kadnlk ve erkeklik deneyimlerini; aile ii iddeti, tacizi; kadnlarn kendi hayatlarn kurma abalarn; boanma kararn nasl aldklarn, kararlarnn nasl karlandn ve boanma deneyimini nasl yorumladklarn Yeni Bir Hayat Kurmakta Bu toplumda kadn olarak yaamak o kadar zor ki. Ama size ramen ben yaayacam bu toplumda, diyen kadnlarn sesi duyuluyor Ben kesinlikle u anda kendimi ok gl hissediyorum. Beni u anda diyorum, kimse ykamaz. Bir kere zgvenim geldi, her eyden nce tek bana mcadele ediyorsun. Kendim param kazanyorum, kendim yiyorum, kendim iiyorum, kimseye verilecek hesabm yok. Ben bu topluma sayg duydum, bu toplum da bana sayg duymak zorunda... Evlenip boandm demek benim iin bir gurur kaynayd. (...) Bundan daha nemli bir ey mi olur ki? Hani CVde yazlacak referans yani, Ben evlendim, evlilik dnemi geirdim ve boandm. (...) Bir hikye rdm... hani tam Kurtulu Savandaki gib",,,,,,,goodreads
9789750523131,Duplicate ISBN,n/a,"Duplicate of ISBN 9789750523137: same first 12 digits, this copy has a wrong check digit",,975052313X,Kimsesizler cumhuriyeti,,İsmail Saymaz,,,,,İletişim Yayınları,record,2018,Istanbul,tur,120,,,,,,,,,https://openlibrary.org/works/OL32495926W,,,openlibrary
9789750527255,Duplicate ISBN,n/a,"Duplicate of ISBN 9789750527258: same first 12 digits, this copy has a wrong check digit",,9750527259,Dünyanın uğultusu,,Behçet Çelik,,,,,İletişim,record,2019,Istanbul,tur,275,,,,,,,,1140107567,https://openlibrary.org/works/OL32321042W,,,openlibrary
9789750530780,Duplicate ISBN,n/a,"Duplicate of ISBN 9789750530784: same first 12 digits, this copy has a wrong check digit",,9750530780,Porselen bir mevzu,,Gökçe Bilgin,,,,,İletişim,record,2021,Istanbul,tur,164,,,,,,,,1268203219,https://openlibrary.org/works/OL26340806W,,,openlibrary
9789750532260,Duplicate ISBN,n/a,"Duplicate of ISBN 9789750532269: same first 12 digits, this copy has a wrong check digit",,9750532260,Toplumcu belediyecilik. 1970'lerden günümüze bir yerel yönetim deneyimi,,Tuğba Canbulut,,,,,İletişim Yayıncılık,record,2021,Istanbul,tur,252,,,,,,,,,https://openlibrary.org/works/OL32155401W,,,openlibrary
9789750803221,Duplicate ISBN,n/a,"Duplicate of ISBN 9789750803222: same first 12 digits, this copy has a wrong check digit",,9750803221,Binbir Gece Masallar 3/1,,Anonymous; lim erif Onaran,,,,,Yap Kredi Yaynlar,record,2001,,tr,,,,"US, 2001",,"Yzlerce yl boyunca, in'den Kuzey Afrika'ya uzanan ve in, in Hindi, Hindistan, ran, Irak, Trkiye, Suriye ve Msr' kapsayan bir alanda anlatlan Binbir Gece Masallar, ilk kez Antoine Galland tarafndan dzenlenip Franszcaya evrilerek (1704-17, 12 cilt) dnyaya tantld. Bugne kadar bellibal btn dillere evrilen bu masallar, Galland'dan ok daha ncesinden balayarak, edebiyattan mzie, sinemadan baleye kadar btn alanlarda pek ok sanaty derinliine etkiledi, defalarca ilendi, yeniden yorumland, taklit edildi. Binbir Gece Masallar, sadece insanlarn dgcn atelemekle kalmad; bilinen en eski rneini oluturduu 'ereve yk' tekniiyle de, hem gemite hem de gnmzde, dnya edebiyatn en ok etkileyen kitaplarn bandaki yerini korudu. Alim erif Onaran (1921-2000), Binbir Gece Masallar'n ilk kez tam metin halinde dilimize kazandrd. Orhan Pamuk, gzden geirilmi bu yeni basm iin bir sunu yazd. Size kalan sadece 'Al susam al!' demek...",,,,,,,goodreads
9789750803264,Duplicate ISBN,n/a,"Duplicate of ISBN 9789750803260: same first 12 digits, this copy has a wrong check digit",,9750803264,Binbir Gece Masallar 4/2,,Anonymous; lim erif Onaran,,,,,Yap Kredi Yaynlar,record,2001,,tr,,,,"PT, 2001",,"Yzlerce yl boyunca, in'den Kuzey Afrika'ya uzanan ve in, in Hindi, Hindistan, ran, Irak, Trkiye, Suriye ve Msr' kapsayan bir alanda anlatlan Binbir Gece Masallar, ilk kez Antoine Galland tarafndan dzenlenip Franszcaya evrilerek (1704-17, 12 cilt) dnyaya tantld. Bugne kadar bellibal btn dillere evrilen bu masallar, Galland'dan ok daha ncesinden balayarak, edebiyattan mzie, sinemadan baleye kadar btn alanlarda pek ok sanaty derinliine etkiledi, defalarca ilendi, yeniden yorumland, taklit edildi. Binbir Gece Masallar, sadece insanlarn dgcn atelemekle kalmad; bilinen en eski rneini oluturduu ""ereve yk"" tekniiyle de, hem gemite hem de gnmzde, dnya edebiyatn en ok etkileyen kitaplarn bandaki yerini korudu. Alim erif Onaran (1921-2000), Binbir Gece Masallar'n ilk kez tam metin halinde dilimize kazandrd. Orhan Pamuk, gzden geirilmi bu yeni basm iin bir sunu yazd. Size kalan sadece ""Al susam al!"" demek...",,,,,,,goodreads
9789750803388,Duplicate ISBN,n/a,"Duplicate of ISBN 9789750803383: same first 12 digits, this copy has a wrong check digit",,9750803388,Akla Kara Aras,,Samih Rifat; Ara Gler,,,,,Yap Kredi Yaynlar,record,2002,,tr,,,,"PS, 2002",,"Samih Rifat Akla Kara Aras'nda fotoraf stne yazd yazlarda; fotorafn anlamn, gereini, hissettirdiini, gsterdiini ve gstermediini didikleyerek anlaml bir btn oluturan bir seme yapyor. Niepce'den Andriomenos'a, Henri Cartier-Bresson'dan Edouard Boubat'ya, Eugene Atget'den Andre Kertesz'e, Herve Guibert'den Denis Roche'a, Sebastiao Salgado'dan Josef Koudelka'ya, Arthur Tress'den Lee Friedlander'a, Nikos Ekonomopoulos'tan Ara Gler'e, Ahmet Elhan'dan ahin Kaygun'a kadar fotoraf kuran, yapan, anlamlandran ustalarn fotoraflaryla.",,,,,,,goodreads
9789750803752,Duplicate ISBN,n/a,"Duplicate of ISBN 9789750803758: same first 12 digits, this copy has a wrong check digit",,9750803752,Şiirler 3 – Kuvâyi Milliye,,Nâzım Hikmet,,,,,Yapi Kredi Yayinlari,record,2002,,tur,232,,,,,,,,,https://openlibrary.org/works/OL43241892W,,,openlibrary
9789750803779,Duplicate ISBN,n/a,"Duplicate of ISBN 9789750803772: same first 12 digits, this copy has a wrong check digit",,9750803779,Şiirler 5 – Memleketimden İnsan Manzaraları,,Nâzım Hikmet,,,,,Yapi Kredi Yayinlari,record,2007,İstanbul,tur,537,,Yapı Kredi yayınları -- 1582,13. baskı.,,,,,166281174,https://openlibrary.org/works/OL42099061W,,,openlibrary
9789750803787,Duplicate ISBN,n/a,"Duplicate of ISBN 9789750803789: same first 12 digits, this copy has a wrong check digit",,9750803787,Yeni şiirler,(1951-1959),Nâzım Hikmet,,,,,Yapı Kredi,record,2007,İstanbul,tur,195,,Şiirler -- 6; Yapı Kredi yayınları -- 1583 -- Nâzım Hikmet bütün eserleri -- 6,6. baskı.,,,,,166457282,https://openlibrary.org/works/OL42099062W,,,openlibrary
9789750805046,Duplicate ISBN,n/a,"Duplicate of ISBN 9789750805042: same first 12 digits, this copy has a wrong check digit",,9750805046,Alemdağ'da var bir yılan: Öykü,,Sait Faik Abasıyanık,,,,Художественная литература. Литературоведение; Мировая литература. Литература народов отдельных стран; Литература Турции; Литература Азии; Произведения художественной литературы; Турецкая литература с 1945 г; Сборники одного автора; Турецкая литература 20 - 21 вв. (1917- ); Художественная проза; Филологические науки. Художественная литература,Yapı kredi,record,2007,,tr,,,,"Bütün yapıtları, 9.bs., İstanbul, Turkey, 2007",,Рассказы турецкого писателя (1906-1954),,,,,,,russian_state_library
9789750807065,Duplicate ISBN,n/a,"Duplicate of ISBN 9789750807060: same first 12 digits, this copy has a wrong check digit",,9750807065,"Frat Suyu Kan Akyor Baksana (Bir Ada Hikayesi, #1)",,Yaar Kemal,,,,,Adam Yaynlar,record,2004,,tr,,,,"US, 2004",,"Bir Ada Hikayesi drtls, savalardan, krmlardan, srgnlerden arta kalan insanlarn, Yunanistana gnderilen Rumlarn boaltt bir adada yeni bir yaam kurma abalarn konu alr. Umut romann ba kahramandr. Lozanda alnan mbadele kararyla, Rumlar Yunanistana gnderilmi ve savalarda yerini yurdunu yitirmi insanlarn Egedeki bu adaya yerletirilmelerine karar verilmitir. Adann kaderi Poyraz Musann geliiyle deiir. Adaya snan eitli kkenlerden insanlar, Poyraz Musann desteiyle yaadklar btn aclara karn umudu ayakta tutarak yeni bir yaamn filizlerini yeertirler. Yaar Kemal ada dnyann en byk anlatclarndan biridir. Onu okumak yaamn kendisini anlamaktr. O, korkusuz bir kahraman gibi yazyor. John Berger Yaar Kemal Homeros'tan bu yana gelen en eski geleneksel anlatcdr. Baka bir sesi olmayan halkn sesidir. Elia Kazan Yitirdiimiz anlatm geleneini ne mutlu ki Yaar Kemal bulmu. Tarihi ve politikay altst ederek yirmibe - otuz yzyl sonra Yunanl ozan (Homeros) susmu ve sz sras Troyal ozana (Yaar Kemal) gemi. Robert Kanters Ne zaman ada bir romanc rnei vermem istense, aklma ilk gelen isim Yaar Kemal olmutur. Raymond Williams",,,,,,,goodreads
9789750807413,Duplicate ISBN,n/a,"Duplicate of ISBN 9789750807411: same first 12 digits, this copy has a wrong check digit",,9750807413,Arda Efsanesi,,Yaar Kemal,,,,,Yap Kredi Yaynlar,record,2004,,tr,,,,"US, 2004",,"Bir ak destan olan Ar Da Efsanesi geleneklerini Mahmut Hana kar savunan Ahmet ile Glbahar arasndaki ak konu alr. Efsanelere ve halk sylencelerine yrekten bal Yaar Kemalin bu roman, insan psikolojisinin derinliklerini de ierir. Yaar Kemal Anadolu'nun hak edebiyatyla alveri iindeyken balad yazmaya. Gerek bir yazar olduu iin de dilin duyarlndan, iirsel destann tek kahraman olan Trk halknn kltrnden esinlenmesini bildi. Jeliha Hafsia, La Presse, (Tunus) Yaar Kemalin roman Tolstoyun apna ve Dickensin canllna sahiptir. Manchester Guardin, (ngiltere) Yaar Kemal'de byk bir romancnn btn nitelikleri var. British Books, (ngiltere) Zengin, renkli ve zekice bir netlikle bezenmi bir slup ve yazd her kelime sert, cilalanm, ayrks ve bir buday tanesi gibi potansiyel olarak retken. Irish Times, (rlanda) Kitabn gzellii...zengin iirsel dilinde, efsane ve mit duygusunda yatyor. Sunday Telegraph, (ngiltere) Yaar Kemal, ehrazat klasmannda bir masal anlatc. Daily Telegraph, (ngiltere) -arka kapak-",,,,,,,goodreads
9789750808533,Duplicate ISBN,n/a,"Duplicate of ISBN 9789750808531: same first 12 digits, this copy has a wrong check digit",,9750808533,Kattan Kediler,,Seluk Demirel,,,,,Yap Kredi Yaynlar,record,1999,,tr,,,,"US, 1999",,Seluk Demirelin birbirinden ilgin kedi izimlerine Nazm Hikmetten Mallarmye Oktay Rifattan Sait Faike kadar pek ok yazar ve airin metinleri elik ediyor.,,,,,,,goodreads
9789750808584,Duplicate ISBN,n/a,"Duplicate of ISBN 9789750808586: same first 12 digits, this copy has a wrong check digit",,9750808584,Binbir gece masalları,,Âlim Şerif Onaran; J. C. Mardrus; Orhan Pamuk,,,,,Yapı Kredi,record,2009,İstanbul,tur,3263,,Delta (Yapı Kredi Yayınları (Firm)) -- 5; Yapı Kredi yayınları -- 2107-2108,2. baskı.,fre; ara,,,,544287352,https://openlibrary.org/works/OL42200785W,,,openlibrary
9789750808592,Duplicate ISBN,n/a,"Duplicate of ISBN 9789750808593: same first 12 digits, this copy has a wrong check digit",,9750808592,Binbir gece masalları,,Âlim Şerif Onaran; J. C. Mardrus; Orhan Pamuk,,,,,Yapı Kredi,record,2009,İstanbul,tur,3263,,Delta (Yapı Kredi Yayınları (Firm)) -- 5; Yapı Kredi yayınları -- 2107-2108,2. baskı.,fre; ara,,,,544287352,https://openlibrary.org/works/OL42200785W,,,openlibrary
9789750808606,Duplicate ISBN,n/a,"Duplicate of ISBN 9789750808609: same first 12 digits, this copy has a wrong check digit",,9750808606,Binbir gece masalları,,Âlim Şerif Onaran; J. C. Mardrus; Orhan Pamuk,,,,,Yapı Kredi,record,2009,İstanbul,tur,3263,,Delta (Yapı Kredi Yayınları (Firm)) -- 5; Yapı Kredi yayınları -- 2107-2108,2. baskı.,fre; ara,,,,544287352,https://openlibrary.org/works/OL42200785W,,,openlibrary
9789750809610,Duplicate ISBN,n/a,"Duplicate of ISBN 9789750809613: same first 12 digits, this copy has a wrong check digit",,9750809610,Gılgamış Destanı: Ölmek istemeyen Büyük İnsan,,Jean Bottero,,,,,Yapı Kredi Yayınları,record,2013,,tr,,,,"5, 2013",,,,,,,,,nexusstc
9789750810007,Duplicate ISBN,n/a,"Duplicate of ISBN 9789750810008: same first 12 digits, this copy has a wrong check digit",,9750810007,Muskiden Mzie - Osmanl/Trk Mzii: Gelenek ve Modernlik,,Cem Behar,,,,,Yap Kredi Yaynlar,record,2005,,tr,,,,"PS, 2005",,"1980 ylndan itibaren eitli dergi ve gazetelerde Trk Mzii zerine makaleleri ve kitaplar yaymlanan Cem Behar, hazrlad son kitabnda Osmanl/Trk Mzik servenini ele alyor. Kitapta; geleneksel Osmanl Trk mziine ilikin iki adet nemli kaynak metin, baz kilit isimlerin biyografileri, adet temel bavuru kayna taramas ve bu mziin modernizasyon serveni ile ilgili iki makale yer alyor. Bu alanda, son yirmi ylda, mzik tarihi ve mzikoloji aratrmalarnn gelimesine tanklk eden dokuz metin ve yazn ile birlikte, ilk kez yaymlanan iki metinle birlikte toplam onbir metin kitapta kullanlyor.",,,,,,,goodreads
9789750811070,Duplicate ISBN,n/a,"Duplicate of ISBN 9789750811074: same first 12 digits, this copy has a wrong check digit",,9750811070,Boğaziçi Mehtapları,,Abdülhak Şinasi Hisar,,,,,Yapı Kredi Yayınları,record,2012,,tr,,,,"8, 2012",,,,,,,,,nexusstc
9789750813258,Duplicate ISBN,n/a,"Duplicate of ISBN 9789750813252: same first 12 digits, this copy has a wrong check digit",,9750813251,Friglerin gizemli uygarlığı,The mysterious civilization of the Phrygians,Turkey) Friglerin Gizemli Uygarlığı (2007 Istanbul,,,World history,Phrygians; Exhibitions; Art; Civilization; History,Yapı Kredi Kültür Sanat Yayıncılık,record,2007,İstanbul,tur; eng,295,,,,,,,DS156.P5 F754 2007,237087050,https://openlibrary.org/works/OL35611651W,,,openlibrary
9789751040080,Duplicate ISBN,n/a,"Duplicate of ISBN 9789751040084: same first 12 digits, this copy has a wrong check digit",,9751040086,Keke Japon Olsaydm!,,Onur Gken,,,,,nklay Yaynevi,record,2019,,tr,,,,"PT, 2019",,,,,,,,,goodreads
9789751107423,Duplicate ISBN,n/a,"Duplicate of ISBN 9789751107428: same first 12 digits, this copy has a wrong check digit",,9751107423,Aristo metafiziği ile Gazzali metafiziğinin karşılaştırılması,,Süleyman Hayri Bolay,,,,,Milli Eğitim Bakanlığı Yayınları,record,2005,Ankara,tur,356,,,,,,,,,https://openlibrary.org/works/OL41736399W,,,openlibrary
9789751144814,Duplicate ISBN,n/a,"Duplicate of ISBN 9789751144812: same first 12 digits, this copy has a wrong check digit",,9751144817,Güney Kafkasya'da Rusya - İran nüfuz mücadelesi (1779 - 1813),,Özgür Türker,,,,,Türk Tarih Kurumu,record,2020,Ankara,tur,325,,,,,,,,,https://openlibrary.org/works/OL32280078W,,,openlibrary
9789751606909,Duplicate ISBN,n/a,"Duplicate of ISBN 9789751606907: same first 12 digits, this copy has a wrong check digit",,975160690X,"Ebu'l-Kasım Cārullāh Mahmud bin 'Omar bin Muhammad bin Ahmed ez-Zamahşarī el-Qvārızmī, Mukaddimetü'l-Edeb. Hvārizm Türkçesi ile tercümeli Şuşter Nüshası. Giriş, dil özellikleri, metin, indeks",,Nuri Yüce (Haz),,,Language & literature,"Arabic language; Glossaries, vocabularies; Early works to 1800; Khorezmian Turkic language; Arabic literature",TDK,record,2014,Ankara,tur,230,,,,,,,PL54.24 .Z25 2014,894362702,https://openlibrary.org/works/OL31691651W,,,openlibrary
9789751627596,Duplicate ISBN,n/a,"Duplicate of ISBN 9789751627599: same first 12 digits, this copy has a wrong check digit",,9751627591,Türkiyeʼnin idari taksimatı (1920-2013),,Musa Şaşmaz,,,Political science,Administrative and political divisions; Administrative law; Local government; Politics and government; History,Türk Tarih Kurumu Basımevi,record,2014,Ankara,tur,,,Türk Tarih Kurumu yayınları. IV/A-2-3.12. dizi -- sa. 1; Türk Tarih Kurumu yayınları -- sa. 1,,,,,JS6951.A3 S27 2014,883131356,https://openlibrary.org/works/OL31691973W,,,openlibrary
9789751632546,Duplicate ISBN,n/a,"Duplicate of ISBN 9789751632548: same first 12 digits, this copy has a wrong check digit",,9751632544,Dîvân,,Hüdâyî,,,Language & literature,,Türk Dil Kurumu,record,2016,"Çankaya, Ankara",tur; ota,458,,Türk Dil Kurumu Yayınları -- 1196,Birinci baskı.,,,,PL248.H832 D58 2016,1005080829,https://openlibrary.org/works/OL32591707W,,,openlibrary
9789751634853,Duplicate ISBN,n/a,"Duplicate of ISBN 9789751634856: same first 12 digits, this copy has a wrong check digit",,9751634857,Trabzon merkez ve ilçelerindeki önemli tarihi yapılar,,Haşim Karpuz,,,,,Türk Tarih Kurumu Yayınları,record,2018,Ankara,tur,267,,,,,,,,,https://openlibrary.org/works/OL32610276W,,,openlibrary
9789751732541,Duplicate ISBN,n/a,"Duplicate of ISBN 9789751732545: same first 12 digits, this copy has a wrong check digit",,9751732549,I slam'da bilim ve teknik,,Fuat Sezgin,,,"Philosophy, psychology & religion",Encyclopedias; Din ve bilim; Religion and science; Science; Ansiklopediler; Teknoloji; Islam and science; I slam ve bilim; Bilim; Technology,Tu rkiye Bilimler Akademisi,record,2007,Ankara,tur,,,T.C. Ku ltu r ve Turizm Bakanl♯łg ♯ł Ku tu phaneler ve Yay♯łmlar Genel Mu du rlu g u -- 401. Tu rkiye Bilimler Akademisi yay♯łnlar♯ł ;No: 14; T.C. Ku ltu r ve Turizm Bakanl♯łg ♯ł Ku tu phaneler ve Yay♯łmlar Genel Mu du rlu g u -- 401,,,,,BP190.5.S3 S49 2007,850853843,https://openlibrary.org/works/OL16929737W,,,openlibrary
9789751732677,Duplicate ISBN,n/a,"Duplicate of ISBN 9789751732675: same first 12 digits, this copy has a wrong check digit",,9751732670,Türkiye'de müzecilik,100 müze 1000 eser,Ara Altun,,,General works,Museums; Museum techniques; Art; Müzeler; Müze teknikleri,Kültür ve Turizm Bakanlığı,record,2007,İstanbul,tur,,,Kültür ve Turizm Bakanlığı -- 3091-1; Kültür ve Turizm Bakanlığı -- 3091-2,,,,,AM79.T8 T87 2007,227032286; 1152305961,https://openlibrary.org/works/OL35601886W,,,openlibrary
9789751736650,Duplicate ISBN,n/a,"Duplicate of ISBN 9789751736659: same first 12 digits, this copy has a wrong check digit",,975173665X,Mesâlihu'l-ebdân ve'l-enfüs,Beden ve ruh sağlığı (neşir-çeviri),Aḥmad ibn Sahl Balkhī,,,Medicine,Arab Medicine; Health; Early works to 1800; Psychotherapy; Pathological Psychology; Early works to 1900; Psychiatry; Arabic Manuscripts; Facsimiles,Türkiye Yazma Eserler Kurumu Başkanlığı,record,2012,İstanbul,ara; tur; eng,572,,Türkiye Yazma Eserler Kurumu Başkanlığı yayınları -- 3; Türkiye Yazma Eserler Kurumu Başkanliği yayınları -- 3,1. baskı.,,,,R128.3 .B34185 2012; R128.3 .B35 2012,869304088,https://openlibrary.org/works/OL32769874W,,,openlibrary
9789751738822,Duplicate ISBN,n/a,"Duplicate of ISBN 9789751738820: same first 12 digits, this copy has a wrong check digit",,9751738822,Fusûsu'l- Hikem Tercüme ve Şerhi- cilt 1,,Ahmed Avni Konuk,Mustafa Tahralı; Selçuk Eraydın; M.Nedim Tan; Ercan Alkan,,"Philosophy, psychology & religion",Sufism; Early works to 1800; Fuṣūṣ al-ḥikam (Ibn al-ʻArabī),Türkiye Yazma Eserler Kurumu Başkanlığı,record,2017,Istanbul,tur,892,Hardcover,part I,,,,,BP189.26; BP189.26 .I2518 2017,1004239090,https://openlibrary.org/works/OL19363877W,,,openlibrary
9789751741489,Duplicate ISBN,n/a,"Duplicate of ISBN 9789751741486: same first 12 digits, this copy has a wrong check digit",,9751741483,Sa'adya Gaon (ö. 942) Tefsîru't-Tevrât bi'l-'Arabiyye Tevrat (Tora) tefsiri. Metin - açıklamalı çeviri (cilt 1 + 2),,Nuh Arslantaş,,,,,Türkiye Yazma Eserler Kurumu Başkanlığı,record,2018,Istanbul,tur,1891,,,,,,,,,https://openlibrary.org/works/OL32439062W,,,openlibrary
9789751746697,Duplicate ISBN,n/a,"Duplicate of ISBN 9789751746696: same first 12 digits, this copy has a wrong check digit",,9751746698,Hamza Zülfikar armağanı,,,,,,,Türk Dil Kurumu Yayınları,record,2022,Ankara,tur,692,,,,,,,,,https://openlibrary.org/works/OL31886665W,,,openlibrary
9789751748477,Duplicate ISBN,n/a,"Duplicate of ISBN 9789751748478: same first 12 digits, this copy has a wrong check digit",,975174847X,Kolağası Mehmed Râif. Mir'ât-ı Istanbul,Anadolu yakası . Rumeli yakası,Günay Kut,,,,,Türk Tarih Kurumu,record,2021,Ankara,tur,400,,,,,,,,,https://openlibrary.org/works/OL32115101W,,,openlibrary
9789751749739,Duplicate ISBN,n/a,"Duplicate of ISBN 9789751749734: same first 12 digits, this copy has a wrong check digit",,9751749735,Kültepe tabletleri VI-e. The archive of the Šalim-Aššur family volume 5,anonymous texts and fragments,Mogens Trolle Larsen,,,,,Türk Tarih Kurumu,record,2021,Ankara,tur,446,,,,,,,,,https://openlibrary.org/works/OL32155489W,,,openlibrary
9789751751803,Duplicate ISBN,n/a,"Duplicate of ISBN 9789751751805: same first 12 digits, this copy has a wrong check digit",,9751751802,Hatîbî. Tezkire-i şuarâ-i Bağdâd XIX. yüzyıl Bağdâd ve civarındaki türk şairleri. İndeksli tıpkıbasım,,Mehmet Akkuş,,,,,Türk Tarih Kurumu,record,2022,Ankara,tur,137,,,,,,,,,https://openlibrary.org/works/OL31886594W,,,openlibrary
9789751949241,Duplicate ISBN,n/a,"Duplicate of ISBN 9789751949240: same first 12 digits, this copy has a wrong check digit",,9751949246,Osmanlı belgelerinde 1909 Adana olayları,,Recep Karacakaya,,,World history,Armenians; Sources; History; Ethnic relations; Riots; Trials,T.C. Başbakanlık Devlet Arşivleri Genel Müdürlüğü; T.C. Basbakanlik Devlet Arsivleri Genel Müdürlügü,record,2010,Ankara,tur,,,Yayın -- nu: 112-113; Yayın (Turkey. Devlet Arşivleri Genel Müdürlüğü) -- nu. 112-113,,,,,DS51.A2 O853 2010,739122943,https://openlibrary.org/works/OL32978703W,,,openlibrary
9789751955552,Duplicate ISBN,n/a,"Duplicate of ISBN 9789751955555: same first 12 digits, this copy has a wrong check digit",,9751955556,Osmanlı belgelerinde Kafkas göçleri,,Turkey. Osmanlı Arşivi Daire Başkanlığı,,,World history,"Sources; Emigration and immigration; History; Russo-Turkish Wars, 1676-1878; Refugees; Immigrants; Humanitarian assistance; Government policy; Land settlement; Turkish Manuscripts; Facsimiles; Russo-Turkish Wars (1676-1878) fast (OCoLC)fst01102546; War and society",Başbakanlık Devlet Arşivleri,record,2012,İstanbul,tur,,,Yayın -- nu 121-122; Yayın (Turkey. Osmanlı Arşivi Daire Başkanlığı) -- nu. 121-122,,,,,DK511.C2 O85 2012,852991182,https://openlibrary.org/works/OL32847002W,,,openlibrary
9789752459971,Duplicate ISBN,n/a,"Duplicate of ISBN 9789752459977: same first 12 digits, this copy has a wrong check digit",,9752459978,Ak Parti'nin 15 yılı,siyaset,Nebi Miş,,,,History; Political parties; Islam and politics; Politics and government; AK Parti (Turkey),Seta,record,2018,Ankara,tur,466,,,,,,,,,https://openlibrary.org/works/OL32355949W,,,openlibrary
9789752641059,Duplicate ISBN,n/a,"Duplicate of ISBN 9789752641051: same first 12 digits, this copy has a wrong check digit",,9752641059,28 Şubat,postmodern bir darbenin sosyal ve siyasal analizi,,,,Music,Politics and government; Civil-military relations; Islam and politics; Islam and state; Islam; Religious aspects,Birey,record,2007,"Cağaloğlu, İstanbul",tur,231,,,1. baskı.,,Islam and politics; Turkey; civil-military relations.,,MLCSN 2012/02091(D); DR603 .Y58 2007; DR603 .Y57 2007,172996815,https://openlibrary.org/works/OL24091320W,,,openlibrary
9789752692335,Duplicate ISBN,n/a,"Duplicate of ISBN 9789752692336: same first 12 digits, this copy has a wrong check digit",,9752692338,Osmanlı'yı yıkan cephe,Filistin,Ramazan Balcı,,,World history,"World War, 1914-1918 -- Campaigns -- Palestine; World War, 1914-1918 -- Turkey; Turkey -- History -- Murad V, 1909-1918; World War, 1914-1918; Campaigns; History",Nesil,record,2006,"Bahçelievler, İstanbul",tur,271,,Tarih,,,,,D568.7 .B24 2006; D568.7 .B25 2006; D568.7 .B35 2006,137295949,https://openlibrary.org/works/OL11719728W,,,openlibrary
9789752822203,Duplicate ISBN,n/a,"Duplicate of ISBN 9789752822207: same first 12 digits, this copy has a wrong check digit",,9752822207,Sadrazam topal Osman Paşa 1663 Istanbul - 9 Kasım 1733 Kerkük,,A Akif Poroy,,,,,Kastaş Yayınevi,record,2016,Istanbul,tur,192,,,,,,,,,https://openlibrary.org/works/OL32494800W,,,openlibrary
9789752861687,Duplicate ISBN,n/a,"Duplicate of ISBN 9789752861688: same first 12 digits, this copy has a wrong check digit",,9752861687,Estetik,,Afşar Timuçin,,,,,Bulut Yayınları,record,2013,,tr,,,,"2, 2013",,,,,,,,,nexusstc
9789752893236,Duplicate ISBN,n/a,"Duplicate of ISBN 9789752893238: same first 12 digits, this copy has a wrong check digit",,9752893236,Bir kez daha,,Aslı Erdoğan,,,,,Everest Yayınları,record,2016,Istanbul,tur,182,,,,,,,,,https://openlibrary.org/works/OL42868232W,,,openlibrary
9789752894800,Duplicate ISBN,n/a,"Duplicate of ISBN 9789752894808: same first 12 digits, this copy has a wrong check digit",,9752894801,İstanbul'un tadı tuzu,saray sofralarından sokak yemeklerine,İlhan Eksen,,,"Geography, anthropology & recreation",Food; Social life and customs; Food habits; Turkish Cooking; History,Everest,record,2008,"Cağaloğlu, İstanbul",tur,168,,Yaşam kitapları -- 11,1. basım.,,,,GT2853.T9 E47 2008; GT2853.T9 E48 2008,297224779,https://openlibrary.org/works/OL16535692W,,,openlibrary
9789752979960,Duplicate ISBN,n/a,"Duplicate of ISBN 9789752979963: same first 12 digits, this copy has a wrong check digit",,9752979963,Sz ve Mzik Teoman,,Teoman,,,,,Alfa Yaynclk,record,2008,,tr,,,,"PS, 2008",,"arklar nasl yazlrlar, ne derler, siz nasl anlarsnz? Hangileri tam yreinizden vurur? ark ne zaman arkya, ne zaman hayata benzer? Bazlar niye sadece ark, bazlarysa yaamn ta kendisidir? Hznl arklar dalayan baklardr, biraz fazla kaarlarsa pansuman niteliklerini kaybederler. En steril ve etkili olan yntemlerinde alkol de yardm eder ve her eyi anlatrlar, her eyi hatrlatrlar. Hatta siz onlar sevmeseniz bile. Sanki cevap m gibi gelir, arklar yn olarak kaa ayrlr diye dndnzde; ""Kendine, kardakine, etrafa"" doru... En az yaralayan ve en az inanlan nc ktr ve etrafa sylenir. En fazla inanlan ise ""ikinci k"", kardakine olandr ve bir monolog olarak syleme-dinleme ilikisini en zel alana kurar. Sanki yatakta ikinizsinizdir, sizin mecaliniz ve lafnz yoktur, o ise syler, syler. Ayn, ak szleri gibilerdir, siz hissetmiyorsanz duymazsnz da. Ve sizin iin gerek deillerdir, olamazlar. arklar ayn sessizlikte kalr, monolog ise siz istediinizde sylenmek zere CD, Kaset, mp3 ya da plak formatnda bekler, inanacanz zaman alarsnz, sanki ilk kez dinlemi gibi olursunuz. Bazen tam doru yere dokunur, ""Hah"" dersiniz, "" ite tam oras, biraz daha yukar k, hah ite tam da oras"".",,,,,,,goodreads
9789752981397,Duplicate ISBN,n/a,"Duplicate of ISBN 9789752981393: same first 12 digits, this copy has a wrong check digit",,9752981399,Seuils & traverses 4,"colloque international et pluridisciplinaire sur l'écriture du voyage, 2-4 juillet 2003, actes = Borders & crossings 4 : an international and pluridisciplinary conference on travel writing, 2-4 July 2003, proceedings",Turkey) Seuils et traverses (4th 2003 Ankara,,,Language & literature,Travel writing; History and criticism; Congresses; In literature,Ankara Üniversitesi Basımevi,record,2004,Ankara,fre; eng,394,,,,,,,PN56.T7 S48 2004,852399115,https://openlibrary.org/works/OL39579221W,,,openlibrary
9789753382518,Duplicate ISBN,n/a,"Duplicate of ISBN 9789753382519: same first 12 digits, this copy has a wrong check digit",,9753382510,Şeyhülislâm Yahyâ Efendi,hayatı-sanatı-eserleri bazı şiirlerinin açıklamaları,Süleyman Solmaz; Yahya Efendi,,,Language & literature,Turkish Poets; Biography; Turkish poetry; History and criticism,Akçağ Yayınları,record,2015,Ankara,tur; ota,163,,Divan şairleri/Biyografi-inceleme -- 10; Biyografi-inceleme -- 10,1. baskı.,,,,PL248.Y232 Z885 2015,945731104,https://openlibrary.org/works/OL43552593W,,,openlibrary
9789753389033,Duplicate ISBN,n/a,"Duplicate of ISBN 9789753389037: same first 12 digits, this copy has a wrong check digit",,9753389035,Türk kültürüne eleştiri,,Umay Günay,,,World history,Civilization; Turks; Folklore; Turkish literature; History and criticism,Akçağ,record,2009,"Kızılay, Ankara",tur,208,,"Deneme, eleştiri -- 14",1. baskı.,,,,DR432 .G75 2009,650268316,https://openlibrary.org/works/OL23348130W,,,openlibrary
9789753422094,Duplicate ISBN,n/a,"Duplicate of ISBN 9789753422093: same first 12 digits, this copy has a wrong check digit",,9753422091,"Son Gerisaym : Avrupa, Mlteciler ve Sol",,Jela Krei; Slavoj iek; Mladen Dolar; Alenka Zupani; Frank Ruda; Boris Groys; Saroj Giri; Robert Pfaller; Agon Hamza; Bar Engin Aksoy,,,,,Metis Yaynlar,record,2020,,tr,,,,"PS, 2020",,"Bu derlemedeki yazlar birletiren nokta, sahiden evrensel bir menzile sahip yeni bir sol siyasette temellenen daha kapsaml, yeni bir dayanmaya duyulan ihtiya. Yazarlar, bugn ok tehlikeli bir durum iinde olduumuza, neredeyse hayal bile edemeyeceimiz felaketlerin kapda olduuna iaret ediyor. Bununla birlikte, bu tehlikeler Sol iin yeni bir vizyon oluturma frsat olarak da grlyor. Son Gerisaym, ayn zamanda yeni bir balangca doru bir gerisaym: Teori alannda bir komedi tatbikat; yaknp durmak yerine, yaadmz krizleri anlayp ele almak iin bavurduumuz koordinatlar yeniden dnmek isteyen bir teori pratii bu kitap.",,,,,,,goodreads
9789753432596,Duplicate ISBN,n/a,"Duplicate of ISBN 9789753432597: same first 12 digits, this copy has a wrong check digit",,9753432593,slam'a Gre Dier Dinler,,lhan Arsel,,,,,Kaynak Yaynlar,record,2005,,tr,,,,"PS, 2005",,"""...slamdan baka dinlere rabet edenler tam bir sapklk ve ziyan iindedirler... (Kur'an, Al-i mran Suresi, ayet 85.) ""...Yalnz Allah'n dini (slamiyet) kalana kadar onlarla savan..."" (Kur'an, Bakara Suresi, ayet 193.) ""Ey Mslmanlar, Yahudileri ve Hristiyanlar dost olarak benimsemeyin; onlar birbirlerinin dostudur. Sizden kim onlara dost olursa, o da onlardandr..."" (Kur'an, Maide Suresi, ayet 51.) ""Bunlar (Yahudiler), Allah'n lanetledii kimselerdir."" (Kur'an, Nisa Suresi, ayat 51.) Prof. lhan Arsel, bu almasnda slam kaynaklarnda yer alan dier dinler hakkndaki hkmleri eletirmektedir. Kitapta yer alan baz konu balklar yle: eriatn, slamdan Baka Din ve nanlara Bak As; slam eriatnn, slamdan Baka Din ve nantakilere Kar Hogrl ve Saygl Olduu ddialar; Yahudileri ve Hristiyanlar Aalama Siyaseti; Mslmanlar, Baka Din ve nanta Olanlara Kar Dman ve Saldrgan Klma Siyaseti; Baka Din ve nanta Olanlara Ka ""Cihat"" Siyaseti; ""Kafir""lere Kar Hogrszlk Siyaseti eriatn zne Sapl Kalndka Katlam, Bu zden Uzaklatka Yumuamtr.",,,,,,,goodreads
9789753447606,Duplicate ISBN,n/a,"Duplicate of ISBN 9789753447607: same first 12 digits, this copy has a wrong check digit",,9753447604,Çatlayan süt sessizliği,Arkadaşları Muzaffer Oruçoğlu'nu anlatıyor,Şükran Çelik; Ayhan Oruc̨oğlu,,,Language & literature,Communists; Political activists; Politics and government; Authors,Belge Uluslararası Yayıncılık,record,2017,Istanbul,tur,271,,,,,,,PL248.O698 C38 2017; PL248.O698 Z58 2017,1117457572; 1123039224,https://openlibrary.org/works/OL32570415W,,,openlibrary
9789753535535,Duplicate ISBN,n/a,"Duplicate of ISBN 9789753535533: same first 12 digits, this copy has a wrong check digit",,9753535538,Prof Dr Erol Manisalı ile nehir söyleşi,,Burak Atamtürk,,,,,Der Yayınları,record,2019,Istanbul,tur,110,,,,,,,,,https://openlibrary.org/works/OL32614308W,,,openlibrary
9789753557522,Duplicate ISBN,n/a,"Duplicate of ISBN 9789753557528: same first 12 digits, this copy has a wrong check digit",,9753557523,Kışladan medreseye,Osmanlı bilgini Kemalpaşazade'nin düşünce dünyası,Şamil Öçal,,,World history,Philosophy; History; Intellectual life,İz Yayıncılık,record,2013,İstanbul,tur,626,,İnceleme-araştırma dizisi -- 296; İnceleme-araştırma dizisi (İz Yayıncılık) -- 296,,,,,DR438.9.K45 O33 2013; BD108.T8 K46 2013; DR438.9.K45 O23 2013,872610478,https://openlibrary.org/works/OL23273506W,,,openlibrary
9789753625738,Duplicate ISBN,n/a,"Duplicate of ISBN 9789753625739: same first 12 digits, this copy has a wrong check digit",,9753625731,"Babam Çatlı; ""Bu akşam soğuk olacak, eve girmeyin""",,Gökçen Çatlı,,,,,Panama,record,2014,Ankara,tur,486,,,,,,,,,https://openlibrary.org/works/OL31691598W,,,openlibrary
9789753633467,Duplicate ISBN,n/a,"Duplicate of ISBN 9789753633468: same first 12 digits, this copy has a wrong check digit",,9753633467,Ay Kuyumcular,,Albert Vidalie; Thilda Kemal; Yaar Kemal,,,,,Yap Kredi Yaynlar,record,2011,,tr,,,,"US, 2011",,"Sradan, yoksul bir Fransz kynn sakin yaam, gnn birinde allklarn arasnda bulunan bir cesetle birden deiir. Kyller, rgatlar, han mterileri, gezgin satclar, sepetiler bu cesetle birlikte ak deien gnlk hayata katlrlar. Albert Vidaile ay kuyumcular araclyla bir cinayeti aydnlatrken, bir yandan da tarann yaama biimini ve yerleik ahlak kalplarn sorgular. Roger Vadimin ynetiminde Brigitte Bardotnun yorumuyla sinemaya da uyarlanm olan Ay Kuyumcular, akc dili, iirsel anlatm ve artc kurgusuyla okuru kitaptaki yaamn iine srklyor. Thilda-Yaar Kemalin birlikte yaptklar bu eviri, ilk kez 1955te Cumhuriyet gazetesinde yaymlanmt.",,,,,,,goodreads
9789753634102,Duplicate ISBN,n/a,"Duplicate of ISBN 9789753634106: same first 12 digits, this copy has a wrong check digit",,9753634102,iirler (1938-1993),,Sabahattin Kudret Aksal; Arif Ylmaz; Selahattin zpalabyklar,,,,,Yap Kredi Yaynlar,record,2008,,tr,,,,"US, 2008",,"Sabahattin Kudret Aksal: Trk iirinin gk haritasnda, geceleri uykusuz gemicilere yol gsteren takmada yldz. 1995te yaymladmz iirler (1938-1993)te airin Batk Kent dndaki btn iir kitaplar ve yaymlanmam son iirleri yer alyordu. Elinizdeki yeni bask ise tam bir eletirel basm: Daha nce Aksaln yklerinin eletirel basmn (Gazoz Aac ve Dier ykler, YKY, 2005) hazrlayan Dr. Arif Ylmaz, bu kez de sk bir kitap, dergi ve gazete taramasyla airin btn iirlerini bir araya getirdi ve notlarla zenginletirdi. Sabahattin Kudret Aksaln iirini balangcndan sonuna bir btn halinde grmek isteyenlere...",,,,,,,goodreads
9789753639147,Duplicate ISBN,n/a,"Duplicate of ISBN 9789753639149: same first 12 digits, this copy has a wrong check digit",,9753639147,Niteliksiz adam,,Robert Musil; Ahmet Cemal,,,Literature,,YKY,record,1999,İstanbul,tur,545,,,,ger,,890; B,,722379536; 722379641; 612384485,https://openlibrary.org/works/OL45679968W,,,openlibrary
9789753892552,Duplicate ISBN,n/a,"Duplicate of ISBN 9789753892551: same first 12 digits, this copy has a wrong check digit",,9753892551,slam Felsefesine Giri,,Mehmet Bayraktar,,,,,Diyanet Vakf Yaynlar,record,,,tr,,,,US,,"Elimizdeki bu eser, adndan da anlalaca gibi, bir ""Giri"", bir ""El kitab"" mahiyetindedir. zellikle rencilere slam felsefenin dar manasnda, yani geleneksel olarak kendilerine filozoflar (felasife) ad verilen kimselerin dncesini, tarihi geliimini ve zelliklerini genel hatlaryla tantmak ve bu konularda bilgi vermek iin kaleme alnmtr. Bu bakmdan bir ""slam Felsefesi Tarihi"" deildir. Ele alnan meseleler derinliine deil, daha ziyade yzeysel olarak incelenmitir. Byle bir eserin gayesinin dnda olan ve mtehassslara hitap edecek olan tahlillere girilmemitir. slam felsefesinin kaynaklar, doru, buna tesir eden yabanc dnceler, geliimi, felsefi ilimler, felsefi sistemler ve nemli Mslman filozoflar, Orta a ve Modern Bat-Dou Hristiyan ve Yahudi dncelerine etkisi, eserin temel konularn tekil etmektedir. zellikle memleketimizde 20. yzyln ortalarndan itibaren ilgi duyulmaya balanan slam felsefesi tarihi konusunda, hedeflediimiz ekilde genel bir Giri kitabnn olmadn dnrsek, bu eserin byk bir boluu dolduracana inanmaktayz.",,,,,,,goodreads
9789753893388,Duplicate ISBN,n/a,"Duplicate of ISBN 9789753893381: same first 12 digits, this copy has a wrong check digit",,9753893388,Tasavvufun temel öğretilerinin hadislerdeki dayanakları,,Ahmet Yıldırım,,,"Philosophy, psychology & religion",Sufism; Doctrines; Hadith,Türkiye Diyanet Vakfı,record,2010,Ankara,tur,468,,Türkiye Diyanet Vakfı yayınları -- 289. -- İlmî eserler serisi -- 61; Türkiye Diyanet Vakfı yayınları -- 289; İlmî eserler serisi (Türkiye Diyanet Vakfı) -- 61,1. baskı.,,,,BP189.3 .Y54 2000,44607947,https://openlibrary.org/works/OL26253942W,,,openlibrary
9789753994435,Duplicate ISBN,n/a,"Duplicate of ISBN 9789753994439: same first 12 digits, this copy has a wrong check digit",,9753994435,Balkan ittifakı ve Osmanlı diplomasisi,,Bilgin Çelik,,,,,Istanbul Bilgi Üniversitesi Yayınları,record,2019,Istanbul,tur,318,,,,,,,,,https://openlibrary.org/works/OL32357862W,,,openlibrary
9789754094759,Duplicate ISBN,n/a,"Duplicate of ISBN 9789754094756: same first 12 digits, this copy has a wrong check digit",,9754094756,Bir Komutan bir yaşan,,Nejat Tümer,,,,,[s.n],record,2008,Ankara,tur,149,,,,,,,,1193247766,https://openlibrary.org/works/OL33251618W,,,openlibrary
9789754208142,Duplicate ISBN,n/a,"Duplicate of ISBN 9789754208146: same first 12 digits, this copy has a wrong check digit",,975420814X,Eski çağʹdan günümüze yönetim anlayışı ve kurumlar,,Feridun M. Emecen,,,Political science,Philosophy; The State; Political science; History; Politics and government; Turkic peoples,Kitabevi,record,2009,"Cağaloğlu, İstanbul",tur,288,,,"Cağaloğlu, İstanbul, Turkey, 2009",,,,JC131 .E85 2009,457293471,https://openlibrary.org/works/OL16120721W,,,openlibrary; openlibrary
9789754223770,Duplicate ISBN,n/a,"Duplicate of ISBN 9789754223774: same first 12 digits, this copy has a wrong check digit",,9754223777,Osmanlı devleti bürokrasisi'nde Erzincanlı memurlar,,Abdulkadir Gül,,,Political science,Bureaucracy; History; Public administration,Salkımsöğüt,record,2011,Erzurum,tur,291,,,Geliştirilmiş 2. basım.,,,,JQ1806.Z1 G85 2011; JQ1806.Z1 G84 2011,745983146,https://openlibrary.org/works/OL23233778W,,,openlibrary
9789754223831,Duplicate ISBN,n/a,"Duplicate of ISBN 9789754223835: same first 12 digits, this copy has a wrong check digit",,9754223831,"Orhan Pamuk'un ""Cevdet Bey ve oğulları"" ile Thomas Mann'ın ""Budden brooks"" adlı romanlarında aile ve toplum eleştirisi",,Gamze Nur Bayer,,,Language & literature,Criticism and interpretation; Comparative literature; English and Turkish; Turkish and English; Families in literature,Salkımsöğüt Yayınları,record,2012,Erzurum,tur,370,,,1. basım.,,,,PL248.P34 C4833 2012; PL248.P34 B39 2012,811760109,https://openlibrary.org/works/OL23229772W,,,openlibrary
9789754280359,Duplicate ISBN,n/a,"Duplicate of ISBN 9789754280357: same first 12 digits, this copy has a wrong check digit",,9754280355,Nineteen years of Ottoman diplomatic telegrams 1889-1908,,Sinan Kuneralp,,,World history,"Sources; Foreign relations; 15.59 history of great parts of the world, peoples, civilizations: other; Diplomatic relations",The Isis Press,record,2019,Istanbul,fre; eng,,,,First edition.,,,,DR476 .N55 2019,1140958787,https://openlibrary.org/works/OL32302139W,,,openlibrary
9789754284992,Duplicate ISBN,n/a,"Duplicate of ISBN 9789754284997: same first 12 digits, this copy has a wrong check digit",,9754284997,"Genealogy of the imperial Ottoman family, 2011",,Osman Selaheddin Osmanoğlu,,,World history,Sultans; Genealogy; Princes; Princesses; History,Isis Press,record,2011,Istanbul,eng,82,,,1st ed.,,,,DR438.1 .O855 2011; DR438.1 .G46 2011,793492549; 789025365,https://openlibrary.org/works/OL23238185W,,,openlibrary; nexusstc
9789754285594,Duplicate ISBN,n/a,"Duplicate of ISBN 9789754285598: same first 12 digits, this copy has a wrong check digit",,9754285594,Histoire de la mission lazariste de Macédoine (1839-1939),,Arthur C. M. Droulez,,,Religion,Missions; History; Vincentians; Roman Catholics,Les Éditions Isis,record,2018,Istanbul,fre,268,,Les cahiers du Bosphore -- XCVIII; Cahiers du Bosphore -- 98,Première impression.,,,271.770497,BV3173.M33 D76 2018; BV3173.M3 D76 2018,1046078501,https://openlibrary.org/works/OL32473868W,,,openlibrary
9789754286177,Duplicate ISBN,n/a,"Duplicate of ISBN 9789754286175: same first 12 digits, this copy has a wrong check digit",,9754286175,"Abdulhamid II, Islam and the Arabs. Ottoman rule in Syria and the Hijaz (1878 – 1882)",,Ş Tufan Buzpınar,,,,,The Isis Press,record,2021,Istanbul,eng,276,,,,,,,,,https://openlibrary.org/works/OL32135874W,,,openlibrary
9789754286829,Duplicate ISBN,n/a,"Duplicate of ISBN 9789754286823: same first 12 digits, this copy has a wrong check digit",,9754286825,Ahlatlı; bir talan hikâyesi,,Haldun Açıksözlü,,,,,Kırmızı Çatı,record,2021,Ankara,tur,248,,,,,,,,1256657764,https://openlibrary.org/works/OL32060028W,,,openlibrary
9789754374864,Duplicate ISBN,n/a,"Duplicate of ISBN 9789754374865: same first 12 digits, this copy has a wrong check digit",,9754374864,Osmanlı Devleti Tarihi II,,Yılmaz Öztuna,,,,,Ötüken Neşriyat,record,,,tr,,,,"2, 5",,,,,,,,,nexusstc
9789754421733,Duplicate ISBN,n/a,"Duplicate of ISBN 9789754421736: same first 12 digits, this copy has a wrong check digit",,9754421730,"Mehmet Kavukcu, 1991-2012",,Mehmet Kavukcu,,,Fine arts,Exhibition; Modern Art; Exhibitions,Atatürk Üniversitesi,record,2012,Erzurum,tur,384,,Atatürk Üniversitesi Yayınları -- no.1000 -- Güzel Sanatlar Fakültesi Yayınları -- no. 3; Araştırmalar dizisi -- no. 3; Atatürk Üniversitesi Yayınları -- 1000; Atatürk Üniversitesi -- 3; Atatürk Üniversitesi Yayınları -- 3,"Atatürk Üniversitesi Yayınları -- no.1000 -- Güzel Sanatlar Fakültesi Yayınları -- no. 3, Araştırmalar dizisi -- no. 3, Atatürk Üniversitesi Yayınları -- 1000, Atatürk Üniversitesi -- 3, Atatürk Üniversitesi Yayınları -- 3, Erzurum, Turkey, 2012",,,,N7173.K388 A4 2012,,https://openlibrary.org/works/OL41923842W,,,openlibrary; openlibrary
9789754428859,Duplicate ISBN,n/a,"Duplicate of ISBN 9789754428858: same first 12 digits, this copy has a wrong check digit",,9754428859,II. Uluslararası Türk-Ermeni İlişkileri ve Büyük Güçler Sempozyumu (6-8 Mayıs 2015- Erzurum/Türkiye),Second International Symposium on Turkish-Armenian Relations and Great Powers (6-8 May 2015 Erzurum/Turkey),Turkey) International Symposium on Turkish-Armenian Relations and Great Powers (2nd 2015 Erzurum,,,World history,Congresses; Relations; Armenians; History; International relations; Ethnic relations,Atatürk Üniversitesi,record,2016,Erzurum,tur; eng,1600,,Atatürk Üniversitesi Yayınları -- 1201; Atatürk Üniversitesi yayınları -- no. 1201,,,,,DR479.A75 U478 2015,1008583570,https://openlibrary.org/works/OL32700671W,,,openlibrary
9789754581118,Duplicate ISBN,n/a,"Duplicate of ISBN 9789754581119: same first 12 digits, this copy has a wrong check digit",,9754581118,Diplomasi,,Henry Kissinger,,,,,Türkiye İş Bankası Kültür Yayınları,record,2000,,tr,,,,"2, 2000",,,,,,,,,nexusstc
9789754582653,Duplicate ISBN,n/a,"Duplicate of ISBN 9789754582659: same first 12 digits, this copy has a wrong check digit",,9754582653,Kubad Abad,,Rhan Ark,,,,,Bankas Kltr Yaynlar,record,,,tr,,,,PS,,"Prof. Dr. Rhan Ark almasnda, Anadolu Seluklu devletinin nemli saray yaps arasnda, bugn byk blm ayakta kalan Kubad Abad Saraynn ""kefi ve kaz serveni""ni anlatyor.Beyehir Gl kysnda ykselen Kubad Abad Saray, plan bilinen tek Seluklu saray olma zelliini tayor. Prof. Dr. Arkn sarayn tarihesi, yaps ve evresiyle ilgili olarak yapt almalar, arkeoloji ve sanat tarihimiz asndan ok nemli. zellikle Seluklu el sanatlar konusundaki bulgular; bata figrl iniler olmak zere, cam iiliinin deerli rnekleriyle, Anadolu Ortaana bir k huzmesi dryor.",,,,,,,goodreads
9789754643415,Duplicate ISBN,n/a,"Duplicate of ISBN 9789754643411: same first 12 digits, this copy has a wrong check digit",,9754643415,Fikir ve sanat eserlfrine ilişkin lisans sözleşmesi,,Ömer Arbek,,,Law,Copyright,Yetkin,record,2005,Ankara,tur,218,,,,,,,KKX1160 .A73 2005,1203914594,https://openlibrary.org/works/OL37023696W,,,openlibrary
9789754700110,Duplicate ISBN,n/a,"Duplicate of ISBN 9789754700114: same first 12 digits, this copy has a wrong check digit",,9754700117,Bir Siyasal rgt Olarak; Osmanl ttihad ve Terakki Cemiyeti ve Jn Trklk,,M. kr Haniolu,,,,,letiim Yaynlar,record,1989,,tr,,,,"PS, 1989",,"Aratrmalarnda ilk elden kaynaklar kullanmaya nem veren kr Haniolunun titiz ariv almasyla ortaya kard kapsaml inceleme, Jn Trkler hakknda bilinenlerin dnda yepyeni bilgiler sunuyor. Haniolu, almasnn bu ilk cildini, en anlaml blnme an olarak grd, 1902 ttihat ve Terakki Kongresinde bitiriyor.",,,,,,,goodreads
9789754750092,Duplicate ISBN,n/a,"Duplicate of ISBN 9789754750096: same first 12 digits, this copy has a wrong check digit",,9754750092,Süheyl Ünver'in Orta Anadolu defterleri,,A. Süheyl Ünver,,,World history,Physicians; Description and travel; Art historians; Cities and towns; Travel; College teachers; Architecture; Folklore; Biography; History,Kubbealtı,record,2014,İstanbul,tur,266,,Kubbealtı neşriyâtı -- no. 190,,,,,DR429 .U58 2014,903953972,https://openlibrary.org/works/OL22894881W,,,openlibrary
9789754750368,Duplicate ISBN,n/a,"Duplicate of ISBN 9789754750362: same first 12 digits, this copy has a wrong check digit",,975475036X,Boğaziçi'nde târih,,Sâmiha Ayverdi,,,World history,History; Description and travel; Travel,Kubbealtı Neşriyatı,record,2020,İstanbul,tur,576,,Kubbealtı neşriyatı -- no: 227,11. Baskı.,,,,DR741.B7 A98 2020; DR722 .A98 2020,1235541387,https://openlibrary.org/works/OL32276387W,,,openlibrary
9789754750542,Duplicate ISBN,n/a,"Duplicate of ISBN 9789754750546: same first 12 digits, this copy has a wrong check digit",,9754750548,İbrâhim Efendi konağı,,Sâmiha Ayverdi,,,World history,Social life and customs; Biography; Manners and customs,Kubbealtı Neşriyatı,record,2020,İstanbul,tur,481,,Kubbealtı Neşriyatı -- no: 228,21. Baskı.,,,,"DR432 ,A98 2020; DR735 .A98 2020",1235576736,https://openlibrary.org/works/OL32276386W,,,openlibrary
9789755031308,Duplicate ISBN,n/a,"Duplicate of ISBN 9789755031309: same first 12 digits, this copy has a wrong check digit",,9755031308,Nerdeydin Robert?,,Hans Magnus Enzensberger,,,,,Evrim Yayinevi,record,2006,"Kadıköy, İstanbul",tur,264,,Evrim -- 116 : Roman dizisi ; 2; Evrim / Roman dizisi -- 2,1. basım,ger,,K,,184993933,https://openlibrary.org/works/OL45680128W,,,openlibrary
9789755080058,Duplicate ISBN,n/a,"Duplicate of ISBN 9789755080055: same first 12 digits, this copy has a wrong check digit",,9755080058,"Güngör Dilmen'in 50. Sanat Yılı Sempozyumu, 25 Mart 2010",,Oya Berk,,,Language & literature,Congresses,Mitos-Boyut,record,2010,"Beyoğlu, İstanbul",tur,128,,Tiyatro/kültür dizisi -- 102,,,,,PL248.K228 Z68 2010; PL248.K228 G86 2010,713564679,https://openlibrary.org/works/OL16634955W,,,openlibrary
9789755080171,Duplicate ISBN,n/a,"Duplicate of ISBN 9789755080178: same first 12 digits, this copy has a wrong check digit",,9755080171,Eleni ve Gül,,Şaban Ol,,,Language & literature,,Mitos-Boyut,record,2010,"Taksim, İstanbul",tur,71,,Tiyatro/Oyun dizisi -- 395,1. basım.,,,,PL248.O49 E53 2010,881306715,https://openlibrary.org/works/OL32887653W,,,openlibrary
9789755101797,Duplicate ISBN,n/a,"Duplicate of ISBN 9789755101798: same first 12 digits, this copy has a wrong check digit",,9755101799,Yeil Bir At Srtnda,,Necati Cumal,,,,,Can,record,1990,,tr,,,,"1, FR, 1990",,xxx,,,,,,,goodreads
9789755272272,Duplicate ISBN,n/a,"Duplicate of ISBN 9789755272276: same first 12 digits, this copy has a wrong check digit",,9755272275,En-Necât,,Avicenna,,,,Islamic philosophy; Early works to 1800; Logic; Metaphysics; Arab Philosophy,Kabalcı Yayıncılık,record,2013,"Beşiktaş, İstanbul",tur,282,,Şark klasikleri dizisi -- 7; Şark klasikleri dizisi (Kabalcı Yayınevi) -- 7,1. baskı.,ara,,,,900433491,https://openlibrary.org/works/OL38952051W,,,openlibrary
9789755330923,Duplicate ISBN,n/a,"Duplicate of ISBN 9789755330921: same first 12 digits, this copy has a wrong check digit",,9755330925,Dilruba,,Turgut Türksoy,,,Language & literature,,İmge,record,2011,"Kızılay, Ankara",tur,231,,,1. baskı.,,,,PL248.T882 D54 2011,761891169,https://openlibrary.org/works/OL32989347W,,,openlibrary
9789755332297,Duplicate ISBN,n/a,"Duplicate of ISBN 9789755332291: same first 12 digits, this copy has a wrong check digit",,9755332294,Anayasaya dair tanım ve beklentiler,saha araştırması : Eylül 2012,,,,Law,Constitutions; Constitutional law,TESEV Yayınları,record,2012,"Karaköy, İstanbul",tur,116,,,,,,,KKX2070 .A62 2013,905560155,https://openlibrary.org/works/OL32867065W,,,openlibrary
9789755701281,Duplicate ISBN,n/a,"Duplicate of ISBN 9789755701288: same first 12 digits, this copy has a wrong check digit",,9755701281,Kahveler kitabı: Salâh Bey Tatihi: 1,,Salâh Birsel,,,,Филологические науки. Художественная литература; Романы. Повести. Рассказы; с 1945 г; Литература Турции; Художественная проза; Произведения художественной литературы; Турция,Sel Yayincilik,record,2009,,tr,,,,"İstanbul, Turkey, 2009",,,,,,,,,russian_state_library
9789755858534,Duplicate ISBN,n/a,"Duplicate of ISBN 9789755858531: same first 12 digits, this copy has a wrong check digit",,9755858539,Osmanlılar Döneminde Sivas Sempozyumu Bildirileri (21-25 Mayıs 2007),,Turkey) Osmanlılar Döneminde Sivas Sempozyumu Bildirileri (2007 Sivas,,,World history,"Congresses; History; Civilization; Buildings, structures",Sivas Valiliği İl Kültür ve Turizm Müdürlüğü,record,2007,Sivas,tur,,,Sivas 1000 temel eser -- no. 9,,,,,DS51.S58 O86 2007,777411629,https://openlibrary.org/works/OL32075027W,,,openlibrary
9789755912519,Duplicate ISBN,n/a,"Duplicate of ISBN 9789755912516: same first 12 digits, this copy has a wrong check digit",,9755912517,Guds plan,Karen Blixen og kristendommen,Jørgen Stormgaard,,,Language & literature,Religion; Criticism and interpretation; Danish Authors; Biography; Faith,Haase & Søns Forlag,record,2010,[København],dan,318,,,1. udg.,,,,PT8175.B545 Z894 2010; PT8175.B545 Z896 2010,699854286,https://openlibrary.org/works/OL22711152W,,,openlibrary
9789755912657,Duplicate ISBN,n/a,"Duplicate of ISBN 9789755912653: same first 12 digits, this copy has a wrong check digit",,9755912657,Kiileraras Sorun zme Becerileri ve Eitimi,,Selahiddin LM,,,,,Nobel Akademik Yayincilik,isbn_prefix,2006,,,,,,"PS, 2006",,,,,,,,,goodreads
9789756054371,Duplicate ISBN,n/a,"Duplicate of ISBN 9789756054376: same first 12 digits, this copy has a wrong check digit",,9756054379,Av zelâl bû,,"Bozan, Mezher, 1957-",,,,,"Beyoğlu, İstanbul : Weşanên Pêrî",record,2002,,kur,,,,,,,,,,,,,internet_archive
9789756083409,Duplicate ISBN,n/a,"Duplicate of ISBN 9789756083406: same first 12 digits, this copy has a wrong check digit",,9756083409,Avşarlar ve Dadaloğlu,,Ahmet Z. Özdemir,,,,Afshar (Turkic people); Criticism and interpretation,Ürün Yayınları,record,2007,Ankara,tur,476,,,2. baskı.,,,,,166281431,https://openlibrary.org/works/OL38797125W,,,openlibrary
9789756106425,Duplicate ISBN,n/a,"Duplicate of ISBN 9789756106426: same first 12 digits, this copy has a wrong check digit",,9756106425,İşçi sınıfına adanmış bir yaşam,Şeref Aydın'ın anısına,S. Cihan,,,Social sciences,"Aydın, Şeref, -- 1951-2006; Socialists; Politics and government; Biography; Socialism; History; Working class",Evrensel Basım Yayın,record,2007,"Beyoğlu, İstanbul",tur,279,,Seçme yazılar -- 1,1. basım.,,"Aydın, Şeref, 1951-2006; socialist author; biography; festchrift; Turkey; working class; socialism; essays.",,HX376.7.A8 A935 2007,320522789,https://openlibrary.org/works/OL18816091W,,,openlibrary
9789756117612,Duplicate ISBN,n/a,"Duplicate of ISBN 9789756117613: same first 12 digits, this copy has a wrong check digit",,9756117613,Hayırsever terrorist,,Nedim Şener,,,Social sciences,"Businessmen; September 11 Terrorist Attacks, 2001; War on Terrorism, 2001-2009; Qaida (Organization); Asia; Middle East; Turkey; Azië; Nabije Oosten; Turkije; Terrorism; Fiction; Islamic fundamentalism",Güncel Yayıncılık,record,2006,"Cağaloğlu, İstanbul",tur,367,,Güncel kitaplar -- 10,1. basım.,,Islamic capital; terrorism; Turkey; politics and goverment.,,HV6432.7 .S368 2006,173235612,https://openlibrary.org/works/OL13365796W,,,openlibrary
9789756122657,Duplicate ISBN,n/a,"Duplicate of ISBN 9789756122655: same first 12 digits, this copy has a wrong check digit",,975612265X,Ahmed Vesîm dîvânı,"inceleme, metin",Ahmed Vesîm,,,Language & literature,Turkish poetry,Salkımsöğüt Yayınevi,record,2010,Erzurum,tur,320,,,1. basım.,,,,PL248 .A3139 2010; PL248 .A3192 2010,733570422,https://openlibrary.org/works/OL22609500W,,,openlibrary
9789756132833,Duplicate ISBN,n/a,"Duplicate of ISBN 9789756132838: same first 12 digits, this copy has a wrong check digit",,9756132833,Osman Fahir Seden'le Türk sinemasında düet,,Gülşah Nezaket Maraşlı,,,Language & literature,"Seden, Osman Fahir, -- 1924-1998; Motion picture producers and directors -- Turkey; Motion pictures -- Turkey -- History; Motion pictures; Motion picture producers and directors; History; Turkish Motion pictures",Elips Kitap,record,2006,"Yenişehir, Ankara",tur,394,,,1. baskı.,,,,PN1998.3.S3935 M37 2006; PN2959.8.S244 M27 2006; PN1998.3.S4 O86 2006,83747151,https://openlibrary.org/works/OL18700185W,,,openlibrary
9789756158313,Duplicate ISBN,n/a,"Duplicate of ISBN 9789756158319: same first 12 digits, this copy has a wrong check digit",,975615831X,Dildilian brothers,"memories of a lost Armenian home : photography and the story of an Armenian family in Anatolia, 1888-1923 = Dildilyan kardeşler : kayıp bır Ermeni evinin hatıraları : Anadolu'da bir Ermeni aileni̇n fotoğrafları ve öyküsü, 1888-1923",Armen Marsoobian,,,Technology,Photographers; Biography; Armenians; Pictorial works; History,Birzamanlar Yayıncılık,record,2015,İstanbul,eng,195,,,First edition.,,,,TR111 .M37 2015,949042300,https://openlibrary.org/works/OL32573476W,,,openlibrary
9789756160570,Duplicate ISBN,n/a,"Duplicate of ISBN 9789756160572: same first 12 digits, this copy has a wrong check digit",,9756160578,AKP'nin sağlık raporu,güncel,Ata Soyer,,,Political science,AK Parti (Turkey); Health care -- Turkey; Turkey -- Politics and government -- 1980-; Politics and government; Health care,Evrensel,record,2007,"Beyoğlu, İstanbul",tur,120,,,1. basım.,,,,JQ1809.A8 A475 2007,,https://openlibrary.org/works/OL3735357W,,,openlibrary
9789756165073,Duplicate ISBN,n/a,"Duplicate of ISBN 9789756165072: same first 12 digits, this copy has a wrong check digit",,9756165073,Bir Kadn Uyanyor,,Sevilay Saral,,,,,BGST,record,2006,,tr,,,,"US, 2006",,"Sevilay Saral tarafndan kaleme alnan Bir Kadn Uyanyor gerek bir hayat hikayesinden yola klarak yazld. Hikayesini anlatan kadn ile yazar ve oyuncu bir araya geldi; saatler sren syleilerde anlatlan hayat hikayesi sahne zeriyle de ilikili biimde kaleme alnd. Bir Kadn Uyanyor, kadnlarn tiyatrosu formunda sahnelenmi yaynladmz ikinci oyunumuz BGST Yaynlarndan km olan 7 Kadndan sonra bu tek kiilik kadn oyununda da hem sahne st hem de sahne arkas tm rolleri yine kadnlar paylat; bir kadn hayatn anlatt, dieri yazd, dieri oynad, dieri mziini, dieri afiini, dieri kostmn yapt....ve oyun sadece kadn izleyiciye ald. Alev kendi hikayesini izleyen ve izlerken belki kendi hayatlarnn, uyanlarnn da izini sren pek ok kadna oyunun finalinde unlar syledi; Uyanmak kavga etmek, hi durmadan kavga etmektir kardeim. Dinlenmek hakkm olsa da, uyumak haram. Bir gn yorulur vazgeersem eer, Uyanm da biter o zaman..",,,,,,,goodreads
9789756223995,Duplicate ISBN,n/a,"Duplicate of ISBN 9789756223994: same first 12 digits, this copy has a wrong check digit",,9756223995,Uluslararası İlişkiler Sözlüğü,,"Graham Evans, Jeffrey Newnham",,,,,Gökkubbe,record,2007,,tr,,,,2007,,,,,,,,,nexusstc
9789756225734,Duplicate ISBN,n/a,"Duplicate of ISBN 9789756225738: same first 12 digits, this copy has a wrong check digit",,9756225734,Zaman Ynetimi,,Melissa Raffoni,,,,,Harvard Business School Press / Optimist,record,2012,,tr,,,,"PT, 2012",,"Skk zaman planlar, sonu gelmez e-posta iletileri ve dalar gibi evrak ylmas bunlar sizi boar ve veriminizi drr. Bu elkitab zamannz ve alma yknz tekrar kontrol altna almanza yardmc olmak iin u konular zerinde duruyor: - Grev ve sorumluluklar ncelik srasna dizmek - Gl zaman planlamas aralar kullanmak - Daha az zamanda daha ok i karmak",,,,,,,goodreads
9789756325468,Duplicate ISBN,n/a,"Duplicate of ISBN 9789756325469: same first 12 digits, this copy has a wrong check digit",,9756325461,Atatürk Türkiyesi'nde kılık kıyafette çağdaşlaşma,,Ayten Sezer Arığ,,,"Geography, anthropology & recreation","Atatürk, Kemal, -- 1881-1938 -- Political and social views; Clothing and dress -- Turkey -- History; Social change -- Turkey -- History -- 20th century; Clothing and dress -- Law and legislation -- Turkey; Turkey -- Civilization -- Western influences; Turkey -- History -- 1918-1960; Clothing and dress; History; Social change; Law and legislation; Political and social views; Civilization; Western influences",Siyasal Kitabevi,record,2007,Ankara,tur,190,,,,,,,GT1400 .A75 2007,190789947,https://openlibrary.org/works/OL13776436W,,,openlibrary
9789756325586,Duplicate ISBN,n/a,"Duplicate of ISBN 9789756325582: same first 12 digits, this copy has a wrong check digit",,9756325585,"Tek Parti döneminde basın iktidar ilişkileri, 1929-1938",,İ. Ceyhan Koç,,,Language & literature,Cumhuriyet Halk Partisi (Turkey); Serbest Cumhuriyet Fırkası; Press and politics -- Turkey -- History; Turkey -- Politics and government; Turkey -- History -- 1918-1960; History; Politics and government; Press and politics,Siyasal Kitabevi,record,2006,Ankara,tur,191,,,,,,,PN5449.T8 K63 2006,137302233,https://openlibrary.org/works/OL13620211W,,,openlibrary
9789756342644,Duplicate ISBN,n/a,"Duplicate of ISBN 9789756342640: same first 12 digits, this copy has a wrong check digit",,9756342641,Dilce,Türkçe üzerine denemeler,Yusuf Çotuksöken,,,Language & literature,Etymology; Folklore; Reform; Miscellanea; Errors of usage; Turkish language,Toroslu Kitaplığı,record,2009,"Gümüşsuyu, İstanbul",tur,168,,,1. baskı.,,,,PL113 .C68 2009,664591694,https://openlibrary.org/works/OL16588686W,,,openlibrary
9789756372168,Duplicate ISBN,n/a,"Duplicate of ISBN 9789756372166: same first 12 digits, this copy has a wrong check digit",,9756372168,Essays on Ottoman historians and historiography,,"Murphey, Rhoads",,,World history,Historiography; History,Eren,record,2009,"Beyoğlu, İstanbul",eng,248,,,,,,,DR438.8 .M87 2009,601558191,https://openlibrary.org/works/OL16588684W,,,openlibrary
9789756447198,Duplicate ISBN,n/a,"Duplicate of ISBN 9789756447192: same first 12 digits, this copy has a wrong check digit",,9756447192,Giz,şiir,Fatma Adıgüzel,,,Language & literature,,Karahan kitabevi,record,2011,Adana,tur,100,,Karahan yayınları -- 127,,,,,PL248.A275 G59 2011,744999949,https://openlibrary.org/works/OL33446793W,,,openlibrary
9789756447204,Duplicate ISBN,n/a,"Duplicate of ISBN 9789756447208: same first 12 digits, this copy has a wrong check digit",,9756447206,Çukurova bölgesi Girit göçmenleri,halk kültürü araştırması,Refiye Okuşluk Şenesen,,,World history,Ethnology; Folklore; Social life and customs; Turks; Relocation; Population transfers; History; Emigration and immigration; Turkish Folk literature; History and criticism; Oral tradition; Immigrants,Karahan Kitabevi,record,2011,"Seyhan, Adana",tur,333,,,1. baskı.,,,,DS51.C835 S46 2011; GR281.C84 S463 2011,759992119; 779302531,https://openlibrary.org/works/OL23239214W,,,openlibrary
9789756447761,Duplicate ISBN,n/a,"Duplicate of ISBN 9789756447765: same first 12 digits, this copy has a wrong check digit",,9756447761,Divan şiirinde hasb-i hâller ve Mûyîʹnin Nâlân u Handânʹı,,Mûyî,,,Language & literature,Turkish Poets; History and criticism; Turkish Masnavis; Turkish poetry; Turkish Complaint poetry,Karahan Kitabevi,record,2009,Adana,tur,419,,Karahan yayınları -- 86,1. baskı.,,,,PL248.M89 N35 2009; PL220 .B38 2009; PL220 .B37 2009,502467465; 432008035; 457215722,https://openlibrary.org/works/OL16182349W,,,openlibrary
9789756480561,Duplicate ISBN,n/a,"Duplicate of ISBN 9789756480564: same first 12 digits, this copy has a wrong check digit",,9756480564,Osmanlı'da büyükşehir belediye yönetimi,İstanbul şehremaneti,Tarkan Oktay,,,Political science,Municipal government; History; Municipal budgets,Yeditepe,record,2011,İstanbul,tur,423,,Yeditepe Yayınevi -- 151; Araştırma-inceleme -- 125,1. baskı.,,Municipal government; Istanbul (Turkey); history; 19-20th centuries.,,JS6959.I84 O39 2011; JS6959.I8 O583 2011; JS6959.I8 O48 2011,777397219; 776662755,https://openlibrary.org/works/OL23231478W,,,openlibrary
9789756628251,Duplicate ISBN,n/a,"Duplicate of ISBN 9789756628256: same first 12 digits, this copy has a wrong check digit",,9756628251,İsrail'de Yahudi fundamentalizmi,,Israël Shahak; Norton Mezvinsky; Ahmet Emin Dağ; Erhan Güngör,,,,Jewish fundamentalism; Orthodox Judaism; Political aspects; Religious fundamentalism; Political violence,Anka,record,2002,İstanbul,tur,294,,Orta Doğu çalışmaları -- 1,,eng,,,,932860911,https://openlibrary.org/works/OL43535937W,,,openlibrary
9789756642614,Duplicate ISBN,n/a,"Duplicate of ISBN 9789756642610: same first 12 digits, this copy has a wrong check digit",,9756642610,Kızlar neden evden kaçar?,,Salih Şahin,,,Language & literature,Girls; Social conditions; Women,Kutupyıldızı Yayınları,record,2007,İstanbul,tur,272,,,1. baskı.,,Women of Eastern Turkey; social life and condition.,,PL248.S2845 K59 2007,269458169,https://openlibrary.org/works/OL13650903W,,,openlibrary
9789756698551,Duplicate ISBN,n/a,"Duplicate of ISBN 9789756698556: same first 12 digits, this copy has a wrong check digit",,9756698551,Hayal ehir iirlerde skdar,,Kemal Kahraman; Seyfettin nl,,,,,skdar Belediyesi,record,2003,,,,,,"PS, 2003",,"Deimeye direnir skdar. Biraz dikkat edenler btn o karmak grntnn altndaki iirsellii fark edebilir. Bunu da en iyi airler yapar. Birok airin, yazarn, sanatnn yaamak iin skdar snrlan dahilindeki bir yeri semesi de bundandr. Gsterii sevmeyen skdar, onlar da zenle gizler, dikkatsiz gzlerden karr. Tarihten gnmze, nice airlerin gzdesi olmutur skdar. Her dnem iirlerde layk olduu yeri bulan skdar, bu almada gnmz iirindeki yeriyle kyor karmza. iirin gc ve soluu asndan kendisini kabul ettirmi airlerin msralarnda hayat bulan skdar bu kitapta kendini anlatyor. Bir dnemin balangc olmas asndan Yahya Kemal ayr bir nem arz eder. skdar iinse Yahya Kemalin ok zel bir yeri vardr. Elinizdeki kitabn eski iirle yeni iiri buluturan ve ayran bu airle balamas elbette bir rastlant deildir. Semtimizi ve ehrimizi, bize biz olma duygusunu yaatan deerlerimizi her zamankinden daha fazla sevmeye ve onlara balanmaya ihtiyacmz var. Marifeti, bnyesine kar dmanlk beslemeyen her eyi ieri olan skdarn; iltifat, medeniyetimizin yeni ufuklara bak noktas olmasdr...",,,,,,,goodreads
9789756791953,Duplicate ISBN,n/a,"Duplicate of ISBN 9789756791950: same first 12 digits, this copy has a wrong check digit",,9756791950,Eğin'de söylenen maniler,,Füsun Durna,,,,,Can Yayınları,record,2021,Istanbul,tur,368,,,,,,,,1266272976,https://openlibrary.org/works/OL32066965W,,,openlibrary
9789756959441,Duplicate ISBN,n/a,"Duplicate of ISBN 9789756959442: same first 12 digits, this copy has a wrong check digit",,9756959444,İkinci sergi,Second exhibition,İlkay Baliç Ayvaz,,,Fine arts,Turkish Art; Exhibitions; Modern Art; Artists; Konst,ARTER,record,2010,"Beyoğlu, İstanbul",tur,,,,,,,,N7168.6 .I35 2010; N7168.6 .I546 2010,750168321,https://openlibrary.org/works/OL23236727W,,,openlibrary
9789757054720,Duplicate ISBN,n/a,"Duplicate of ISBN 9789757054726: same first 12 digits, this copy has a wrong check digit",,9757054720,Anadolu'da dericilik,,Lütfü Dağtaş,,,Fine arts,Leatherwork; Social life and customs; Manners and customs; Leder; Lederware; Lederherstellung; Lederwarenherstellung,Dönence,record,2007,"Cağaloğlu, İstanbul",tur,192,,Kültür hizmeti -- 2,1. baskı.,,,,NK6202.T9 D338 2007,424667635,https://openlibrary.org/works/OL24113530W,,,openlibrary
9789757105212,Duplicate ISBN,n/a,"Duplicate of ISBN 9789757105213: same first 12 digits, this copy has a wrong check digit",,975710521X,İsrail'de dini cemaat ve partiler,din devleti İsrail = El-Kuva'd-diniyye fi İsrail,Rashād ʻAbd Allāh Shāmī; Mehmet Ali Kara; Reşad Abdullah Şami,,,"Philosophy, psychology & religion",Religion and state; Judaism and state; Religious Zionism; Politics and government; Political parties,İlke,record,2002,İstanbul,tur,332,,İlke yayıncılık -- 36 -- Araştırma-inceleme -- 5,,,,,BM390 .S4820 2002,52432251,https://openlibrary.org/works/OL44626742W,,,openlibrary
9789757265845,Duplicate ISBN,n/a,"Duplicate of ISBN 9789757265849: same first 12 digits, this copy has a wrong check digit",,9757265845,Bir Adalet Feryad Osmanl'dan Trkiye'ye Be Ermeni Feminist Yazar 1862 - 1933,,Melisa Bilal; Lerna Ekmekiolu,,,,,Aras Yaynclk,record,2006,,tr,,,,"PT, 2006",,"Bir Adalet Feryad, Osmanl/Trkiye Ermeni toplumunda kadn haklaryla ilgili talepleri gndeme getirip bu haklarn elde edilmesi iin dernekler, gazeteler kuran, romanlar, ykler, iirler yazan be nc kadn olan, Elbis Gesaratsyan, Srpuhi Dsap, Zabel Asadur (Sibil), Zabel Yesayan ve Hayganu Mark'n kaleme ald eserlerden blmler ile onlar hakknda yaplm incelemeleri ieriyor. Kitapta yer alan Ermeniceden eviri metinler, bu kadn yazarlarn nasl bir dnya tahayyl ettii; adalet, eitlik ve zgrlk fikirlerinin onlar iin hangi anlamlar tad; bunlar hangi yollarla elde etmeyi dndkleri gibi sorulara kendi kalemlerinden verilen yantlar olarak dikkate deer. Bu rnek metinler ve incelemeler araclyla, yazarlarn Ermeni ve kadn kimlikleri zerinden oluturduklar siyasi durularn yan sra, dnemin Osmanlclk, milliyetilik, sosyalizm gibi toplumsal projelerine olan ilgilerine ve Mslman/Trk kadnlarla olan ilikilerine uzanan bir bak as gelitirmek mmkn. Be Ermeni feminist yazarn ve adalarnn fotoraflarndan oluan fotoraf albm kitab grsel adan da zenginletiriyor.",,,,,,,goodreads
9789757291250,Duplicate ISBN,n/a,"Duplicate of ISBN 9789757291251: same first 12 digits, this copy has a wrong check digit",,9757291250,Türk Parlamento tarihi,TBMM-X. dönem (14 Mayıs 1954-1 Kasım 1957),İsmet Binark,,,Political science,History; Legislative bodies; Constitutional history; Turkey. Büyük Millet Meclisi; Turkey; Biography,"TBMM Kültür, Sanat ve Yayın Kurulu yayınları",record,2010,Ankara,tur,4253,,"TBMM Kültür, Sanat ve Yayın Kurulu yayınları -- no. 137-140",,,,,JQ1807 .T8766 2010,748933862,https://openlibrary.org/works/OL32979849W,,,openlibrary
9789757304184,Duplicate ISBN,n/a,"Duplicate of ISBN 9789757304180: same first 12 digits, this copy has a wrong check digit",,9757304182,Leyla û mecnûn,,Şêx Mihemed Can,,,,,Dora,record,2021,Istanbul,kur,336,,,,,,,,,https://openlibrary.org/works/OL3736064W,,,openlibrary
9789757523382,Duplicate ISBN,n/a,"Duplicate of ISBN 9789757523383: same first 12 digits, this copy has a wrong check digit",,9757523380,"Roman, late Roman and Byzantine inscriptions of Ankara",a selection,D. H. French,,,History (auxiliary sciences),"Inscriptions, Latin -- Turkey -- Ankara; Inscriptions, Greek -- Turkey -- Ankara; Inscriptions, Byzantine -- Turkey -- Ankara; Latin Inscriptions; Greek Inscriptions; Byzantine Inscriptions; Inscriptions; Yazıtlar; Yazıtlar, Bizans","Foundation of Museum of Anatolian Civilizations; Turkish Republic, Ministry of Culture and Tourism",record,2003,Ankara; [Ankara],eng,223,,,,,,,CN415.A54 F74 2003; CN455 .F74 2003,60785306,https://openlibrary.org/works/OL4727446W,,,openlibrary
9789757638358,Duplicate ISBN,n/a,"Duplicate of ISBN 9789757638353: same first 12 digits, this copy has a wrong check digit",,9757638358,"Osmanlı Devleti'nde yabancı sermaye, 1854-1914",,V. Necla Geyikdağı,,,Social sciences,Economics; Economic conditions; Foreign Investments; History,Hil Yayın,record,2008,"Beyoğlu, İstanbul",tur,247,,,,,,,HG5706.5.A3 G495 2008; HG5706.5.A3 G49 2008,401794657,https://openlibrary.org/works/OL16588458W,,,openlibrary
9789757652334,Duplicate ISBN,n/a,"Duplicate of ISBN 9789757652335: same first 12 digits, this copy has a wrong check digit",,9757652334,Bir asır sonra Balkan savaşları (Utanç verici bir hezimetin muhasebesi),,Mustafa Çalık (Haz),,,,,Cedit,record,2014,Ankara,tur,248,,,,,,,,,https://openlibrary.org/works/OL31591092W,,,openlibrary
9789757669636,Duplicate ISBN,n/a,"Duplicate of ISBN 9789757669630: same first 12 digits, this copy has a wrong check digit",,9757669636,Kamu yönetimi sözlüğü,Fransızca ve İngilizce karşılıklarıyla,Ömer Bozkurt,,,Political science,Turkish language; Dictionaries; French; English; Public administration; Turkish,Türkiye ve Orta Doğu Amme İdaresi Enstitüsü,record,2008,Ankara,tur; eng; fre,315,,Türkiye ve Orta Doğu Amme İdaresi Enstitüsü yayını -- no. 342,2. baskı.,,,,JA64.T87 B69 2008,283806609; 46993640,https://openlibrary.org/works/OL33271741W,,,openlibrary
9789757785059,Duplicate ISBN,n/a,"Duplicate of ISBN 9789757785057: same first 12 digits, this copy has a wrong check digit",,9757785059,Türk sahnelerinden izlenimler,Impressions from the Turkish stage,Laurence Raw,,,Language & literature,Reviews; Theater,Mitos Boyut Yayınları,record,2009,"Beyoğlu, İstanbul",tur; eng,159,,Tiyatro/kültür dizisi -- 89,1. baskı.,,,,PN2959.4 .R39 2009,715336222,https://openlibrary.org/works/OL22611373W,,,openlibrary
9789757785113,Duplicate ISBN,n/a,"Duplicate of ISBN 9789757785118: same first 12 digits, this copy has a wrong check digit",,9757785113,Bir aktörün serüvenleri,,Yaman Tüzcet,,,Language & literature,Actors; Biography; Theater,"Mitos-Boyut Tiyatro Yayınları, TEM Yapım Yayıncılık Ltd. Şti",record,2009,"Gümüşsuyu, İstanbul",tur,248,,Tiyatro/kültür dizisi -- 90,1. baskı.,,,,PN2959.8.T89 A3 2009,715102357,https://openlibrary.org/works/OL23375499W,,,openlibrary
9789757785210,Duplicate ISBN,n/a,"Duplicate of ISBN 9789757785217: same first 12 digits, this copy has a wrong check digit",,9757785210,Toplu oyunları,,Erol Toy,,,Language & literature,,MitosBoyut,record,2010,İstanbul,tur,,,"Mitos-Boyut yayınları -- Oyun dizisi -- 333, 387; MitosBoyut tiyatro/oyun dizisi -- 333, etc",1. basım.,,,,PL248.T65 T67 2010,697277937,https://openlibrary.org/works/OL32924104W,,,openlibrary
9789757785342,Duplicate ISBN,n/a,"Duplicate of ISBN 9789757785347: same first 12 digits, this copy has a wrong check digit",,9757785342,Toplumcu tiyatroya adanmış bir yaşam,S. Günay Akarsu,Mustafa Sercan,,,Language & literature,Theater critics; Theater; Biography; History,Mitos Boyut Yayınları,record,2009,"Gümüşsuyu, İstanbul",tur,320,,Tiyatro/Kültür dizisi -- 93,1. baskı.,,,,PN1708.A43 T66 2009; PN1708.A527 T664 2009,715336237,https://openlibrary.org/works/OL16669262W,,,openlibrary
9789757785490,Duplicate ISBN,n/a,"Duplicate of ISBN 9789757785491: same first 12 digits, this copy has a wrong check digit",,9757785490,Bring Them Home,Onları Eve Getir,,,,,,Mitos-Boyut,record,2009,İstanbul,tur,80,Paperback,,,,,,,,https://openlibrary.org/works/OL16046334W,,,openlibrary
9789757785733,Duplicate ISBN,n/a,"Duplicate of ISBN 9789757785736: same first 12 digits, this copy has a wrong check digit",,9757785733,Toplu oyunları,,Nihat Asyalı,,,Language & literature,,MitosBoyut,record,2010,"Beyoğlu, İstanbul",tur,236,,"Oyun dizisi -- 377, 473",1. basım.,,,,PL248.A7343 A15 2010,697278172,https://openlibrary.org/works/OL32847062W,,,openlibrary
9789757785911,Duplicate ISBN,n/a,"Duplicate of ISBN 9789757785910: same first 12 digits, this copy has a wrong check digit",,9757785911,Yüzde 100 tiyatro,"2009-2010 sahne gösterilerinden 100 eleştiri, yorum ve değerlendirme",Üstün Akmen,,,Language & literature,Turkish drama; History and criticism,Mitos-Boyut,record,2010,"Taksim, İstanbul",tur,352,,Tiyatro/kültür dizisi -- 97,,,,,PL221 .A424 2010; PL221 .A419 2010,742525803,https://openlibrary.org/works/OL16662983W,,,openlibrary
9789757785946,Duplicate ISBN,n/a,"Duplicate of ISBN 9789757785941: same first 12 digits, this copy has a wrong check digit",,9757785946,Toplu oyunları,,Kemal Bekir,,,Language & literature,,MitosBoyut,record,2010,"Beyoğlu, İstanbul",tur,157,,"Oyun dizisi -- 390, 479",1. basım.,,,,PL248.B416 T67 2010,704466705; 1193230542,https://openlibrary.org/works/OL32794712W,,,openlibrary
9789757785954,Duplicate ISBN,n/a,"Duplicate of ISBN 9789757785958: same first 12 digits, this copy has a wrong check digit",,9757785954,Toplu oyunları,,Nesrin Kazankaya,,,Language & literature,,MitosBoyut,record,2006,"Beyoğlu, İstanbul",tur,,,"Mitos-Boyut tiyatro yayınları. Oyun dizisi -- 212, 391, 461, 503, 564; MitosBoyut tiyatro/oyun dizisi -- 212, 391, 461, 503, 564",1. basım. ı̇kı̇ oyun bı̇r ülke önsöz,,,,PL248.K38 A15 2006,320741465; 697278013,https://openlibrary.org/works/OL32970272W,,,openlibrary
9789757785970,Duplicate ISBN,n/a,"Duplicate of ISBN 9789757785972: same first 12 digits, this copy has a wrong check digit",,9757785970,Balkanlar ve Türkler,İlhami Emin'in anıları,Rifat Emin Sipahi,,,Language & literature,Turks; Civilization; Turkish influences,Mitos,record,2011,İstanbul,tur,279,,,1. baskı.,,,,PL248.E38 Z87 2011,733579492,https://openlibrary.org/works/OL32978599W,,,openlibrary
9789757794329,Duplicate ISBN,n/a,"Duplicate of ISBN 9789757794325: same first 12 digits, this copy has a wrong check digit",,9757794325,Tezkire-i rumât,Okçular tezkiresi : (çeviri yazı - sadeleştirme - tıpkıbasım),Abdullah el-Kâtib,,,"Geography, anthropology & recreation",Archery; Early works to 1800; History; Archers; Biography,Türkiye Yazma Eserler Kurumu Başkanlığı; Okçular Vakfı,record,2020,İstanbul,tur,537,,Türkiye Yazma Eserler Kurumu Başkanlığı yayınları -- 162. -- Okçuluk Vakfı yayınları -- 12,1. baskı.,,,,GV1188.T9 A248 2020,1256644009,https://openlibrary.org/works/OL32323914W,,,openlibrary
9789757891312,Duplicate ISBN,n/a,"Duplicate of ISBN 9789757891314: same first 12 digits, this copy has a wrong check digit",,9757891312,Mesaj,,Edip Yüksel,,,,,Ozan Yayıncılık,record,2013,,tr,,,,2013,,,,,,,,,nexusstc
9789757960169,Duplicate ISBN,n/a,"Duplicate of ISBN 9789757960164: same first 12 digits, this copy has a wrong check digit",,9757960160,"Modernizm,Postmodernizm ve Trban",,Demirta Ceyhun,,,,,Sis an,record,2003,,tr,,,,"PT, 2003",,,,,,,,,goodreads
9789758071955,Duplicate ISBN,n/a,"Duplicate of ISBN 9789758071951: same first 12 digits, this copy has a wrong check digit",,9758071955,A mudbrick city wall at Hattuša,diary of a reconstruction,Jürgen Seeher,,,World history,Antiquities; Excavations (Archaeology); City walls; Conservation and restoration; Hittites,Ege Yayınları,record,2007,"Cihangir, İstanbul",eng,232,,,1st ed.,,,,DS156.B67 S443 2007; DS156.B64 S44 2007,297185732,https://openlibrary.org/works/OL24125026W,,,openlibrary
9789758074606,Duplicate ISBN,n/a,"Duplicate of ISBN 9789758074600: same first 12 digits, this copy has a wrong check digit",,9758074601,L'église Saint-Polycarpe,paroisse française de Smyrne,Rinaldo Marmara,,,Fine arts,Church architecture; Church history,"[Tükelmat,]",record,2019,İzmir,fre,207,,,,,,,NA5871.S58 M37 2019,1193212999,https://openlibrary.org/works/OL32017756W,,,openlibrary
9789758243977,Duplicate ISBN,n/a,"Duplicate of ISBN 9789758243976: same first 12 digits, this copy has a wrong check digit",,9758243977,PAZARLAMA - TANITIM HALKLA LKLER,,zeyir Garih,,,,,HAYAT YAYINLARI,record,2013,,tr,,,,"US, 2013",,,,,,,,,goodreads
9789758274825,Duplicate ISBN,n/a,"Duplicate of ISBN 9789758274826: same first 12 digits, this copy has a wrong check digit",,9758274821,Kierkegaard'ta Benlik ve Varolu,,Vefa Tadelen,,,,,Hece Yaynlar,record,2004,,tr,,,,"PS, 2004",,''nekleri karsnda ben olan inek oban olduka alt dzeyde bir bendir. Kleleri karsnda ben olan efendi bir ben deildir. Her iki durumda da bir lt yoktur. Yalnz anne ve babasnn ltne gre yetien ve benliini kazanan ocuun bydnde lt devlet olacaktr. Fakat kendi lt olarak Tanr'y kazanmas ben'i nasl da sonsuzlatracaktr!'',,,,,,,goodreads
9789758295152,Duplicate ISBN,n/a,"Duplicate of ISBN 9789758295159: same first 12 digits, this copy has a wrong check digit",,9758295152,Estetik,,Afşar Timuçin,,,,,Bulut Yayınları,record,2013,,tr,,,,"1, 2013",,,,,,,,,nexusstc
9789758379623,Duplicate ISBN,n/a,"Duplicate of ISBN 9789758379620: same first 12 digits, this copy has a wrong check digit",,9758379623,Hey gâvur! Anlatsana--,,Can Nuroğlu,,,"Philosophy, psychology & religion",Islam; Relations; Christianity; Christianity and other religions; Interfaith relations,Gerçeğe Doğru Kitapları,record,2010,"Topkapı, İstanbul",tur,80,,GDK -- yayın no: 44; Gerçeğe Doğru kitapları -- yayın no. 44,6. baskı.,,,,BP172 .N875 2010,973793910,https://openlibrary.org/works/OL32355774W,,,openlibrary
9789758384147,Duplicate ISBN,n/a,"Duplicate of ISBN 9789758384143: same first 12 digits, this copy has a wrong check digit",,9758384147,Elazıǧ ili aǧızları,,Ahmet Buran,,,Language & literature,Turkish language; Dialects; Texts; Turkish Folk literature; Phonology,Elazıǧ Valiliǧi,record,2003,Elazıǧ,tur,2012,,,,,,,PL198.E43 B87 2003,1080306610,https://openlibrary.org/works/OL44358131W,,,openlibrary
9789758432100,Duplicate ISBN,n/a,"Duplicate of ISBN 9789758432103: same first 12 digits, this copy has a wrong check digit",,9758432109,Alay denen zulüm,,Hârun Yahya,,,,Islam; Doctrines; Evolution (Biology); Religious aspects; Evolution,Vural Yayıncılık,record,1999,İstanbul,tur,99,,,1. baskı.,,,,,905304298,https://openlibrary.org/works/OL41926992W,,,openlibrary
9789758441787,Duplicate ISBN,n/a,"Duplicate of ISBN 9789758441785: same first 12 digits, this copy has a wrong check digit",,9758441787,Postane,,Charles Bukowski,avi pardo,,,,Parantez,record,2011,"Istanbul, Turkey",tur,166,Paperback,,,,,,,,https://openlibrary.org/works/OL16046338W,,,openlibrary
9789758457179,Duplicate ISBN,n/a,"Duplicate of ISBN 9789758457175: same first 12 digits, this copy has a wrong check digit",,9758457179,Antik Dnya ve Geleneksel Toplumlarda Dinler ve Mitolojiler Szl,,Yves Bonnefoy; Levent Ylmaz; Various,,,,,Dost Kitabevi Yaynlar,record,2000,,tr,,,,"PS, 2000",,"Yves Bonnefoy ynetiminde hazrlanan bu grkemli yapt, yl sren zorlu ve titiz bir almadan sonra Dost Kitabevi Yaynlar tarafndan Trkeye kazandrld. Yunan ve Roma merkezli bir bak asnn ksrln krmay amalayan okkltrl bir mitoloji evreni Konusunda yetkin, dnyaca tannm bilimadam ve aratrmaclardan oluan 99 yazar. Uzun ve zahmetli bir sre boyunca kitabn Trkeye aktarlmas iin alan 36 evirmen. Dnyann drt bir kesindeki toplum, kavim, kabile, dini cemaat ve etnik gruplarn gndelik yaamlar, siyasal ve ynetsel dizgeleri, dinsel inan ve ibadet kurallar, tecimsel yaplar, ayin, ritel, adak ve kurban trenlerini gzler nne seren 455 madde.",,,,,,,goodreads
9789758578294,Duplicate ISBN,n/a,"Duplicate of ISBN 9789758578290: same first 12 digits, this copy has a wrong check digit",,9758578294,Sz Ilda,,Ali olak,,,,,ZAMAN KTAP,record,2003,,tr,,,,"PS, 2003",,"Canmn can, edebiyatn 'nariei' denemeyi bin trl adla anarm da ona en ok 'sz lda' demeyi tercih ederim ben. Nereden bakarsanz bakn, 'ldak' hem armlaryla hem de o nesnenin grd ilevle iimin snd bir kelime. Denemeye de smarlama bir elbise gibi tastaman oturuyor. Hem onun kpr kprln, cazibesini, insanda brakt lensi tad veriyor bu yaktrma, hem de kurcalayc, zihin ac, aydnlatc ynne uygun dyor. Deneme, Salah Birsel'in dedii gibi bir 'elen-gr-iit' abasdr. 'Deneme yazar' adn hak etmi btn ustalarn pusulasdr bu szck. Onlarn yaz serveni, bandan sonuna bir 'grme, iitme' yolculuu ve elenceli bir gezintidir.",,,,,,,goodreads
9789758578855,Duplicate ISBN,n/a,"Duplicate of ISBN 9789758578856: same first 12 digits, this copy has a wrong check digit",,9758578855,'Hatırla!' geçmişin geleceğindir,,Alev Alatlı,,Interviews,World history,"Alatlı, Alev -- Interviews; Turkey -- Politics and government -- 20th century; Politics and government; Interviews",Zaman Kitap,record,2007,"Yenibosna, İstanbul",tur,184,,Düşünce -- 8,1. basım.,,,,DR603 .A438 2007; DR603 .A43 2007,213303233,https://openlibrary.org/works/OL18567735W,,,openlibrary
9789758648977,Duplicate ISBN,n/a,"Duplicate of ISBN 9789758648979: same first 12 digits, this copy has a wrong check digit",,9758648977,Toplu oyunları,,Kemal Kocatürk,,,Language & literature,,Mitos Boyut,record,2005,"Taksim, İstanbul",tur,,,"Oyun dizisi -- 202, 409",1. basım.,,,,PL248.K595 A15 2005,761891222,https://openlibrary.org/works/OL32794698W,,,openlibrary
9789758717219,Duplicate ISBN,n/a,"Duplicate of ISBN 9789758717217: same first 12 digits, this copy has a wrong check digit",,9758717219,Türkiye’de Devlet Geleneği,,Metin Heper,,,,,Doğu Batı,record,,,tr,,,,,,,,,,,,,nexusstc
9789758759574,Duplicate ISBN,n/a,"Duplicate of ISBN 9789758759576: same first 12 digits, this copy has a wrong check digit",,9758759574,"""Ortanın Solu'nun ulusal ülkücüleri""",Sosyal Demokrasi Dernekleri Federasyonu'nun öyküsü,Serhat Hürkan,,,Education,Sosyal Demokrasi Dernekleri Federasyonu (Turkey); Cumhuriyet Halk Partisi (Turkey); College students -- Political activity -- Turkey -- History; Youth -- Turkey -- Political activity -- History; Turkey -- Politics and government -- 1960-1980; Political activity; History; Politics and government; College students; Youth,Sinemis,record,2007,"Kocatepe, Ankara",tur,194,,Araştırma inceleme -- 6,1. baskı.,,,,LA948.7 .H87 2007,171024928,https://openlibrary.org/works/OL15104344W,,,openlibrary
9789758805685,Duplicate ISBN,n/a,"Duplicate of ISBN 9789758805686: same first 12 digits, this copy has a wrong check digit",,9758805681,İstiklal mahkemeleri,,Abdülhakim Koçin,,,Law,Military courts; History; Courts-martial and courts of inquiry; Revolution (Turkey : 1918-1923) fast (OCoLC)fst01354585,TBMM Kütüphane ve Arşiv Hizmetleri Başkanlığı Yayınları,record,2015,"Bakanlıklar, Ankara",tur; ota,,,TBMM Kütüphane ve Arşiv Hizmetleri Başkanlığı Yayınları -- no: 1,,,,,KKX3770 .I78 2015,992721596; 1048659723,https://openlibrary.org/works/OL32631070W,,,openlibrary
9789758951618,Duplicate ISBN,n/a,"Duplicate of ISBN 9789758951611: same first 12 digits, this copy has a wrong check digit",,9758951610,Prof. Dr. Eyyub Eyyubov,Biyografi-bibliografya,Elchin Isġăndărzadă,,,Language & literature,Bibliography; College Teachers; Biography; Azerbaijani Authors,Türk Dünyası Araştırmaları,record,2010,Ankara,tur,304,,,,,,,PL314.A867 P76 2010,,https://openlibrary.org/works/OL16320462W,,,openlibrary
9789758996751,Duplicate ISBN,n/a,"Duplicate of ISBN 9789758996759: same first 12 digits, this copy has a wrong check digit",,9758996754,Saklı rönesans,Türkiye sol edebiyat hareketleri için bir hat,M. Bülent Kılıç,,,Language & literature,Turkish literature; History and criticism; Right and left (Political science) in literature; Turkish Authors; Political and social views,Kül sanat,record,2007,"Kızılay, Ankara",tur,144,,"Araştırma, inceleme -- 1",,,,,PL207 .K55 2007; PL207 .K56 2007,540649167,https://openlibrary.org/works/OL24124996W,,,openlibrary
9789758996762,Duplicate ISBN,n/a,"Duplicate of ISBN 9789758996766: same first 12 digits, this copy has a wrong check digit",,9758996762,El yazılarıyla yazarların Ankara'sı,anılar ve anılar--,Murat Özsoy,,,,Cities in literature; In literature; Turkish Poets; Biography; Turkish Authors,Kül Sanat Yayıncılık,record,2007,"Kızılay, Ankara",tur,144,,Genel dizi -- 76; Anı -- 1,1. baskı.,,,,,236055031,https://openlibrary.org/works/OL35612788W,,,openlibrary
9789759169037,Duplicate ISBN,n/a,"Duplicate of ISBN 9789759169039: same first 12 digits, this copy has a wrong check digit",,9759169037,Ak iirleri,,Bertolt Brecht,,,,,Krmz Yaynlar,record,2006,,de,,,,"PS, 2006",,,,,,,,,goodreads
9789759173336,Duplicate ISBN,n/a,"Duplicate of ISBN 9789759173333: same first 12 digits, this copy has a wrong check digit",,9759173336,Dönemler ve problemler aynasında Türk edebiyatı,,Kâzım Yetiş,,,Language & literature,Turkish literature -- History and criticism; Turkish literature; History and criticism,Kitabevi,record,2007,"Cağ̆aloğlu, İstanbul",tur,543,,,,,,,PL216 .Y475 2007; PL216 .Y485 2007,153191158,https://openlibrary.org/works/OL13778005W,,,openlibrary
9789759173360,Duplicate ISBN,n/a,"Duplicate of ISBN 9789759173364: same first 12 digits, this copy has a wrong check digit",,9759173360,Şeyh-i San'ân mesnevisi,,Hasan Ziyâ'î,,,Language & literature,"Hasan Ziyâ'î, -- d. 1584 -- Criticism and interpretation; Poets, Turkish -- Bosnia and Hercegovina; Turkish poetry -- Bosnia and Hercegovina; Turkish Poets; Criticism and interpretation; Turkish poetry",Kitabevi,record,2007,"Cağaloğlu, İstanbul",tur,231,,,,,,,PL248.H265 S49 2007; PL248.H269 A6 2007,244223297,https://openlibrary.org/works/OL18673109W,,,openlibrary
9789759173379,Duplicate ISBN,n/a,"Duplicate of ISBN 9789759173371: same first 12 digits, this copy has a wrong check digit",,9759173379,6/7 Eylül olayları davası,,Emine Gürsoy-Naskali,,Sources,Law,"Menderes, Adnan -- Trials, litigation, etc; Bayar, Celâl, -- 1883-1986 -- Trials, litigation, etc; Zorlu, Fatin Rüştü, -- 1910-1961 -- Trials, litigation, etc; Demokrat Parti (Turkey); Anti-Greek Riots, Istanbul, Turkey, 1955 -- History -- Sources; Trials (Political crimes and offenses) -- Turkey -- Yassi Island; Political corruption -- Turkey -- Sources; Turkey -- Politics and government -- 1918-1960; Politics and government; Sources; Anti-Greek Riots, Istanbul, Turkey, 1955; Trials, litigation; Trials (Political crimes and offenses); Political corruption; History",Kitabevi,record,2007,"Cağaloğlu, İstanbul",tur,735,,Yassıada zabıtları -- 2,,,,,KKX40.P64 A13 2007,174565370,https://openlibrary.org/works/OL18649505W,,,openlibrary
9789759173409,Duplicate ISBN,n/a,"Duplicate of ISBN 9789759173401: same first 12 digits, this copy has a wrong check digit",,9759173409,Geçmişten günümüze Görele,,Ali Bilir,,,,History; Social life and customs; Social conditions,Kitabevi,record,2007,"Cağaloğlu, İstanbul",tur,423,,,2. baskı.,,,,,214314558,https://openlibrary.org/works/OL35597471W,,,openlibrary
9789759173433,Duplicate ISBN,n/a,"Duplicate of ISBN 9789759173432: same first 12 digits, this copy has a wrong check digit",,9759173433,Büyük Selçuklular imparatorluğu'da Oğuz isyanı,,Ergin Ayan,,,World history,Seljuks -- History; Oghuz (Turkic people) -- History; Seljuks; Oghuz (Turkic people); History,Kitabevi; Kitabevi Yayinlari,record,2007,"Cağaloğlu, İstanbul",tur,256,,,,,,,DS27 .A93 2007,191746716; 228366316,https://openlibrary.org/works/OL13847137W,,,openlibrary
9789759173441,Duplicate ISBN,n/a,"Duplicate of ISBN 9789759173449: same first 12 digits, this copy has a wrong check digit",,9759173441,Yağmur duası kitabı,,M. Sabri Koz,,,"Geography, anthropology & recreation",Prayers for rain -- Turkey; Rain-making rites -- Turkey; Rites and ceremonies -- Turkey; Folklore -- Turkey; Turkic peoples -- Folklore; Turkey -- Social life and customs; Social life and customs; Rain-making rites; Turkic peoples; Folklore; Prayers for rain; Rites and ceremonies,Kitabevi,record,2007,"Cağaloğlu, İstanbul",tur,678,,,,,,,GR280 .Y34 2007,223478903,https://openlibrary.org/works/OL18815183W,,,openlibrary
9789759173506,Duplicate ISBN,n/a,"Duplicate of ISBN 9789759173500: same first 12 digits, this copy has a wrong check digit",,9759173506,Şair ve romancı Nabizâde Nazım,,Himmet Uç,,,Language & literature,"Nâbizâde Nâzım, -- 1862-1893 -- Criticism and interpretation; Criticism and interpretation",Kitabevi,record,2007,"Cağaloğlu, İstanbul",tur,204,,Monografi dizisi,,,,,PL248.N34 Z92 2007; PL248.N19 Z93 2007,234087419,https://openlibrary.org/works/OL15029586W,,,openlibrary
9789759173530,Duplicate ISBN,n/a,"Duplicate of ISBN 9789759173531: same first 12 digits, this copy has a wrong check digit",,9759173530,Bilim sosyolojisi,bilim tarihi ve yöntem : Salih Özbaran ve Zeki Arıkan'a saygı,Ertan Eğribel; Ufuk Özcan,,,Science,Science; Sociology; Social aspects,Kitabevi,record,2007,"Cağaloğlu, İstanbul",tur,905,,Sosyoloji yıllığı -- 16,,,,,Q175.52.T9 B55 2007; Q175.52.T9 S35 2007; Q175.52.T8 S35 2007,245178887,https://openlibrary.org/works/OL24125125W,,,openlibrary
9789759173549,Duplicate ISBN,n/a,"Duplicate of ISBN 9789759173548: same first 12 digits, this copy has a wrong check digit",,9759173549,Türk çarşısı,Şark'ta ticaretin püf noktaları,Georg Mayer,,,Social sciences,Marketplaces; Businessmen; Biography; Bazaars (Markets),Kitabevi,record,2008,"Cağaloğlu, İstanbul",tur,94,,,,,,,HC491.5.M39 A318 2008,234217073,https://openlibrary.org/works/OL16120751W,,,openlibrary
9789759173646,Duplicate ISBN,n/a,"Duplicate of ISBN 9789759173647: same first 12 digits, this copy has a wrong check digit",,9759173646,1934 Trakya olayları / Rıfat N. Bali,,Rıfat N. Bali,,,World history,Jews; History; Ethnic relations,Kitabevi,record,2008,"Cağaloğlu, İstanbul",tur,526,,,,,,,DS135.T8 B336 2008; DS135.T8 B3545 2008,252238581,https://openlibrary.org/works/OL24118641W,,,openlibrary
9789759221498,Duplicate ISBN,n/a,"Duplicate of ISBN 9789759221492: same first 12 digits, this copy has a wrong check digit",,9759221497,Vergi uygulamasında torba kanunlar,,Cem Barlas Arslan,,,Law,Taxation; Law and legislation; Taxing power; Constitutional law,Siyasal Kitabevi,record,2017,"Kızılay, Ankara",tur,128,,,,,,,KKX3551 .A977 2017,1203912504,https://openlibrary.org/works/OL44995947W,,,openlibrary
9789759343518,Duplicate ISBN,n/a,"Duplicate of ISBN 9789759343514: same first 12 digits, this copy has a wrong check digit",,9759343517,Fotoğraflarla geçmişte Amasya,,Menç Hüseyin,,,,,Amasya Belediyesi,record,2010,Amasya,tur,288,,,"Amasya, Turkey, 2010",,,,,,https://openlibrary.org/works/OL39542003W,,,openlibrary; openlibrary
9789759451401,Duplicate ISBN,n/a,"Duplicate of ISBN 9789759451400: same first 12 digits, this copy has a wrong check digit",,9759451409,Çankırı tarih & eko turizm,,Bahattin Ayhan,,,World history,History; Description and travel; Ecotourism; Travel,Bahattin Ayhan,record,2015,Ankara,tur,158,,Araştırma-İnceleme; Araştırma-inceleme,,,,,DS51.C32 A937 2015,986407199,https://openlibrary.org/works/OL32656126W,,,openlibrary
9789759542820,Duplicate ISBN,n/a,"Duplicate of ISBN 9789759542825: same first 12 digits, this copy has a wrong check digit",,975954282X,Terekemeler (Karapapak Türkleri),tarih - yaşam - halk kültürü - tasavvuf : araştırma - inceleme : el kitabı,Selahattin Dündar,,,World history,Karapapaks (Turkic people),Dündar Eğitim Yayınları,record,2004,Ankara,tur,462,,,3. baskı.,,,,DS27.54 .D86 2004,978355068,https://openlibrary.org/works/OL32745310W,,,openlibrary
9789759758105,Duplicate ISBN,n/a,"Duplicate of ISBN 9789759758103: same first 12 digits, this copy has a wrong check digit",,9759758105,Baku'den Anadoluya yanısayan ışık,"Halvetî Pîr Seyyid Yahyâ Şirvânî, hayatı ve eserleri",Celaleddin Yahya eş-Şirvani,,,"Philosophy, psychology & religion",Turkish Poets; Biography; Khalwatīyah; Turkish Sufi poetry,Hasan Almaz; H. Almaz,record,2007,Ankara,tur,342,,,2. ve gözden geçirilmiş baskı.,,,,BP187.9.K44 C45 2007; PL235 .A45 2007,424630477,https://openlibrary.org/works/OL24125098W,,,openlibrary
9789759829224,Duplicate ISBN,n/a,"Duplicate of ISBN 9789759829223: same first 12 digits, this copy has a wrong check digit",,9759829223,Türk markaları,her ülke markaları kadar zengindir,Nükhet Vardar,,,Technology,Trademarks; Commercial art; Advertising; Business names,Reklamcılık Vakfı Yayınları,record,2007,"Beyoğlu, İstanbul",tur,,,,1. baskı.,,,,T311.V2 V368 2007; T311.V2 V373 2007,642878249,https://openlibrary.org/works/OL23336494W,,,openlibrary
9789759960265,Duplicate ISBN,n/a,"Duplicate of ISBN 9789759960261: same first 12 digits, this copy has a wrong check digit",,9759960265,Maluplarla Beraber: Bir Fransz Gazetecinin Balkan Harbi zlenimleri,,Georges Rmond,,,,,Profil Yayincilik,isbn_prefix,2018,,tr,,,,"PS, 2018",,"""Camilerin o esiz manzaralarn seyrederken baz glgeleri grr gibi oluyordum: Can ekimekte olan Trk askeri ve Asya'ya kovulan muhcirlerdi bunlar. Bat lkelerinden ele geirdikleri yerleri mdafaa etmiler, imdi kaybetmiler, eski yerlerine dnyorlard."" nl Fransz sava muhabiri Georges Remond bu eserinde I.Balkan Sava esnasnda 1912 Ekim'inden 1913 Mays'na kadar geen srede Krklareli, Lleburgaz, Vize ve atalca'da Bulgarlarla yaplan savalarda grdklerini, duyduklarn, hissettiklerini yazmaktadr. Yazarn olaylar bizzat yaamas ya da yaayan canl tanklardan direkt olarak aktarmas bakmndan tarihi deere sahip, yararl bir kitaptr. Ancak bu yllarda yaanan ktlk, bulac hastalk salgnlar, siyasi alkantlar ve pe pee yaplan darbelere bir de ar sava artlar eklendiinde, ortaya zc, mitsizlie sevk edici ac tablolar kmaktadr. lk kez yabanc bir muhabirin gznden Balkan Sava'yla ilgili birebir yaadklarn okuyacak ve okuduka o vahim gnleri siz de yaayacaksnz.",,,,,,,goodreads
9789764615555,Duplicate ISBN,n/a,"Duplicate of ISBN 9789764615552: same first 12 digits, this copy has a wrong check digit",,9764615554,Osmanlı hanedan defterleri 1909-1922,,A. Melek Özyetgin,,,World history,Sultans; Sources; History; Princes; Kings and rulers,Yıldız Teknik Üniversitesi Sultan II. Abdülhamid Uygulama ve Araştırma Merkezi,record,2018,İstanbul,tur,263,,,,,,,DR438.1 .O85 2018,1112077133,https://openlibrary.org/works/OL32494959W,,,openlibrary
9789944021903,Duplicate ISBN,n/a,"Duplicate of ISBN 9789944021906: same first 12 digits, this copy has a wrong check digit",,9944021903,Demokrat Parti döneminde TBMM'nde laiklik tartışmaları,,Sevgi Kocaçimen,,,"Philosophy, psychology & religion",Politics and government; Religion and state; Islam and politics; Demokrat Parti (Turkey); Secularism; Laicism,Yeniden Anadolu ve Rumeli Müdafaa-i Hukuk Yayınları,record,2008,"Konyaaltı, Antalya [Turkey]",tur,242,,,1. basım.,,,,BP173.7 .K682 2008; BP173.7 .K622 2008,232649852,https://openlibrary.org/works/OL16587947W,,,openlibrary
9789944108727,Duplicate ISBN,n/a,"Duplicate of ISBN 9789944108720: same first 12 digits, this copy has a wrong check digit",,9944108723,Rondikên hêviyên wenda,,Fêrgîn Melîk Aykoç,,,Music,,Weşanên Do,record,2009,"Taksim, İstanbul",kur,247,,,Çapa 1.,,Stories.,,MLCSN 2009/01965 (P); PK6908.9.A95 R66 2009,664848556,https://openlibrary.org/works/OL15417468W,,,openlibrary
9789944108853,Duplicate ISBN,n/a,"Duplicate of ISBN 9789944108850: same first 12 digits, this copy has a wrong check digit",,9944108855,Siya dema borî,,Fêrgîn Melîk Aykoç,,,Music,,Weşanên Do,record,2009,"Taksim, İstanbul",kur,223,,,Çapa 1.,,Novel.,,MLCSN 2009/01962 (P); PK6908.9.A95 S59 2009,664848553,https://openlibrary.org/works/OL15417467W,,,openlibrary
9789944116440,Duplicate ISBN,n/a,"Duplicate of ISBN 9789944116442: same first 12 digits, this copy has a wrong check digit",,9944116440,Selçuklular zamanında Konya'da dinî ve fikrî hareketler,,Mikâil Bayram,,,World history,Seljuks -- Religion; Turkic people -- Religion; Konya ili (Turkey) -- Religious life and customs; Religious life and customs; Religion; Seljuks; Konya ili (Turkey); Turkic people; Intellectual life; Islam; Islam and civil society; History; Social life and customs; Social aspects,NKM; Nüve Kültür Merkezi,record,2008,"Cağaloğlu, İstanbul",tur,160,,"Nüve Kültür Merkezi yayınları -- 58. İnceleme, araştırma dizisi ; -- 38; Bütün eserleri -- 1",1. baskı.,,Religious and intellectual movements in Konya (Turkey); Seljuks; history.,,DS51.K5 B39 2008; BP63.T92 K662 2008,437806762,https://openlibrary.org/works/OL18646116W,,,openlibrary
9789944122025,Duplicate ISBN,n/a,"Duplicate of ISBN 9789944122023: same first 12 digits, this copy has a wrong check digit",,9944122025,"Tarlalardan ocaklara, sefaletten mücadeleye","Zonguldak-Ereğli Kömür Havzası işçileri, 1848-1922",E. Attila Aytekin,,,Social sciences,Coal mines and mining -- Turkey -- Zonguldak -- History; Coal miners -- Turkey -- Zonguldak; Wages -- Coal miners -- Turkey -- Zonguldak -- History; Coal mine accidents -- Turkey -- Zonguldak -- History; History; Coal miners; Wages; Coal mines and mining; Coal mine accidents; Economic conditions,Yordam Kitap,record,2007,"Cağaloğlu, İstanbul",tur,96,,Kuram/emek tarihi,1. basım.,,,,HD8039.M62 T918 2007,165066312,https://openlibrary.org/works/OL15104321W,,,openlibrary
9789944122343,Duplicate ISBN,n/a,"Duplicate of ISBN 9789944122344: same first 12 digits, this copy has a wrong check digit",,9944122343,2008 kavşağında Türkiye,"siyaset, iktisat ve toplum",Bağımsız Sosyal Bilimciler (Organization),,,Social sciences,Economic conditions; Politics and government,Yordam Kitap,record,2008,"Cağaloğlu, İstanbul",tur,335,,Kuram/güncel,1. basım.,,,,HC492 .A116 2008; HC492 .I35 2008; HC492 I35 2008,276331108,https://openlibrary.org/works/OL24123623W,,,openlibrary
9789944143183,Duplicate ISBN,n/a,"Duplicate of ISBN 9789944143189: same first 12 digits, this copy has a wrong check digit",,9944143189,Dağın ardındaki gerçekler,"PKK, korucular, JITEM, itirafçılar ve ""diğerleri""",Bedran Akdağ,,,World history,Kurds; Politics and government; Partiya Karkerên Kurdistanê; Jandarma İstihbarat ve Terörle Mücadele Teşkilatı,Ozan Yayıncılık,record,2012,"Cağaloğlu, İstanbul",tur,224,,,,,,,DR435.K87 A4345 2012; DR435.K87 A532 2012,830511199,https://openlibrary.org/works/OL23194124W,,,openlibrary
9789944145456,Duplicate ISBN,n/a,"Duplicate of ISBN 9789944145459: same first 12 digits, this copy has a wrong check digit",,9944145459,Bāʼiʻ al-ṭīn,riwāyah,Fāyiz Ashtar,,,Music,,[publisher not identified],record,2011,[Casablanca],ara,76,,Silsilat al-Ḍiffah al-ukhrá,al-Ṭabʻah al-ūlá,,Novel.,,MLCSN 2012/00404 (P),,https://openlibrary.org/works/OL23225118W,,,openlibrary
9789944147079,Duplicate ISBN,n/a,"Duplicate of ISBN 9789944147071: same first 12 digits, this copy has a wrong check digit",,9944147079,Örs ve çekiç,"Akbabanın üç günü, 28-30 Nisan 2007","editör, Olric Türkis",,,World history,Politics and government; Political culture,Paradigma,record,2007,İstanbul,tur,166,,Politika serisi -- 3,1. basım.,,Turkey; politics and government; essays.,,DR593 .O78 2007,298692324,https://openlibrary.org/works/OL18749496W,,,openlibrary
9789944156700,Duplicate ISBN,n/a,"Duplicate of ISBN 9789944156707: same first 12 digits, this copy has a wrong check digit",,9944156701,Atatürk'ün doğu-güneydoğu politikası ve GAP,,Ramazan Topdemir,,,World history,Political and social views; Politics and government; Güneydoğu Anadolu Projesi (Turkey),R. Topdemir,record,2008,[Turkey],tur,128,,,,,,,DS51.E27 T663 2008,475538428,https://openlibrary.org/works/OL33045858W,,,openlibrary
9789944162070,Duplicate ISBN,n/a,"Duplicate of ISBN 9789944162074: same first 12 digits, this copy has a wrong check digit",,9944162078,Kur'an ve tefsir kültürümüz,,Mustafa Öztürk,,,,"Commentaries; Criticism, interpretation; Qurʼan",Ankara Okulu Yayınları,record,2008,Ankara,tur,238,,,,,,,,975161608,https://openlibrary.org/works/OL37001702W,,,openlibrary
9789944205525,Duplicate ISBN,n/a,"Duplicate of ISBN 9789944205528: same first 12 digits, this copy has a wrong check digit",,9944205524,BEN PARAYA TAP(M)IYORUM,"Deep analysis of the ""money"" which the author sees as the last god of the last century",Mirkan Baran,,,,,Sokak kitapları yayınevi,record,2011,"Istanbul, TURKEY",tur,110,Paperback,,,,,,,,https://openlibrary.org/works/OL16070076W,,,openlibrary
9789944227978,Duplicate ISBN,n/a,"Duplicate of ISBN 9789944227971: same first 12 digits, this copy has a wrong check digit",,9944227978,Toqa lanetê,,Aram Gernas,,,Music,,Doz Yayıncılık,record,2007,"Taksim, İstanbul",kur,144,,Roman,Çapa 1.,,Novel.,,MLCSN 2008/02212 (P); PK6908.9.G36 T67 2007,191730568,https://openlibrary.org/works/OL11886600W,,,openlibrary
9789944264292,Duplicate ISBN,n/a,"Duplicate of ISBN 9789944264297: same first 12 digits, this copy has a wrong check digit",,9944264296,Manastır'ın ortasında var bir havuz--,kartpostallarla bir Osmanlı şehrinin hikâyesi,Lale Gökman,,,World history,Turks; History; Pictorial works; Postcards; Ethnic relations; Turkish Architecture,"Kaptan Yayıncılık, Denizler Kitabevi; TSKB Türkiye Sinai Kalkınma Bankası",record,2011,"Beyoğlu, İstanbul",tur,180,,,,,,,DR2275.B58 G645 2011,733094893,https://openlibrary.org/works/OL23233891W,,,openlibrary
9789944271001,Duplicate ISBN,n/a,"Duplicate of ISBN 9789944271004: same first 12 digits, this copy has a wrong check digit",,9944271004,Eğitimin AKP'si,kurnazlığın aklı teslim aldığı dönem,Ünal Özmen,,,Education,AK Parti (Turkey); Education; Education and state; Political aspects,Sebil,record,2007,"Kızılay, Ankara",tur,159,,Araştırma-inceleme serisi -- 1,1. baskı.,,Education system; Turkey; politics and government; Justice and Development Party.,,LA942.7 .O96 2007,209573216,https://openlibrary.org/works/OL11824629W,,,openlibrary
9789944313943,Duplicate ISBN,n/a,"Duplicate of ISBN 9789944313940: same first 12 digits, this copy has a wrong check digit",,9944313947,Türkiye'de Protestanlık ve Protestan kiliseleri,,Mustafa Numan Malkoç,,,"Philosophy, psychology & religion",Protestant churches; Protestantism,Yalın Yayıncılık,record,2011,"Beyazıt, İstanbul",tur,322,,,1. basım.,,,,BX4853 .M355 2011; BX4853 .M34 2011,759992187,https://openlibrary.org/works/OL23238922W,,,openlibrary
9789944337214,Duplicate ISBN,n/a,"Duplicate of ISBN 9789944337212: same first 12 digits, this copy has a wrong check digit",,9944337218,Amerika'daki imam,,Ergün Poyraz,,,World history,Politics and government; Islam and state; Turks; Political activity,Togan,record,2009,"Cağaloğlu, İstanbul",tur,387,,,1. baskı.,,,,DR603 .P692 2009; DR603 .P69 2009,630165845,https://openlibrary.org/works/OL33032115W,,,openlibrary; nexusstc
9789944344095,Duplicate ISBN,n/a,"Duplicate of ISBN 9789944344098: same first 12 digits, this copy has a wrong check digit",,9944344095,Hititler,,İlker Koç; Çiğdem Atakuman,,,,Hittites; Antiquities; Social life and customs; Religion; Rites and ceremonies; Funeral customs and rites; Medicine,ODTÜ Yayıncılık,record,2006,Ankara,tur,136,,ODTÜ bilim ve toplum kitapları dizisi,,,,,,212400388,https://openlibrary.org/works/OL41879554W,,,openlibrary
9789944344109,Duplicate ISBN,n/a,"Duplicate of ISBN 9789944344104: same first 12 digits, this copy has a wrong check digit",,9944344109,Plastikler,,Senem Kralp; Gralp zko; Selahattin Erdoan; Pnar amurlu; Tuncay Baydemir; Mehmet Doan,,,,,Orta Dou Teknik niversitesi Toplum ve Bilim Merkezi,record,,,tr,,,,"1, PS",,,,,,,,,goodreads
9789944360902,Duplicate ISBN,n/a,"Duplicate of ISBN 9789944360906: same first 12 digits, this copy has a wrong check digit",,9944360902,Zêna,,Mezher Bozan,,,Music,,Nûbihar,record,2007,"Vezneciler, İstanbul",kur,176,,Rêza Kurdî -- 21,Çapa 1.,,Short stories.,,MLCSN 2007/01654 (P); PK6908.9.B685 Z37 2007,174910919,https://openlibrary.org/works/OL5983759W,,,openlibrary
9789944392008,Duplicate ISBN,n/a,"Duplicate of ISBN 9789944392006: same first 12 digits, this copy has a wrong check digit",,9944392006,Annemin çocukları,"yaşanmış bir öykü, yaşanamamış bir hayat üzerine--",Kemal Akat,,,,,YFK,record,2010,İstanbul,tur,153,,,1. baskı.,,,,,698956120,https://openlibrary.org/works/OL33401060W,,,openlibrary
9789944400092,Duplicate ISBN,n/a,"Duplicate of ISBN 9789944400091: same first 12 digits, this copy has a wrong check digit",,9944400092,Doğu sorunu,,Doğu Ergil,,,World history,Politics and government; Regional disparities; Economic conditions; Ethnic relations; Kurds,Akademi Kültür Sanat Yayıncılık,record,2008,"Cağaloğlu, İstanbul",tur,286,,Araștırma -- 56,1. baskı.,,,,DR435.K87 E74 2008; DR435.K87 E73 2008,319536532,https://openlibrary.org/works/OL15485511W,,,openlibrary
9789944474166,Duplicate ISBN,n/a,"Duplicate of ISBN 9789944474160: same first 12 digits, this copy has a wrong check digit",,9944474169,Türkçe ikilemeler sözlüğü,tanıklı,Necmi Akyalçın,,,Language & literature,Reduplication; Dictionaries; Turkish language,Anı Yayıncılık,record,2007,Ankara,tur,694,,,,,,,PL195 .A56 2007,176894992,https://openlibrary.org/works/OL15482697W,,,openlibrary
9789944483141,Duplicate ISBN,n/a,"Duplicate of ISBN 9789944483148: same first 12 digits, this copy has a wrong check digit",,9944483141,Kilikya-Çukurova,"ilk çağlardan Osmanlılar Dönemi'ne kadar Kilikya'da tarihi coğrafya, tarih ve arkeoloji : Kizzuwatnalı kraliçe Puduhepa ve yerleşme alanları rehberi ekleriyle birlikte",Ahmet Ünal,,,World history,Hittites; Excavations (Archaeology); Antiquities; Hitiler; Eski eserler; Kazılar (Arkeoloji),Homer Kitabevi,record,2007,"Galatasaray, İstanbul",tur,628,,Arkeoloji ve Eskiçağ tarihi -- 55,1. basım.,,,,DS156.C5 U53 2007; DS156.C5 U52 2007,207155145,https://openlibrary.org/works/OL15622870W,,,openlibrary
9789944577200,Duplicate ISBN,n/a,"Duplicate of ISBN 9789944577205: same first 12 digits, this copy has a wrong check digit",,9944577200,Çekirge,bir ASALA romanı,Arslan Mengüç,,,Social sciences,Terrorism; Armenians; Terrorists; Hayastani Azatagrutʻyan Hay Gaghtni Banak,Arslan Mengüç,record,2006,"Mersin, Turkey",tur,359,,,,,,,HV6433.T92 H396 2006,1117273978,https://openlibrary.org/works/OL41850655W,,,openlibrary
9789944601518,Duplicate ISBN,n/a,"Duplicate of ISBN 9789944601511: same first 12 digits, this copy has a wrong check digit",,9944601519,Çin menşeli ürünlerin ithalatı karşısında yerli ürünlerin rekabet gücünün arttırılması araştırması,mobilya sektörü,İstanbul Ticaret Odası,,,Social sciences,Furniture industry and trade; International Competition; Dumping (International trade); Competition; Foreign trade regulation; Commercial policy; Commerce; Footwear industry; Handbag industry; Leather industry and trade; Clothing trade; Economic aspects; Glassware industry; Stationery trade; Household linens industry; Textile industry,İstanbul Ticaret Odası,record,2007,İstanbul,tur,92,,,,,,,HF1583.4.Z4 C4455 2007,670185023,https://openlibrary.org/works/OL33367810W,,,openlibrary
9789944714885,Duplicate ISBN,n/a,"Duplicate of ISBN 9789944714884: same first 12 digits, this copy has a wrong check digit",,9944714887,Sivil kabadayı ile kibar askerin hikâyesi,,Hamdi Yılmazer,,,World history,Politics and government; Civil-military relations; Political corruption; Political persecution; Islam and politics,Karakutu,record,2009,"Eminönü, İstanbul",tur,424,,Satırarası -- 50,1. baskı.,,,,DR603 .Y575 2009; DR603 .Y545 2009,613563173,https://openlibrary.org/works/OL22794178W,,,openlibrary
9789944761618,Duplicate ISBN,n/a,"Duplicate of ISBN 9789944761611: same first 12 digits, this copy has a wrong check digit",,9944761613,Eliyahu Ben Yosef Qılcı's Anthology of Crimean Karaim and Turkish literature,"critical edition with introduction, indexes and facsimile",Eliyahu ben Yosef Qılcı; Gülayhan Aqtay,,,Language & literature,Karaim language; Karaim Folk literature; Turkic Folk literature; Texts; Jewish folk literature,Yıldız Teknik Üniversitesi,record,2009,İstanbul,eng; tut,,,Yıldız dil ve edebiyat dizisi -- 8; Yıldız dil ve edebiyat -- 8,1. baskı.,,,,PL69.95.C75 E55 2009,697949651,https://openlibrary.org/works/OL23234116W,,,openlibrary
9789944884651,Duplicate ISBN,n/a,"Duplicate of ISBN 9789944884655: same first 12 digits, this copy has a wrong check digit",,9944884650,Devlet-i 'Aliyye,Osmanlı İmparatorluğu üzerine araştırmalar,Halil İnalcık,,,World history,Politics and government; Social conditions; Economic conditions; History; Economic history,Türkiye İş Bankası Kültür Yayınları,record,2009,"Beyoğlu, İstanbul",tur,,,Tarih; Halil İnalcık seçme eserleri -- 2,1. baskı,,,,DR486 .I47 2009,456104770,https://openlibrary.org/works/OL22794236W,,,openlibrary
9789944948121,Duplicate ISBN,n/a,"Duplicate of ISBN 9789944948128: same first 12 digits, this copy has a wrong check digit",,9944948128,Öğretmen Selami,,Enver Kemal Adak,,,Language & literature,Teachers; Fiction; Social conditions; Families,Lamia,record,2007,İstanbul,tur,144,,,1. baskı.,,,,PL248.A248 O37 2007,187986336,https://openlibrary.org/works/OL35586029W,,,openlibrary
9789944948256,Duplicate ISBN,n/a,"Duplicate of ISBN 9789944948258: same first 12 digits, this copy has a wrong check digit",,994494825X,Tefeci parası,,Enver Kemal Adak,,,,,Lamia,record,2009,İstanbul,tur,149,,,,,,,,463545400,https://openlibrary.org/works/OL27975330W,,,openlibrary
9789944976057,Duplicate ISBN,n/a,"Duplicate of ISBN 9789944976052: same first 12 digits, this copy has a wrong check digit",,9944976059,"Şer'iyye sicillerine göre Kayseri sancağı ve Girit seferi'ne katkısı, 1645-1669",,Hava Selçuk,,,,History; Economic conditions; Social conditions,Kayseri ve Yöresi Tarih Araştırmaları Merkezi,record,2008,Kayseri,tur,196,,Erciyes Üniversitesi yayını -- 168; Kayseri ve Yöresi Tarih Araştırmaları Merkezi yayınları -- no. 8; Erciyes Üniversitesi yayınları -- no. 168,,,,,,611565788,https://openlibrary.org/works/OL39579106W,,,openlibrary
9789944976058,Duplicate ISBN,n/a,"Duplicate of ISBN 9789944976052: same first 12 digits, this copy has a wrong check digit",,9944976059,Kadı sicillerine göre XVII. yüzyılın ikinci yarısında Kayseri para vakıfları,,Özen Tok,,,World history,Waqf; History; Endowments; Court records; Sources,"Erciyes Üniversitesi, Kayseri ve Yöresi Tarih Araştırmaları Merkezi",record,2008,Kayseri,tur; ota,279,,Erciyes Üniversitesi Yayını -- 169 -- Kayseri ve Yöresi Tarih Araştırmaları Merkezi Yayınları -- 9; Erciyes Üniversitesi yayınları -- 169; Kayseri ve Yöresi Tarih Araştırmaları Merkezi yayınları -- 9,,,,,DS51.K3 T65 2008,812453675,https://openlibrary.org/works/OL39579272W,,,openlibrary
9789963660037,Duplicate ISBN,n/a,"Duplicate of ISBN 9789963660032: same first 12 digits, this copy has a wrong check digit",,9963660037,Dnk ve Bugnk Lefkoa (Toplu Eserler #3),,Hamet Muzaffer Grkan; Remzi Halluma,,,,,Galeri Kltr Yaynlar,record,2006,,tr,,,,"PS, 2006",,,,,,,,,goodreads
9789974270038,Duplicate ISBN,n/a,"Duplicate of ISBN 9789974270039: same first 12 digits, this copy has a wrong check digit",,9974270030,Millî mücadele'de Kuşadası cephesi ve Mahmut Esat Bozkurt paneli,,Turkey) Millî mücadele'de Kuşadası cephesi ve Mahmut Esat Bozkurt Paneli (2006 Kuşadası,,,World history,Congresses; History; Politics and government; Foreign relations,Aydın İli ve İlçeleri Kütür ve Eğitim Derneği Baskanı; Aydın İli Kütür ve Eğitim Derneği,record,2006,Kuşadası,tur,125,,Millî mücadelede Aydın Cepheleri -- 4,1. baskı.,,,,DS51.K87 M55 2006; DS51.K87 M45 2006,229308638; 506482402,https://openlibrary.org/works/OL24113564W,,,openlibrary
9799752821088,Duplicate ISBN,n/a,"Duplicate of ISBN 9799752821087: same first 12 digits, this copy has a wrong check digit",,,Hasan Âli Yücel,,Güven Uluköse,,,Education,Rural Education; Biography; Educators,Kastaş Yayınevi,record,2008,"Cağaloğlu, İstanbul",tur,240,,Biyografi dizisi,1. baskı.,,,,LA2383.T92 Y838 2008; LB775.Y832 U58 2008,639067020,https://openlibrary.org/works/OL16614510W,,,openlibrary
9786050418347,"Harmful: self-harm, violence, illegal acts, extremist ideology",high,"Harmful: self-harm, violence, illegal acts, extremist ideology: Mein Kampf ('mein kampf' in title) | Harmful: self-harm, violence, illegal acts, extremist ideology: author: Adolf Hitler ('adolf hitler' in authors)",adolf hitler; mein kampf,6050418349,Mein Kampf,,Adolf Hitler,,,,,Adolf Hitler,record,2016,,en,,,,"Milano, 2016",,"IT HAS TURNED OUT FORTUNATE FOR ME TODAY THAT DESTINY APPOINTED BRAUNAU-on-the-Inn to be my birthplace. For that little town is situated just on the frontier between those two States the reunion of which seems, at least to us of the younger generation, a task to which we should devote our lives and in the pursuit of which every possible means should be employed. German-Austria must be restored to the great German Motherland. And not indeed on any grounds of economic calculation whatsoever. No, no. Even if the union were a matter of economic indifference, and even if it were to be disadvantageous from the economic standpoint, still it ought to take place. People of the same blood should be in the same Reich. The German people will have no right to engage in a colonial policy until they shall have brought all their children together in the one State. When the territory of the Reich embraces all the Germans and finds itself unable to assure them a livelihood, only then can the moral right arise, from the need of the people to acquire foreign territory. The plough is then the sword; and the tears of war will produce the daily bread for the generations to come",,,,,,,worldcat
9786051803975,"Harmful: self-harm, violence, illegal acts, extremist ideology",high,"Harmful: self-harm, violence, illegal acts, extremist ideology: author: Adolf Hitler ('adolf hitler' in authors)",adolf hitler,6051803971,Kavgam,,Adolf Hitler,,,,,Gece Kitapligi,record,2016,,tr,,Paperback,,2016,,,,,,,,,isbndb; isbndb
9786054977635,"Harmful: self-harm, violence, illegal acts, extremist ideology",high,"Harmful: self-harm, violence, illegal acts, extremist ideology: author: Adolf Hitler ('adolf hitler' in authors)",adolf hitler,6054977636,Kavgam,,"Yunus Karaaslan, A. Basad Kocaoglu, Korkut Ata Adolf Hitler",,,,,Ilgi Kultur Sanat Yayinlari,record,2016,,tr,712,Paperback,,,,,,,,,,,isbndb
9786056597305,"Harmful: self-harm, violence, illegal acts, extremist ideology",high,"Harmful: self-harm, violence, illegal acts, extremist ideology: author: Adolf Hitler ('adolf hitler' in authors)",adolf hitler,605659730X,Kavgam,,Adolf Hitler,,,,,Parga Yayincilik,record,2015,,tr,765,Paperback,,,,,,,,,,,isbndb
9786056632686,"Harmful: self-harm, violence, illegal acts, extremist ideology",high,"Harmful: self-harm, violence, illegal acts, extremist ideology: author: Adolf Hitler ('adolf hitler' in authors)",adolf hitler,6056632687,Nürnberg Konusmalari,,Adolf Hitler,,,,,Sub Yayinlari,record,2016,,,128,paperback,,,,,,,,https://openlibrary.org/works/OL26239256W,,,openlibrary
9786059241632,"Harmful: self-harm, violence, illegal acts, extremist ideology",high,"Harmful: self-harm, violence, illegal acts, extremist ideology: author: Adolf Hitler ('adolf hitler' in authors)",adolf hitler,6059241638,Hitler'in Ikinci Kitabi - 1928 Yilindan Bir Vesika,,Adolf Hitler,,,,,Bilge Kültür Sanat,record,2016,,tr,368,paperback,,"Oct 30, 2016",,,,,,https://openlibrary.org/works/OL26247476W,,,openlibrary; openlibrary
9786059258258,"Harmful: self-harm, violence, illegal acts, extremist ideology",high,"Harmful: self-harm, violence, illegal acts, extremist ideology: author: Adolf Hitler ('adolf hitler' in authors)",adolf hitler,6059258255,Kavgam,,Mumin Semerci Adolf Hitler,,,,,Ugur Tuna Yayinlari,record,2017,,tr,704,Paperback,,,,,,,,,,,isbndb
9786059285865,"Harmful: self-harm, violence, illegal acts, extremist ideology",high,"Harmful: self-harm, violence, illegal acts, extremist ideology: Mein Kampf ('mein kampf' in title) | Harmful: self-harm, violence, illegal acts, extremist ideology: author: Adolf Hitler ('adolf hitler' in authors) | Harmful: self-harm, violence, illegal acts, extremist ideology: Mein Kampf ('mein kampf' in description)",adolf hitler; mein kampf,6059285864,Mein Kampf,,Adolf Hitler; James Murphy,,,,,eKitap Projesi,record,2016,,en,,,,2016,,"THIS BOOK, prepared as in included ""Two volumes in ONE BOOK (Contains Vol. I & II) and Unabridged Translation"" by James Murphy. And This translation of the unexpurgated edition of ""MEIN KAMPF"" was first published on March 21st, 1939.. AUTHOR - ""ADOLF HITLER"" sought Lebensraum (""living space"") for the German people. His aggressive foreign policy is considered to be the primary cause of the outbreak of World War II in Europe. He directed large-scale rearmament and on 1 September 1939 invaded Poland, resulting in British and French declarations of war on Germany. In June 1941, Hitler ordered an invasion of the Soviet Union. By the end of 1941 German forces and the European Axis powers occupied most of Europe and North Africa. Failure to defeat the Soviets and the entry of the United States into the war forced Germany onto the defensive and it suffered a series of escalating defeats. In the final days of the war, during the Battle of Berlin in 1945, Hitler married his long-time lover, Eva Braun. On 30 April 1945, less than two days later, the two committed suicide to avoid capture by the Red Army, and their corpses were burned. Under Hitler's leadership and racially motivated ideology, the Nazi regime was responsible for the genocide of at least 5.5 million Jews and millions of other victims whom he and his followers deemed Untermenschen (""sub-humans"") and socially undesirable. Hitler and the Nazi regime were also responsible for the killing of an estimated 19.3 million civilians",,,,,,,libby
9786059288873,"Harmful: self-harm, violence, illegal acts, extremist ideology",high,"Harmful: self-harm, violence, illegal acts, extremist ideology: author: Adolf Hitler ('adolf hitler' in authors)",adolf hitler,6059288871,Kavgam,,Adolf Hitler,,,,,Yedİveren Yayinlari,record,,,tr,,,,,,"Dış Yaşam Bizim Modern Egzotizmimizin Boğucu Uyuşukluğuyla Beraber Her çeşit Tutucu Ve Erkekçe Olmaktan Uzak Riyakarlıktan Kurtarılmalıdır. Bütün Bu Hususlar Hakkında Amaç Ve Yol Milletimizin Bedensel Ve Ahlaki Sıhhatini Korumak Endişesini Taşımalıdır. Kişisel Hürriyete Tanınan Hak, Ulus Söz Konusu Olduğunda Geri çekilmelidir. Ancak Bu önlemler Alındıktan Sonra Bu Bulaşıcı Hastalığa Karşı Mücadelenin Başarısından ümit Duyulabilir. Fakat Bunda Da Yarım önlemler Değil, En Ağır Ve En Keskin önlemlere Başvurmak Gerekir.",,,,,,,isbndb
9786059317139,"Harmful: self-harm, violence, illegal acts, extremist ideology",high,"Harmful: self-harm, violence, illegal acts, extremist ideology: author: Adolf Hitler ('adolf hitler' in authors)",adolf hitler,6059317138,Kavgam,,Adolf Hitler,,,,,Yason Yayincilik,record,2016,,tr,646,Paperback,,,,,,,,,,,isbndb
9786059840392,"Harmful: self-harm, violence, illegal acts, extremist ideology",high,"Harmful: self-harm, violence, illegal acts, extremist ideology: author: Adolf Hitler ('adolf hitler' in authors)",adolf hitler,6059840396,Kavgam,,Adolf Hitler,,,,,Ren Kitap,isbn_prefix,2017,,tr,,,,,,,,,,,,,isbndb
9786257959414,"Harmful: self-harm, violence, illegal acts, extremist ideology",high,"Harmful: self-harm, violence, illegal acts, extremist ideology: Mein Kampf ('mein kampf' in title) | Harmful: self-harm, violence, illegal acts, extremist ideology: author: Adolf Hitler ('adolf hitler' in authors) | Harmful: self-harm, violence, illegal acts, extremist ideology: Mein Kampf ('mein kampf' in description)",adolf hitler; mein kampf,6257959411,Mein Kampf,,Adolf Hitler,,,,,E-Kitap Projesi & Cheapest Books,isbn_prefix,2019,,tr,720,,,,,"Mein Kampf Ist Eine Politisch-ideologische Programmschrift Adolf Hitlers. Das Buch Enthalt Hitlers Autobiografie, Ist In Der Hauptsache Aber Eine Zweckgerichtete Kampf- Und Propagandaschrift, Die Zum Neuaufbau Der Nsdap Als Zentral Gelenkter Partei Unter Hitlers Fuhrung Dienen Sollte.",,,,,,,isbndb
9786257959421,"Harmful: self-harm, violence, illegal acts, extremist ideology",high,"Harmful: self-harm, violence, illegal acts, extremist ideology: Mein Kampf ('mein kampf' in title) | Harmful: self-harm, violence, illegal acts, extremist ideology: author: Adolf Hitler ('adolf hitler' in authors) | Harmful: self-harm, violence, illegal acts, extremist ideology: Mein Kampf ('mein kampf' in description)",adolf hitler; mein kampf,625795942X,Mein Kampf,,Adolf Hitler,,,,,E-Kitap Projesi & Cheapest Books,isbn_prefix,2019,,tr,686,,,,,"This Illustrated Book, Prepared As In Included Two Volumes In One Book (contains Vol. I & Ii) And Unabridged Translation By James Murphy. And This Translation Of The Unexpurgated Edition Of Mein Kampf Was First Published On March 21st, 1939. Author - Adolf Hitler Sought Lebensraum (living Space) For The German People. His Aggressive Foreign Policy Is Considered To Be The Primary Cause Of The Outbreak Of World War Ii In Europe. He Directed Large-scale Rearmament And On 1 September 1939 Invaded Poland, Resulting In British And French Declarations Of War On Germany. In June 1941, Hitler Ordered An Invasion Of The Soviet Union. By The End Of 1941 German Forces And The European Axis Powers Occupied Most Of Europe And North Africa. Failure To Defeat The Soviets And The Entry Of The United States Into The War Forced Germany Onto The Defensive And It Suffered A Series Of Escalating Defeats. In The Final Days Of The War, During The Battle Of Berlin In 1945, Hitler Married His Long-time Lover, Eva Braun. On 30 April 1945, Less Than Two Days Later, The Two Committed Suicide To Avoid Capture By The Red Army, And Their Corpses Were Burned. Under Hitler's Leadership And Racially Motivated Ideology, The Nazi Regime Was Responsible For The Genocide Of At Least 5.5 Million Jews And Millions Of Other Victims Whom He And His Followers Deemed Untermenschen (sub-humans) And Socially Undesirable. Hitler And The Nazi Regime Were Also Responsible For The Killing Of An Estimated 19.3 Million Civilian",,,,,,,isbndb
9789754450286,"Harmful: self-harm, violence, illegal acts, extremist ideology",high,"Harmful: self-harm, violence, illegal acts, extremist ideology: Mein Kampf ('mein kampf' in title) | Harmful: self-harm, violence, illegal acts, extremist ideology: author: Adolf Hitler ('adolf hitler' in authors)",adolf hitler; mein kampf,9754450285,Kavgam,Mein Kampf,Adolf Hitler; Mine Toker,,,,Politics and government; Heads of state; Biography; Nationalsozialistische Deutsche Arbeiter-Partei,Toker Yayınları,record,2001,İstanbul,tur,728,,Toker genel dizi -- no. 73; Doğudan batıdan seçmeler dizisi -- no. 18,16. baskı.,ger,,,,62759709,https://openlibrary.org/works/OL42478306W,,,openlibrary; isbndb
9789756465974,"Harmful: self-harm, violence, illegal acts, extremist ideology",high,"Harmful: self-harm, violence, illegal acts, extremist ideology: author: Adolf Hitler ('adolf hitler' in authors) | Harmful: self-harm, violence, illegal acts, extremist ideology: Mein Kampf ('mein kampf' in description)",adolf hitler; mein kampf,9756465972,Kavgam,,Adolf Hitler; Mehmet Altun,,,,"Politics and government; Heads of state; Biography; Nationalsozialistische Deutsche Arbeiter-Partei; Hitler, Adolf , 1889-1945; Heads of state--Germany--Biography",MDS Yayınları,record,,"Üsküdar, [Istanbul]",tur,579,Print,,,ger,"Adolf Hitler ; [çeviri, Mehmet Altun]. Translation Of: Mein Kampf.",,,62759706,https://openlibrary.org/works/OL42478306W,,,openlibrary; isbndb
9789756553039,"Harmful: self-harm, violence, illegal acts, extremist ideology",high,"Harmful: self-harm, violence, illegal acts, extremist ideology: author: Adolf Hitler ('adolf hitler' in authors)",adolf hitler,9756553030,Kavgam,,Adolf Hitler,,,,Politics and government; Heads of state; Biography; Nationalsozialistische Deutsche Arbeiter-Partei,Bilge Karınca Yayınları,record,2002,"Cağaloğlu, İst. [i.e., Istanbul]",tur,928,,Genel yayın -- nu. 12; Siyasi kitaplar dizisi -- 1; Genel yayın (Bilge Karınca Yayınları (Firm)) -- nu. 12,1. baskı.,ger,,,,62759707,https://openlibrary.org/works/OL42478306W,,,openlibrary
9789756946459,"Harmful: self-harm, violence, illegal acts, extremist ideology",high,"Harmful: self-harm, violence, illegal acts, extremist ideology: author: Adolf Hitler ('adolf hitler' in authors)",adolf hitler,9756946458,Kavgam,,Adolf Hitler; Ahmet Çuhadar,,,World history,Politics and government; Heads of state; Biography; Nationalsozialistische Deutsche Arbeiter-Partei; Partiya Karkere Kürdistan; Kurds -- Turkey -- Politics and government; Kurds; Partiya Karkerên Kurdistanê,Kum Saati Yayınları,record,2003,İstanbul,tur,611,,Arastirma dizisi,"Kamer yayınları, İstanbul, 1998",ger,,,DR435.K87 D44 1998,62759710,https://openlibrary.org/works/OL42478306W,,,openlibrary; isbndb; worldcat; openlibrary
9789756976456,"Harmful: self-harm, violence, illegal acts, extremist ideology",high,"Harmful: self-harm, violence, illegal acts, extremist ideology: author: Adolf Hitler ('adolf hitler' in authors)",adolf hitler,9756976454,Kavgam,,Adolf Hitler; Ahmet Çuhadar,,,,Politics and government; Heads of state; Biography; Nationalsozialistische Deutsche Arbeiter-Partei,Kum Saati Yayınları,record,2003,İstanbul,tur,611,,Arastirma dizisi,,ger,,,,62759710,https://openlibrary.org/works/OL42478306W,,,openlibrary
9789757645887,"Harmful: self-harm, violence, illegal acts, extremist ideology",high,"Harmful: self-harm, violence, illegal acts, extremist ideology: author: Adolf Hitler ('adolf hitler' in authors) | Harmful: self-harm, violence, illegal acts, extremist ideology: Mein Kampf ('mein kampf' in description)",adolf hitler; mein kampf,9757645885,Kavgam,,Adolf Hitler; Hüseyin Cahit Yalçın; Mustafa Karaca,,,,"Politics and government; Heads of state; Biography; Nationalsozialistische Deutsche Arbeiter-Partei; Hitler, Adolf , 1889-1945; Heads of state--Germany--Biography",Manifesto Kitap,record,2005,"Sultanahmet, İstanbul",tur,543,Print,,,ger,"Adolf Hitler ; Türkçesi, Hüseyin Cahit Yalçın ; Sadeleştiren, Mustafa Karaca. Tam Metin. 1--p. Facing T.p. Translation Of: Mein Kampf.",,,62759705,https://openlibrary.org/works/OL42478306W,,,openlibrary; isbndb
9789757747284,"Harmful: self-harm, violence, illegal acts, extremist ideology",high,"Harmful: self-harm, violence, illegal acts, extremist ideology: Mein Kampf ('mein kampf' in title) | Harmful: self-harm, violence, illegal acts, extremist ideology: author: Adolf Hitler ('adolf hitler' in authors) | Harmful: self-harm, violence, illegal acts, extremist ideology: Mein Kampf ('mein kampf' in description)",adolf hitler; mein kampf,9757747289,Kavgam,Mein Kampf,Adolf Hitler; Refik Özdek,,,,"Politics and government; Heads of state; Biography; Nationalsozialistische Deutsche Arbeiter-Partei; Hitler, Adolf , 1889-1945; Heads of state--Germany--Biography",Yağmur Yayınları,record,2004,İstanbul,tur,636,print,Yayın sıra -- no. 12; Dünya liderleri dizisi -- 1,7. baskı.,ger,"Adolf Hitler ; çeviri, Refik Özdek. Translation Of: Mein Kampf.",,,62759711,https://openlibrary.org/works/OL42478306W,,,openlibrary; isbndb
9789758382323,"Harmful: self-harm, violence, illegal acts, extremist ideology",high,"Harmful: self-harm, violence, illegal acts, extremist ideology: author: Adolf Hitler ('adolf hitler' in authors)",adolf hitler,9758382322,Kavgam,,Adolf Hitler,,,,,Ütopya Yayinevi,isbn_prefix,2000,,tr,68,,,,,,,,,,,,isbndb
9789758414345,"Harmful: self-harm, violence, illegal acts, extremist ideology",high,"Harmful: self-harm, violence, illegal acts, extremist ideology: author: Adolf Hitler ('adolf hitler' in authors)",adolf hitler,9758414348,Kavgam,,Adolf Hitler,,,,,"Kum Saati Publications, Istanbul",record,2002,,tr,,,,,,,,,,,,,isbndb
9789758496631,"Harmful: self-harm, violence, illegal acts, extremist ideology",high,"Harmful: self-harm, violence, illegal acts, extremist ideology: author: Adolf Hitler ('adolf hitler' in authors)",adolf hitler,9758496638,Kavgam,,Adolf Hitler; Ö. Kenan Yalıntaş,,,,Politics and government; Heads of state; Biography; Nationalsozialistische Deutsche Arbeiter-Partei,Emre Yayınları,record,2005,"Sirkeci, İstanbul",tur,558,,,1. baskı.,ger,,,,62509179,https://openlibrary.org/works/OL42478306W,,,openlibrary; isbndb
9789758513628,"Harmful: self-harm, violence, illegal acts, extremist ideology",high,"Harmful: self-harm, violence, illegal acts, extremist ideology: author: Adolf Hitler ('adolf hitler' in authors)",adolf hitler,9758513621,Siyasi Vasiyetim,,Adolf Hitler; A.Naci Demirci,,,,,Okumuş Adam,isbn_prefix,2005,,tr,87,,,2005,,,,,,,,,isbndb; isbndb
9789758601011,"Harmful: self-harm, violence, illegal acts, extremist ideology",high,"Harmful: self-harm, violence, illegal acts, extremist ideology: author: Adolf Hitler ('adolf hitler' in authors)",adolf hitler,9758601016,Kavgam,,Adolf Hitler; Tuncer Tuğcu,,,,,Gökçe Kitabevi,isbn_prefix,,,tr,635,,,,,,,,,,,,isbndb
9789758870257,"Harmful: self-harm, violence, illegal acts, extremist ideology",high,"Harmful: self-harm, violence, illegal acts, extremist ideology: author: Adolf Hitler ('adolf hitler' in authors)",adolf hitler,9758870254,Kavgam,,Adolf Hitler,,,,,Beda Yayincilik,record,2004,,tr,,,,"çInstanbul, 2004",,,,,,,,,worldcat
9786050207309,"Harmful: self-harm, violence, illegal acts, extremist ideology",review,"Harmful: self-harm, violence, illegal acts, extremist ideology: nihilism ('nihilizm' in title)",nihilizm,6050207305,Nietzsche; Nihilizm ve Üstinsani Daha Iyi Anlamak Icin Cizgibilim,,Laurence Gane - Piero,,,,,Say Yayınları,record,2019,,,176,paperback,,,,,,,,https://openlibrary.org/works/OL26202485W,,,openlibrary
9786052173268,"Harmful: self-harm, violence, illegal acts, extremist ideology",review,"Harmful: self-harm, violence, illegal acts, extremist ideology: nihilism ('nihilizmi' in title)",nihilizmi,6052173262,Nietzsche'nin Nihilizmi,,Birol Dok,,,,,Motto Yaynlar; Motto Yayınları,record,2019,,,154,paperback,,,,,,,,https://openlibrary.org/works/OL26169162W,,,openlibrary
9786054708505,"Harmful: self-harm, violence, illegal acts, extremist ideology",review,"Harmful: self-harm, violence, illegal acts, extremist ideology: nihilism ('nihilistler' in title)",nihilistler,6054708503,Vera veya Nihilistler,,Oscar Wilde,,,,,Dedalus Kitap,record,2014,,tr,96,paperback,,,,,,,,https://openlibrary.org/works/OL26231330W,,,openlibrary; isbndb
9786054733675,"Harmful: self-harm, violence, illegal acts, extremist ideology",review,"Harmful: self-harm, violence, illegal acts, extremist ideology: nihilism ('nihilizmi' in title)",nihilizmi,6054733672,Nietzsche'nin Nihilizmi,,Birol Dok,,,,,Birlesik Kitabevi,record,2015,,,,paperback,,,,,,,,https://openlibrary.org/works/OL26169162W,,,openlibrary
9786055944063,"Harmful: self-harm, violence, illegal acts, extremist ideology",review,"Harmful: self-harm, violence, illegal acts, extremist ideology: nihilism ('nihilizmi' in title)",nihilizmi,6055944065,Nietzsche'nin Nihilizmi,,Birol Dok,,,,,"Iskenderiye Publications, Istanbul",record,2008,,tr,,,,,,,,,,,,,isbndb
9786056953149,"Harmful: self-harm, violence, illegal acts, extremist ideology",review,"Harmful: self-harm, violence, illegal acts, extremist ideology: nihilism ('nihilistler' in title)",nihilistler,6056953149,Mistik Nihilistler Toplulugu Toplanti Tutanaklari,,Erda Har,,,,,Kaos Çocuk Parkı Yayınları,record,2019,,,166,paperback,,,,,,,,https://openlibrary.org/works/OL26261092W,,,openlibrary
9786257002271,"Harmful: self-harm, violence, illegal acts, extremist ideology",review,"Harmful: self-harm, violence, illegal acts, extremist ideology: nihilism ('nihilizm' in title)",nihilizm,6257002273,Öteki Nietzsche'ye Giris: Bir Dahinin Deliligi Ya Da Bir Delinin Dehasi: Siyasal Felsefede Nihilizm Ve Nietzsche,,Yonca Gökalp,,,,,Gece Akademi,record,2021,,tr,151,Paperback,,2021,,,,,,,,,isbndb; isbndb
9786257137485,"Harmful: self-harm, violence, illegal acts, extremist ideology",review,"Harmful: self-harm, violence, illegal acts, extremist ideology: nihilism ('nihilizm' in title)",nihilizm,6257137489,Güncel dinî meseleler istişare toplantısı güncel inanç problemleri,"Deizm, ateizm, agnostisizm ve nihilizm. 11 - 13 Eylül 2018, Ankara",,,,,,Diyanet İşleri Başkanlığı Yayınları,record,2020,Ankara,tur,230,,,,,,,,,https://openlibrary.org/works/OL32066643W,,,openlibrary
9786257352437,"Harmful: self-harm, violence, illegal acts, extremist ideology",review,"Harmful: self-harm, violence, illegal acts, extremist ideology: nihilism ('nihilizm' in title)",nihilizm,6257352436,Nuri Bilge Ceylan Sinemasinda Nihilizm,,Ulas Isiklar,,,Language & literature,Nihilism (Philosophy); Motion picture producers and directors,Klaros Yayinlari,record,2021,,tur,134,paperback,,,,,,PN1998.3.C455 I85 2021,1266271996,https://openlibrary.org/works/OL26255497W,,,openlibrary
9786257573894,"Harmful: self-harm, violence, illegal acts, extremist ideology",review,"Harmful: self-harm, violence, illegal acts, extremist ideology: nihilism ('nihilizm' in title)",nihilizm,6257573890,Sanat ve Nihilizm,,COLLECTIVE,,,,,Klaros Yayinlari,record,2021,,,62,paperback,,,,,,,,https://openlibrary.org/works/OL26269067W,,,openlibrary
9786257938495,"Harmful: self-harm, violence, illegal acts, extremist ideology",review,"Harmful: self-harm, violence, illegal acts, extremist ideology: nihilism ('nihilistin' in title)",nihilistin,625793849X,Bir Nihilistin Gözyaslari,,Umut Fellabi,,,,,Gece Kitapligi Yayinlari,record,2020,,,118,paperback,,,,,,,,https://openlibrary.org/works/OL26258006W,,,openlibrary
9786257942096,"Harmful: self-harm, violence, illegal acts, extremist ideology",review,"Harmful: self-harm, violence, illegal acts, extremist ideology: psychedelics ('lsd' in title)",lsd,6257942098,Düsünceler 1 LSD Günlükleri: Yalnizlik,,Musa Karaçor,,,,,Tilki Kitap,record,2022,,tr,132,Paperback,,,,,,,,,,,isbndb
9789753730082,"Harmful: self-harm, violence, illegal acts, extremist ideology",review,"Harmful: self-harm, violence, illegal acts, extremist ideology: nihilism ('nihilizm' in title)",nihilizm,975373008X,Ruh ve mana (Manevi Nefs) metafiziği kontra 'Nietzsche' ve kozmolojik nihilizm,,Orhan Münir Çağıl,,,,,Ara Yayıncılık,isbn_prefix,,,tr,,,,,,,,,,,,,google_books
9789755392035,"Harmful: self-harm, violence, illegal acts, extremist ideology",review,"Harmful: self-harm, violence, illegal acts, extremist ideology: nihilism ('nihilist' in title)",nihilist,9755392033,Kusursuz Nihilist,,Keith Ansell-Pearson,,,,,Ayrinti Yayinlari,record,2010,,en_US,282,paperback,,,,,,,,https://openlibrary.org/works/OL26375916W,,,openlibrary; isbndb
9789755396057,"Harmful: self-harm, violence, illegal acts, extremist ideology",review,"Harmful: self-harm, violence, illegal acts, extremist ideology: nihilism ('nihilizm' in title)",nihilizm,9755396055,Nihilizm,,Bülent Diken,,,,,Ayrinti Yayinlari,record,2011,,tr,224,paperback,,"Ayrıntı yayınları, İstanbul, 2011",,,,,,https://openlibrary.org/works/OL26376100W,,,openlibrary; worldcat
9789758145034,"Harmful: self-harm, violence, illegal acts, extremist ideology",review,"Harmful: self-harm, violence, illegal acts, extremist ideology: nihilism ('nihilizmi' in title)",nihilizmi,9758145037,Nietzsche'nin Nihilizmi,,Birol Dok,,,,,Seba Yayınları,record,2003,,tr,,,,"2. Aufl, Ankara, 2003",,,,,,,,,worldcat
9789758565771,"Harmful: self-harm, violence, illegal acts, extremist ideology",review,"Harmful: self-harm, violence, illegal acts, extremist ideology: nihilism ('nihilist' in title)",nihilist,975856577X,Max Stirner (anarşist-egoist-nihilist),,M. Hanifi Macit,,,,,Etik Yayınları,record,2010,,tr,,,,"İstanbul, 2010",,,,,,,,,worldcat
9780651360867,Invalid ISBN,n/a,Invalid ISBN-13 check digit (expected 9),,0651360862,XX. Kolordu komutanı Ali Fuat Paşa'nın haberleşme kayıt defteri (Eylül 1919 - Kasım 1920),,Ali Fuat Cebesoy,,,World history,"Generals; Greco-Turkish War, 1921-1922; Campaigns; History; Military History; Military campaigns; Greco-Turkish War (1921-1922) fast (OCoLC)fst00947090; Revolution (Turkey : 1918-1923) fast (OCoLC)fst01354585",Ankara Üniversitesi Yayınları,record,2013,Ankara,tur; ota,2255,,Ankara Üniversitesi Yayınları -- 367. -- Türk İnkılap Tarihi Enstitüsü Yayınları -- 45; Ankara Üniversitesi Eğitim Bilimleri Fakültesi yayınları -- 367. -- Türk İnkılap Tarihi Enstitüsü Yayınları 45,,,,,DR589 .C42 2013,919167882,https://openlibrary.org/works/OL32735658W,,,openlibrary
9780750524486,Invalid ISBN,n/a,Invalid ISBN-13 check digit (expected 3),,0750524480,Bozlak,,Emirhan Dağkan G,,,,,and#x130;letişim Yay nlar,record,2018,Istanbul,tur,180,,,"Istanbul, Turkey, 2018",,,,,,https://openlibrary.org/works/OL32418514W,,,openlibrary; openlibrary
9780754094992,Invalid ISBN,n/a,Invalid ISBN-13 check digit (expected 9),,0754094995,Geçmişten günümüze Bosna-Hersek tarihi ve Türkiye-Bosna-Hersek ilişkileri,,Atike Kaptan,,,World history,History; Turks; Ethnic relations; Relations,Genelkurmay Basımevi,record,2008,Ankara,tur,92,,Genelkurmay Askeri Tarih ve Stratejik Etüt Başkanlığı yayınları; Gnkur. Askeri Tarih ve Stratejik Etüt Başkanlığı yayınları,,,,,DR1685 .G435 2008,495729150,https://openlibrary.org/works/OL33304469W,,,openlibrary
9780754376777,Invalid ISBN,n/a,Invalid ISBN-13 check digit (expected 4),,075437677X,"1917-1934 Türkistan millî istiklâl hareketi, korbaşılar ve Enver Paşa",,Ali Bâdemci,,,,Turks; History,Ötüken,record,2007,İstanbul,tur,,,,,,,,,426090127,https://openlibrary.org/works/OL35614885W,,,openlibrary
9780756640890,Invalid ISBN,n/a,Invalid ISBN-13 check digit (expected 7),,075664089X,Abd'nin yeni ortadoğu projesi,hizbullah savaşi İsrail,Muḥammad Mahdī Āṣafī; Vahdettin İnce,,,,"Lebanon War, 2006; Islam and politics; Relations; Hizballah (Lebanon)",Kevser,record,2007,İstanbul,tur,111,,,,,,,,959603247,https://openlibrary.org/works/OL45699581W,,,openlibrary
9783010017771,Invalid ISBN,n/a,Invalid ISBN-13 check digit (expected 0),,3010017774,Hins Keyfa ( Hasankeyf ),,Zafer Alkoyun,,,,,Han,record,2010,Berlin,tur,169,,,,,,,,,https://openlibrary.org/works/OL32222857W,,,openlibrary
9783010017784,Invalid ISBN,n/a,Invalid ISBN-13 check digit (expected 7),,3010017782,Kur´an ve Ehl-î Beyt,,Imam Dikmen,,,,,Evra,record,2005,Berlin,tur,,,,,,,,,,https://openlibrary.org/works/OL32222860W,,,openlibrary
9783010017983,Invalid ISBN,n/a,Invalid ISBN-13 check digit (expected 5),,3010017987,Serindi benim mavilerim,,İsmet Sami Turanlı,,,Medicine,Gynecologists; Biography; Obstetricians; Physicians; Human Fertilization in vitro; Reproductive health; Female Genital Diseases,Berfin Verlag,record,2012,Köln,tur,312,,,,,,,RG76.T87 A3 2012,1136903839,https://openlibrary.org/works/OL43201503W,,,openlibrary
9783010018007,Invalid ISBN,n/a,Invalid ISBN-13 check digit (expected 5),,3010018002,Filozoflar ve aşk,,Salman Nurhak,,,,,Pinar,record,2012,Berlin,tur,49,,,,,,,,,https://openlibrary.org/works/OL32222874W,,,openlibrary
9784866004886,Invalid ISBN,n/a,Invalid ISBN-13 check digit (expected 4),,4866004886,Divane ash'ar-e Asem Ardabili,Ash'ar-e torki va farsi,Asem Ardabili,Armin Asem Kaffash,,,,Akhtar,record,2021,"Tabriz, Iran",tur; per,950,Hardcover,,,,The collected works of Asem Ardabili,,,,https://openlibrary.org/works/OL26150199W,,,openlibrary
9786050002896,Invalid ISBN,n/a,Invalid ISBN-13 check digit (expected 8),,6050002894,Son yahudi,,Cemal Baboğlu,,,,,Sidar Yayınları,record,2021,Ankara,tur,162,,,,,,,,,https://openlibrary.org/works/OL31837179W,,,openlibrary
9786050500629,Invalid ISBN,n/a,Invalid ISBN-13 check digit (expected 2),,6050500622,İcracı sanatçıların hakları,,Gökçen Türker,,,Law,"Copyright; Performing rights; Art; Artists; Legal status, laws; Intellectual property",Yetkin Yayınları,record,2016,Ankara,tur,263,,,,,,,KKX1160.7 .T87 2016,1203914002,https://openlibrary.org/works/OL43677845W,,,openlibrary
9786050627903,Invalid ISBN,n/a,Invalid ISBN-13 check digit (expected 9),,6050627908,Tarih büyük harflerle yazılmaz,,Cemil Koçak,,,,,Timaş Yayınları,record,2018,Istanbul,tur,232,,,,,,,,,https://openlibrary.org/works/OL32570448W,,,openlibrary
9786051144753,Invalid ISBN,n/a,Invalid ISBN-13 check digit (expected 7),,6051144757,Alevilerin Kemalizm'le imtihanı,"Stockholm sendromu, Onur Öymen vakası ve Kılıçdaroğlu",Cafer Solgun,,,World history,Kurds; Religion; Political aspects; Politics and government; Religious aspects; Religion and politics; Alevis; Bektashi; History; Turkmen; Political and social views; Nosairians; Kemalism; Ethnic relations; Shiites; Political activity; Islam and state; Religion and state,Timaş; Hayy Kitap,record,2011,İstanbul,tur,334,,Timaş yayınları -- 2515. -- Düşünce dizisi -- 25,1. baskı.,,Alevis; Kurds; Turkey; ethnic relations; politics and government; religious aspects.,,DR435.K87 S65 2011; DR590 .S654 2011,757855366,https://openlibrary.org/works/OL23240213W,,,openlibrary
9786051234920,Invalid ISBN,n/a,Invalid ISBN-13 check digit (expected 2),,6051234926,Kültür ve medeniyet şehri Palu,,Yusuf Bakıcı,,,World history,History; Description and travel; Travel,Yusuf Bakıcı,record,2012,Elâzığ,tur,244,,,Birinci baskı.,,,,DS51.P34 B34 2012,933788165,https://openlibrary.org/works/OL32681442W,,,openlibrary
9786051722785,Invalid ISBN,n/a,Invalid ISBN-13 check digit (expected 8),,6051722785,Gediz deltası'ndaki İzmir kuş cenneti'ni yaşatma mücadelesi (1982 - 201∞),,Mehmet Sıkı,,,,,Kanguru Yayınları,record,2020,Ankara,tur,208,,,,,,,,,https://openlibrary.org/works/OL32298616W,,,openlibrary
9786051984577,Invalid ISBN,n/a,Invalid ISBN-13 check digit (expected 5),,6051984577,Haçlı seferlerinde av ve avcı,,Nadir Karakuş,,,,,Çizgi Kitabevi,record,2020,Konya,tur,200,,,,,,,,,https://openlibrary.org/works/OL32280068W,,,openlibrary
9786051985956,Invalid ISBN,n/a,Invalid ISBN-13 check digit (expected 4),,6051985956,Televizyonda din anlatımı,,Muhammed Mustafa Güleç,,,,,Çizgi Kitabevi,record,2021,Konya,tur,182,,,,,,,,,https://openlibrary.org/works/OL43521577W,,,openlibrary
9786051987839,Invalid ISBN,n/a,Invalid ISBN-13 check digit (expected 5),,6051987835,Denizli (Lâdik) İnançoğulları beyliği,,İbrahim Balık,,,,,Çizgi Kitabevi,record,2022,Konya,tur,184,,,,,,,,,https://openlibrary.org/works/OL31866283W,,,openlibrary
9786052317027,Invalid ISBN,n/a,Invalid ISBN-13 check digit (expected 0),,6052317027,Kocaeli dayanışma akademisi'nin ilk uzun yılı,,,,,,,Dipnot Yayınları,record,2017,Ankara,tur,408,,,,,,,,,https://openlibrary.org/works/OL44972306W,,,openlibrary
9786052365119,Invalid ISBN,n/a,Invalid ISBN-13 check digit (expected 3),,6052365110,Efendiler ve uşakları,,Ümit Zileli,,,,Politics and government,Halk Kitabevi,record,2018,Istanbul,tur,216,,,,,,,,,https://openlibrary.org/works/OL32375065W,,,openlibrary
9786052426628,Invalid ISBN,n/a,Invalid ISBN-13 check digit (expected 3),,6052426624,Hannah'nın dünyası,,Ariane Bois; Süleyman Doğru,,,Language & literature,"Jewish girls; Fiction; Jews; Historical fiction; World War, 1939-1945; Refugees",Everest Yayınları,record,2013,"Cağaloğlu, İstanbul",tur,245,,Çağdaş dünya edebiyatı -- 163,2. basım.,fre,,,PQ2702.O355 M6619 2013,1136903808,https://openlibrary.org/works/OL45196001W,,,openlibrary
9786052438040,Invalid ISBN,n/a,Invalid ISBN-13 check digit (expected 6),,6052438045,Aydın düşünce platformu,aydın düşünceler,Necat Birinci,,,,,Istanbul Aydın Üniversitesi,record,2017,Istanbul,tur,274,,,,,,,,,https://openlibrary.org/works/OL32570441W,,,openlibrary
9786052681698,Invalid ISBN,n/a,Invalid ISBN-13 check digit (expected 5),,6052681691,Osmanlı aile hukuku (18. yüzyıl Adana örneği),,Ömer Korkmaz,,,,,Akademisyen Kitabevi,record,2018,Ankara,tur,209,,,,,,,,,https://openlibrary.org/works/OL32594864W,,,openlibrary
9786052682527,Invalid ISBN,n/a,Invalid ISBN-13 check digit (expected 4),,6052682523,Abidin paşa bir Adana valisi,,Ahmet Nadir İşisağ,,,,,Akademisyen Kitabevi,record,2019,Ankara,tur,190,,,,,,,,,https://openlibrary.org/works/OL32594678W,,,openlibrary
9786052698246,Invalid ISBN,n/a,Invalid ISBN-13 check digit (expected 2),,6052698241,Osmanlı tarihi sözlüğü,,Ahmet Murat Seyrek,,,,,Yediveren Yayınları,record,2018,Istanbul,tur,231,,,,,,,,,https://openlibrary.org/works/OL32494777W,,,openlibrary
9786052830934,Invalid ISBN,n/a,Invalid ISBN-13 check digit (expected 2),,605283093X,Türk - Altay kuramı. Arkeolojik belgeler ışığında Kuzey Asya'da Türklerin erken kültür tarihi,,Semih Güneri,,,,,Kaynak Yayınları,record,2018,Istanbul,tur,951,,,,,,,,,https://openlibrary.org/works/OL32583075W,,,openlibrary
9786053556630,Invalid ISBN,n/a,Invalid ISBN-13 check digit (expected 3),,6053556637,Kurdistan yekemîn rojnameya bi Kurdî 1898 - 1902. Hemû hejmar 01 - 31,,,,,,,J and J Yayınları,record,2018,Diyarbakır,kur,488,,,,,,,,,https://openlibrary.org/works/OL32593825W,,,openlibrary
9786053594465,Invalid ISBN,n/a,Invalid ISBN-13 check digit (expected 8),,6053594466,"1. Çorum Kazı ve Araştırmalar Sempozyumu, 02 Ekim 2010, Çorum",,Çorum Kazı ve Araştırmalar Sempozyumu,,,World history,Congresses; Antiquities; Excavations (Archaeology),"Çorum Valiliği İl Kültür ve Turizm Müdürlüğü, Müze Müdürlüğü",record,2011,Çorum,tur,184,,,,,,,DS51.C6 C67 2010,801419458,https://openlibrary.org/works/OL23229719W,,,openlibrary
9786053596170,Invalid ISBN,n/a,Invalid ISBN-13 check digit (expected 2),,6053596175,Kadın ve mekân,tutsaklık mı sultanlık mı?,Ayşen Akpınar; Gönül Bakay; Handan Dedehayır,,,Social sciences,Conduct of life; Home in popular culture; Domestic Architecture; Psychological aspects; Social conditions; Home; Architecture and women; Dwellings; Women; Social aspects,Turkuvaz Kitap,record,2010,İstanbul,tur,384,,,1. basım.,,,,HQ1726.7 .K336 2010; HQ1726.7 .K3315 2010,662503987,https://openlibrary.org/works/OL22409707W,,,openlibrary
9786053837066,Invalid ISBN,n/a,Invalid ISBN-13 check digit (expected 0),,6053837067,Toprağın altındaki tarih (Erzurum tabyaları) Nevzat Karabağ Anadolu Öğretmen lisesi proje ekibi,,,,,Military science,"Fortification; History; Military architecture; Buildings, structures; Military History",Erzurum İl Özel İdaresi,record,2008,Erzurum,tur,488,,,,,,,UG433.E79 T67 2010,1080306640,https://openlibrary.org/works/OL31518491W,,,openlibrary
9786053983133,Invalid ISBN,n/a,Invalid ISBN-13 check digit (expected 2),,6053983136,R uzg ara yaz l d r. B ut un yaz lar - 3,edebiyat yaz lar,F usun Akatl,,,,,K rm z Kedi Yay nevi,record,2018,Istanbul,tur,596,,,,,,,,,https://openlibrary.org/works/OL32418433W,,,openlibrary
9786054022272,Invalid ISBN,n/a,Invalid ISBN-13 check digit (expected 4),,605402227X,Dış politikada iki entelektüel İsmail Cem ve Ahmet Davutoğlu,,Emrah Utku Gökçe,,,,,Nobel Akademik,record,2020,Ankara,tur,246,,,"Ankara, 2020",,,,,,https://openlibrary.org/works/OL43546824W,,,openlibrary; worldcat
9786054051467,Invalid ISBN,n/a,Invalid ISBN-13 check digit (expected 5),,6054051466,Aynalıkavak yazıları,,Fahri Tuna,,,World history,History,Sakarya Valiliği,record,2011,Sakarya,tur,422,,,Birinci basım.,,Adapazarı (Turkey); history; 20th century.,,DS51.A213 T86 2011; DS51.A213 T953 2011,732320890; 869880536,https://openlibrary.org/works/OL23394263W,,,openlibrary
9786054099341,Invalid ISBN,n/a,Invalid ISBN-13 check digit (expected 4),,6054099345,Ebru Parman'a armağan,sanat tarihi ve arkeoloji yazıları,Ebru Parman; A. Oğuz Alp,,,Fine arts,Architectural Decoration and ornament; Anadolu Üniversitesi. Güzel Sanatlar Fakültesi; Architecture; Faculty; Ancient Art; Anadolu Üniversitesi; Antiquities; History; Bibliography,Alter Yayıncılık,record,2009,Ankara,tur,384,,,1. baskı.,,,,NA3565.A1 E26 2009,476840141,https://openlibrary.org/works/OL16120445W,,,openlibrary
9786054302809,Invalid ISBN,n/a,Invalid ISBN-13 check digit (expected 2),,6054302809,متن فارسی وعربی عجایب نامه قزوینی ( عجایب المخلوقات وغرایب الموجودات ),,Zakaryā ibn Muḥammad Bin Maḥmūd kamūnī Qazvīnī; Yūsif biyg bābāpūr/Ḥusayn shādmān,,,,,Manshūr samīr,record,2021,Tihrān,per,1130,,,Chāp-i Avval,,,,,,https://openlibrary.org/works/OL43455900W,,,openlibrary
9786054337173,Invalid ISBN,n/a,Invalid ISBN-13 check digit (expected 0),,6054337173,Nurbanu Sultan,,Nazım Tektaş,,,World history,Harems; History; Women,Çatı Kitapları,record,2011,"Cağaloğlu, İstanbul",tur,256,,,,,,,DR513 .T44 2011,741546555,https://openlibrary.org/works/OL23236152W,,,openlibrary
9786054337874,Invalid ISBN,n/a,Invalid ISBN-13 check digit (expected 3),,6054337874,ngilizce Konuma Klavuzu,,B. Papillon,,,,,alle Publications,record,2012,,tr,,,,"1, FR, 2012",,Pratik ngilizce Konuma Klavuzu Hzl ngilizce renmek steyenler in En Pratik Kitap Turistler ve Yurtd Yolcularna En Kullanl Kitap 11 Blm 80 Konu 2000 nemli bare 10.000 Kelimelik ift Ynl Szlk Artk rahatlkla yabanclarla diyalog kurabileceksiniz! ngilizce Konuma Klavuzu rnek indir: (http://www.alle.com.co/dosya/Ingilizce_Konusma_Kilavuzu___Sample.pdf) http://www.alle.com.co/dosya/Ingilizc... Detayl Bilgi ve Sipari in: (http://www.alle.com.co/INGILIZCE-KONUSMA-KILAVUZU_s_f_24.htm) http://www.alle.com.co/INGILIZCE-KONU...,,,,,,,goodreads
9786054375261,Invalid ISBN,n/a,Invalid ISBN-13 check digit (expected 4),,6054375261,Av zelâl bû,,"Bozan, Mezher, 1957-",,,,,"Beyoğlu, İstanbul : Weşanên Pêrî",record,2002,,kur,,,,,,,,,,,,,internet_archive
9786054448057,Invalid ISBN,n/a,Invalid ISBN-13 check digit (expected 0),,6054448056,Batı'ya yön veren metinler,,Alev Alatlı,,,,European Philosophy; History; Philosophy,İlke Eğitim ve Sağlık Vakfı,record,2010,İstanbul,tur,,,,1. basım.,,,,,785791355,https://openlibrary.org/works/OL33423214W,,,openlibrary
9786054467302,Invalid ISBN,n/a,Invalid ISBN-13 check digit (expected 3),,6054467301,Cenap Ṣahabettin şiiri,tematik bir inceleme,Mustafa Karabulut,,,Language & literature,Criticism and interpretation; Turkish poetry; History and criticism,Kesit,record,2013,"Cağaloğlu, İstanbul",tur,293,,,Birinci baskı.,,,,PL248.C44 Z75 2013; PL248.C44 Z53 2013,861286819,https://openlibrary.org/works/OL23368476W,,,openlibrary
9786054549006,Invalid ISBN,n/a,Invalid ISBN-13 check digit (expected 9),,6054549006,Dersim'in etno-kültürel kimliği ve 1937-1938 tertelesi,,Mehmet Yıldız,,,,,Chiviyazıları,record,2014,Istanbul,tur,210,,,,,,,,,https://openlibrary.org/works/OL31591253W,,,openlibrary
9786054757047,Invalid ISBN,n/a,Invalid ISBN-13 check digit (expected 6),,6054757040,Süheyl Ünver'in Edirne defterleri,,A. Süheyl Ünver,,,World history,Description and travel; Travel; In art; Turkish Architecture; History; Art historians; Biography; Physicians; College teachers; Architecture,Kubbealtı,record,2013,İstanbul,tur,271,,Kubbealtı neşriyâtı -- no. 186,,,,,DR741.E4 U68 2013,870309101; 867050335,https://openlibrary.org/works/OL23351511W,,,openlibrary
9786054901261,Invalid ISBN,n/a,Invalid ISBN-13 check digit (expected 5),,6054901265,"Silifke müzesi taş eserler kataloğu, heykeltraşlık ve mimari plastik eserler",,Serra Durugönül,,,,,Mersin Üniversitesi,record,2013,Mersin-Istanbul,tur,316,,,,,,,,,https://openlibrary.org/works/OL41422773W,,,openlibrary
9786055314733,Invalid ISBN,n/a,Invalid ISBN-13 check digit (expected 6),,6055314738,Köprüden önce son çıkış,,Ali Ünal,,,World history,Politics and government; Crime; Political corruption; Political crimes and offenses; Trials (Political crimes and offenses); AK Parti (Turkey),Ufuk Yayınları,record,2014,"Kadıköy, İstanbul",tur,566,,,,,,,DR603 .U624 2014,933752518,https://openlibrary.org/works/OL32679285W,,,openlibrary
9786055430120,Invalid ISBN,n/a,Invalid ISBN-13 check digit (expected 2),,6055430126,Osmanlı engizisyonu,,Ali Yıldırım,,,"Philosophy, psychology & religion",Islam and state; History; Persecution,İtalik,record,2013,"Çankaya, Ankara",tur,282,,,Birinci basım.,,,,BP173.6 .Y545 2013; BP173.6 .Y54 2013,903089398,https://openlibrary.org/works/OL23352086W,,,openlibrary
9786055440294,Invalid ISBN,n/a,Invalid ISBN-13 check digit (expected 9),,6055440296,"The ancient cities (3) Hierapolis (Pamukkale), Laodicea and surrounding area",,,,,,,Uranus,record,2014,Istanbul,eng,163,,,,,,,,,https://openlibrary.org/works/OL38957850W,,,openlibrary
9786055560005,Invalid ISBN,n/a,Invalid ISBN-13 check digit (expected 3),,6055560003,Senaryo Kitabı,Senaryo yazım teknikleri ve Film Örnekleri,Öktem Başol,,,Language & literature,"Treatments (Motion pictures, television, etc.); Technique; İşlemler (Sinema, televizyon, vb); Motion picture plays; Teknikler; Sinema gösterimi; Sinema yazarlığı; Motion picture authorship",Pana Film,record,2010,İstanbul,tur,622,,,1. bs.,,,,PN1996 .B37 2010,694602345,https://openlibrary.org/works/OL19901623W,,,openlibrary
9786055586937,Invalid ISBN,n/a,Invalid ISBN-13 check digit (expected 5),,6055586932,"""Sergüzeştüm güzel hikayetdür"", Zaifi'nin Sergüzeştname'si",,Vildan Serdaroğlu Coşkun,,,,,İsam,record,2011,Istanbul,tur,382,,,"Istanbul, Turkey, 2011",,,,,,https://openlibrary.org/works/OL41893726W,,,openlibrary; openlibrary
9786055593451,Invalid ISBN,n/a,Invalid ISBN-13 check digit (expected 2),,6055593459,Başlangıçtan günümüze Türkiye'de azınlık sorunu,imparatorluk'tan cumhuriyet'e kalan sorunlar,Yavuz Ercan,,,World history,Minorities; History; Ethnic relations; Politics and government,Turhan Kitabevi,record,2011,Ankara,tur,656,,,,,,,DR434 .E725 2011; DR434 .E72 2011,733558167,https://openlibrary.org/works/OL23239554W,,,openlibrary
9786055664443,Invalid ISBN,n/a,Invalid ISBN-13 check digit (expected 2),,6055664445,Hazreti Peygambere şiirler,,Mustafa Akgün,,,Language & literature,Turkish Islamic poetry; Poetry,Akgün Yayıncılık,record,2010,Ankara,tur,697,,,,,,,PL235 .H39 2010; BP75 .H39 2010,713564643,https://openlibrary.org/works/OL22609403W,,,openlibrary
9786055809475,Invalid ISBN,n/a,Invalid ISBN-13 check digit (expected 8),,6055809478,Türkiye'de kadın sığınmaevleri,erkek şiddetinden uzak yaşama açılan kapılar mı?,Songül Sallan Gül,,,Social sciences,Women's shelters; Case studies; Abused women; Services for; Family violence; Women; Social conditions,Bağlam,record,2011,İstanbul,tur,278,,İnceleme/araştırma -- 246,1. basım.,,Women's shelters; Turkey; case studies.,,HV1448.T9 S25 2011,796027763,https://openlibrary.org/works/OL23192726W,,,openlibrary
9786055831687,Invalid ISBN,n/a,Invalid ISBN-13 check digit (expected 4),,6055831686,Barolde Filiz Akn,,Pnar ekirge,,,,,Altn Bilek Yaynlar,record,2014,,tr,,,,"PT, 2014",,"Bir Yeilam Masal ve Bir Tutkunun Hikyesi... Yeilam Sinemas'nn en gzde isimlerinden olan Filiz Akn'n altml yllarn banda balayan oyunculuk kariyeri, izleyicilerin gznde kendisini ok ykseklere tayan baarlar ile dolu. Bu kitap, Filiz Akn'n Yeilam gnlerine k tutacak bir rehber ve ayn zamanda da dnemi irdeleyen bir aratrma olarak sinema tarihimiz asndan nemli bir almadr. Yazarn gznden Filiz Akn'n anlatld satrlarn yannda, Filiz Akn'n bu kitaba zel olarak, son gnlerde yaplm bir syleisi de buluuyor okurlar ile...",,,,,,,goodreads
9786055987877,Invalid ISBN,n/a,Invalid ISBN-13 check digit (expected 9),,6055987872,Simlasyon ykleri,,Neobeat,,,,,,,2017,,tr,,,,"US, 2017",,"Paperback. 13,50 / 19,50 cm. In Turkish. 160 p. Olaylar bir simlasyonda gemektedir. Gemisteki bazi olaylarla, gelecekteki bazi olaylarin karisimidir. Bazi olaylar ise hi yasanmamistir.Oysa her 6:45 okuru bilir ki yaziya dsen her sey ya yasanmistir ya yasanacaktirBir gn kelebegin igligini duyacaksin ya da Satrn sana fisildayacak",,,,,,,goodreads
9786055999977,Invalid ISBN,n/a,Invalid ISBN-13 check digit (expected 1),,6055999978,Banaz ilçesinin coğrafyası,,Hasan Kara,,,World history,Description and travel; Geography; Population; Economic conditions,Çizgi Kitabevi,record,2010,Konya,tur,178,,Çizgi Kitabevi yayınları -- 245. -- Kaynak kitaplar,,,,,DS51.B362 K372 2010; GB 428 K1811 2010,846892047; 925506855,https://openlibrary.org/works/OL32850150W,,,openlibrary
9786056160661,Invalid ISBN,n/a,Invalid ISBN-13 check digit (expected 0),,6056160661,Nureddin Ferruh Alkent. Ahrâr fırkası ve II. Meşrutiyet anıları,,Ali İhsan Kolcu,,,World history,Politics and government; Osmanlı Ahrar Fırkası,Salkımsögüt Yayınevi,record,2017,Erzurum,tur,135,,,,,,,DR592.N873 A3 2017,1037885815,https://openlibrary.org/works/OL32434869W,,,openlibrary
9786056160692,Invalid ISBN,n/a,Invalid ISBN-13 check digit (expected 1),,6056160696,Tekâmül,roman,محمود صادق; Ali İhsan Kolcu,,,Language & literature,,Salkımsöğüt Yayınları,record,2017,Erzurum,ota; tur,84,,Salkımsöğüt Yayınları -- 215,1. basım.,,,,PL248.M284 T45 2017,1037160823,https://openlibrary.org/works/OL43881803W,,,openlibrary
9786056460248,Invalid ISBN,n/a,Invalid ISBN-13 check digit (expected 1),,605646024X,Beni susturabilecek tek şey ...,,Emine Ülker Tarhan,,,World history,Interviews; Politicians; Biography; Politics and government; Cümhuriyet Halk Fırkası (Turkey); Legislators; Cumhuriyet Halk Partisi (Turkey),Ka Kitab,record,2014,"Çekmeköy, İstanbul",tur,167,,,Birinci basım.,,,,DR605.T37 A5 2015,881104708; 891132113881104708,https://openlibrary.org/works/OL23256311W,,,openlibrary
9786056959794,Invalid ISBN,n/a,Invalid ISBN-13 check digit (expected 0),,6056959791,"The Ömer Koç collection (Volume I) impression of Istanbul, voyage to Constantinople 1493-1820",,Angus O'Neill (Text by),,,,,Vehbi Koç Foundation,record,2014,Istanbul,eng,368,,,,,,,,,https://openlibrary.org/works/OL31691858W,,,openlibrary
9786056986583,Invalid ISBN,n/a,Invalid ISBN-13 check digit (expected 1),,6056986586,AHÂD,,,Osman SADIKOĞLU,,,,TEVHİD BASIM YAYIN,record,2019,Istanbul/TURKEY,tur,160,Paperback,,,,,,,,https://openlibrary.org/works/OL20633497W,,,openlibrary
9786057057608,Invalid ISBN,n/a,Invalid ISBN-13 check digit (expected 0),,6057057600,Türkçede olumsuzluk algısı,,Pelin Seçkin,,,,,Palet Yayınları,record,2020,Konya,tur,144,,,,,,,,1256631181,https://openlibrary.org/works/OL32059999W,,,openlibrary
9786057483636,Invalid ISBN,n/a,Invalid ISBN-13 check digit (expected 8),,6057483634,Acil Psikiyatri,,Fatih nc; Yunus Hacmusalar,,,,,Trkiye Psikiyatri Dernei Yaynlar,record,2021,,tr,,,,"1. basm, PS, 2021",,"Acilde psikiyatrik deerlendirme acil tbbi deerlendirmenin nemli bir alan olmaya balamtr. lkemizde, dier lkelerde olduu gibi psikiyatrik nedenlerle acillere bavurular giderek artmaktadr. Acilde psikiyatrik deerlendirme, yalnzca psikiyatrik bozukluklara ya da madde kullanm bozukluklarna deil, nrolojik ya da dier tbbi nedenlere bal ruhsal belirti ve bulgulara da odaklanmay gerektirir. Psikiyatr, hastadaki fiziksel bir hastal, psikotik bozukluklarn akut durumunu, duygudurum bozukluklarnn akut durumunu, yoksunluu, zehirlenmeyi ya da psikososyal bir krizi ayrt etmeye alr. Grmenin ve deerlendirmenin hz, sre ve biimi hastann durumuna en uygun ekilde dzenlenmelidir. Acile bavuran ya da getirilen olgularn tedavi edilmesi ile hayati anlamda nemli olan acil giriim yaplm olur. Ruh sal hizmetinin temel ynlerinden biri, acil durumlara verilen nemdir. Bu olgudan hareketle, Trkiye Psikiyatri Dernei Srekli Eitim/Srekli Mesleki Geliim Dergisi Psikiyatride Gncelin 2015 yl 2. says Psikiyatride Acil konusuna ayrld. Saynn byk ilgi grp tkenmesi konuyla ilgili kapsaml ve gncel bir kitap hazrlanmas gerekliliini ortaya koydu. Bu gereklilikten yola klarak, Trkiye Psikiyatri Dernei Yaynclk Kurulunun talebiyle hazrlanan Acil Psikiyatri kitab, tm psikiyatri asistan ve uzmanlar ile acil servis hekimlerine uygulamalarnda rehber olacak niteliktedir. On be blmden oluan bu kitap, tm acil psikiyatrik durumlarn deerlendirilme ve ynetilme srelerine, ortaya kabilecek zorluklarda yaplabilecek mdahalelere dair pratik",,,,,,,goodreads
9786057660778,Invalid ISBN,n/a,Invalid ISBN-13 check digit (expected 0),,6057660773,Cevdet Paşa'nın lâyihaları. Devlet din ıslahât hukuk maarif,,Ahmet Zeki İzgöer,,,,,Dergah Yayınları,record,2021,Istanbul,tur,532,,,,,,,,,https://openlibrary.org/works/OL32135854W,,,openlibrary
9786057898603,Invalid ISBN,n/a,Invalid ISBN-13 check digit (expected 9),,6057898605,Türkiye'de yapılan çalışmalarda Orhon yazıtları'nı okuma ve yorumlama farklılıkları (1936 - 2016),,Emine Gürbüz,,,,,Kesit,record,2021,Istanbul,tur,656,,,,,,,,,https://openlibrary.org/works/OL32020704W,,,openlibrary
9786058056013,Invalid ISBN,n/a,Invalid ISBN-13 check digit (expected 5),,6058056012,Parion studies V,Parion akropolü doğu suru geç roma definesi,Vedat Keleş,,,,,Ege,record,2022,Istanbul,tur,87,,,,,,,,,https://openlibrary.org/works/OL32155484W,,,openlibrary
9786058056105,Invalid ISBN,n/a,Invalid ISBN-13 check digit (expected 7),,6058056101,Mezopotamya'da beslenme,,Ali Nadir Zeyrek,,,,,Ege,record,2021,Istanbul,tur,455,,,,,,,,,https://openlibrary.org/works/OL32155485W,,,openlibrary
9786058565407,Invalid ISBN,n/a,Invalid ISBN-13 check digit (expected 1),,6058565405,Arnavutköy kültür ve doğa varlıkları kılavuzu,,Besim Çeçener,,,World history,"Buildings, structures; Description and travel; Architecture",Boğaziçi Arnavutköylüler Derneği,record,2016,"Arnavutköy, Istanbul",tur,96,,,,,,,DR738.5.A76 C434 2016,1013994257,https://openlibrary.org/works/OL32573429W,,,openlibrary
9786058626108,Invalid ISBN,n/a,Invalid ISBN-13 check digit (expected 2),,6058626102,Kürtlerde inanç ve düşünce sistemleri,Giriş,Ahmet Fethi Akgün,,,"Philosophy, psychology & religion",Kurds; Religion; Religious life; Islam,DAM Yayınları,record,2015,"Beyoğlu, İstanbul",tur,211,,DAM yayınları -- 6,1. baskı.,,,,BL2370.K8 A33 2015,957970988,https://openlibrary.org/works/OL32700932W,,,openlibrary
9786058651523,Invalid ISBN,n/a,Invalid ISBN-13 check digit (expected 4),,6058651522,Romanivîsê saf û Dilovan,,Orhan Pamuk,,,,,Rûpelê,record,2014,Istanbul,kur,130,,,,,,,,,https://openlibrary.org/works/OL38958466W,,,openlibrary
9786058769046,Invalid ISBN,n/a,Invalid ISBN-13 check digit (expected 5),,6058769043,"AKP, Allah inancını kullanma pratiği",,Babür Pınar,,,,,Nitelik Kitap,record,2014,Ankara,tur,301,,,,,,,,,https://openlibrary.org/works/OL31450208W,,,openlibrary
9786058782409,Invalid ISBN,n/a,Invalid ISBN-13 check digit (expected 2),,6058782406,Selçuklu'dan Osmanlı'ya bu toprağın öyküsü 1000 yıl,,Tuğrul Kihtir,,,,,T Yayın,record,2011,Istanbul,tur,453,,,,,,,,,https://openlibrary.org/works/OL32660886W,,,openlibrary
9786058787222,Invalid ISBN,n/a,Invalid ISBN-13 check digit (expected 3),,605878722X,"2011'de Kuzey Kıbrıs Türk Cumhuriyeti ""Fırsatlar ve tehditler""",,Soyalp Tamçelik,,,World history,Politics and government; Turks,Eko Avrasya,record,2012,"Keçiören, Ankara",tur,230,,,Birinci baskı.,,,,DS54.95.N67 A2 2012,830511208,https://openlibrary.org/works/OL32182917W,,,openlibrary
9786058936721,Invalid ISBN,n/a,Invalid ISBN-13 check digit (expected 0),,6058936721,Bursa Geyve Han,"Yorgancılar Çarşı, Gelincik Çarşı, Sipahi Çarşı, Payigah Hanı, Sandıkçılar Hanı)",Ömer Faruk Dinçel,,,Fine arts,"Caravansaries; Bazaars (Markets); Buildings, structures; Description and travel",Osmangazi Belediyesi,record,2009,Bursa,tur; eng,100,,,,,,,NA7850.T92 B872 2009,868987824,https://openlibrary.org/works/OL39542078W,,,openlibrary
9786059337643,Invalid ISBN,n/a,Invalid ISBN-13 check digit (expected 9),,6059337643,Her Şey Bktan-Umut Hakkında Bir Kitap,,Mark Manson,,,,,Arka Sayfa,isbn_prefix,2019,,tr,,,,2019,,"Uluslararası mega çok satan Ustalık Gerektiren Kafaya Takmama Sanatı’nın yazarından umut hakkında sezgilere ters düşen bir kitap. İlginç zamanlar yaşıyoruz. Maddi olarak her şey daha önce hiç olmadığı kadar iyi, ama bir şekilde her şey korkunç bir durumda boktan görünüyor. Neler oluyor?Manson Her Şey B\*ktan’ı yazarken dağlarca psikolojik araştırmayı inceledi ve Platon’dan Tom Waits’e kadar zamanı aşan filozofların bilgeliğine başvurarak parayı, eğlenceyi, politikayı ve interneti mercek altına aldı.Kendimize karşı daha dürüst olmamız için bizlere meydan okudu; açıkça inanç, mutluluk, özgürlük ve hatta umut tanımlarımızı sorguladı. Dünyanın en büyük modern yazarlarından olan Manson’un ikinci kitabı elinizdedir.“Tanrılar Pandora’yı dünyaya kavgalar çıkması için yolladılar. Ama bir şey daha yaptılar: Onu bir kutuyla yolladılar. Güzel bir kutuydu; altın kakmalı ve şık, narin süslemeleri vardı. Pandora’dan bunu bir erkeğe vermesini istediler, ama kutunun hiç açılmaması gerektiği talimatını verdiler.Biri kutuyu açtı ve sürpriz, sürpriz; dünyaya türlü kötülük saçıldı: ölüm, hastalıklar, nefret ve haset. Artık insanlar birbirlerini öldürüyorlardı.Savaşlar başladı. Krallıklar ve rekabet başladı. Kölelik akıllarına geldi. İmparatorlar birbirlerinin topraklarını fethetmeye başlayarak binlerce insanı öldürdüler. Koca şehirler inşa edildi ve ardından yıkıldı. Kadınlara malları gibi davranmaya başlayarak aralarında sanki birer eşyaymış gibi değiş-tokuş ettiler ve ticaretini yaptılar.Kısaca",,,,,,,nexusstc
9786059490722,Invalid ISBN,n/a,Invalid ISBN-13 check digit (expected 6),,6059490727,Okyanusun arks,,Sabriye Cemboluk,,,,,Ceren Yaynevi,record,2017,,tr,,,,"US, 2017",,"Bu kitabn kahraman, krk bin yamal ve milyonlarca dml bir hayat yaamaya, renmeye alan, yalnz ve acemi bir hayat dokumacsdr. Her e belirsiz ve eksiktir onun hayatnda Alaca karanlkta elini tutacak gvenli bir el olmakszn, yolunu bulmaya, hayat kilimini dokumaya alr. Hatalar yapar, hayatn ipi tekrar tekrar kopma noktasna gelir. Tam bitti derken, tam benden bu kadar derken, kendisine uzatlan bir ip parasna dm atp, yaamaya devam eder. Hatrlamad bir tata brakld yetitirme yurdunda, hangi hayallerle yaamaya direnmi ve hayallerinin ne kadarn gerekletire bilmitir? O toplumda yaadklarn bile fark etmediimiz, anti kahramanlardan biridir. (Tantm Blteninden)",,,,,,,goodreads
9786059961997,Invalid ISBN,n/a,Invalid ISBN-13 check digit (expected 8),,6059961991,İLESAMLI,"ilim adamı, şair, yazar ve sanatçılar ansiklopedisi",Mehmet Nuri Parmaksız,,,History (auxiliary sciences),Turkish Poets; Encyclopedias; Turkish Authors; Artists; Scientists; Türkiye İlmi ve Edebiyat Eserleri Sahipleri Meslek Birliği,Berikan Yayınevi,record,2017,"Kızılay, Ankara",tur,512,,,,,,,CT1902 .I43 2017,1009720235,https://openlibrary.org/works/OL32467472W,,,openlibrary
9786059968651,Invalid ISBN,n/a,Invalid ISBN-13 check digit (expected 2),,6059968651,Bursa sağlık tarihi,,Ceyhun İrgil,,,Medicine,Public health; History; Medical care; Urban health,Bursa Kültür A.Ş,record,2017,Bursa,tur,1580,,,,,,,RA538.B87 B87 2017,1026241834,https://openlibrary.org/works/OL32434468W,,,openlibrary
9786059977138,Invalid ISBN,n/a,Invalid ISBN-13 check digit (expected 5),,6059977138,Biz insanlarız,,Moiz Kohen,,,,,Çatı Kitapları,record,2014,Istanbul,tur,76,,,,,,,,,https://openlibrary.org/works/OL38958007W,,,openlibrary
9786060921069,Invalid ISBN,n/a,Invalid ISBN-13 check digit (expected 6),,606092106X,Karanlıkta çok güzelim. Roman,,Nilüfer Açıkalın,,,,,DK,record,2014,Istanbul,tur,324,,,,,,,,,https://openlibrary.org/works/OL31684837W,,,openlibrary
9786062222607,Invalid ISBN,n/a,Invalid ISBN-13 check digit (expected 4),,6062222606,Suda halkalar vardı,,Ahmet Antmen,,,,,Yazılama Yayınevi,record,2021,Istanbul,tur,249,,,,,,,,,https://openlibrary.org/works/OL32020459W,,,openlibrary
9786089288231,Invalid ISBN,n/a,Invalid ISBN-13 check digit (expected 2),,6089288233,Darbenin gizli kodları,üst akıl ve FETÖ,E. Emrullah Berkkan,,,World history,History; Coups d'état; Armed Forces; Political activity; Politics and government; Foreign relations; United States. Central Intelligence Agency,Eftelya Kitap,record,2016,"Bahçelievler, İstanbul",tur,332,,Araştırma-İnceleme,1. baskı.,,,,DR603 .B47 2016,995102674,https://openlibrary.org/works/OL45792936W,,,openlibrary
9786090104264,Invalid ISBN,n/a,Invalid ISBN-13 check digit (expected 2),,6090104264,"8. uluslararası endüstriyel hammaddeler sempozyumu bildiriler kitabı, proceedings of 8th international industrial minerals symposium, 29-30 Kasım / November 2012 - Istanbul",,Işık Özpeker / (Ed),,,Technology,Industrial minerals; Congresses; Raw materials,TMMOB Maden Mühendisleri Odası,record,2012,Ankara,tur,352,,,,,,,TN799.5 .U48 2012,1080306734,https://openlibrary.org/works/OL41894084W,,,openlibrary
9786256231612,Invalid ISBN,n/a,Invalid ISBN-13 check digit (expected 0),,6256231619,Kars basın tarihi (1921-1980),,Nebahat Arslan,,,,,,,2013,Kars-Erzurum,tur,156,,,,,,,,,https://openlibrary.org/works/OL40286071W,,,openlibrary
9786256288965,Invalid ISBN,n/a,Invalid ISBN-13 check digit (expected 6),,6256288963,Geçmişten günümüze Istanbul lezzetleri,,Merin Sever,,,,,Istanbul Büyükşehir Belediyesi,record,2021,Istanbul,tur,520,,,"Istanbul, Turkey, 2021",,,,,,https://openlibrary.org/works/OL32135743W,,,openlibrary; openlibrary
9786258442565,Invalid ISBN,n/a,Invalid ISBN-13 check digit (expected 4),,6258442560,Son saatler,,Burak Evren,,,,,İthaki,record,2022,Istanbul,tur,124,,,,,,,,,https://openlibrary.org/works/OL31886377W,,,openlibrary
9786286281165,Invalid ISBN,n/a,Invalid ISBN-13 check digit (expected 6),,6286281169,Cumhurbaşkanı Recep Tayyip Erdoğan’ın BM 79. Genel Kurulu Hitabı,,Türkiye Cumhurbaşkanlığı İletişim Başkanlığı,,,,İletişim Başkanlığı,,,2024,,tur,,,,,,,,,,,,,internet_archive
9786654099078,Invalid ISBN,n/a,Invalid ISBN-13 check digit (expected 2),,6654099079,Türkiye'de Avrupa Birliği karşıtlığının tarihi,,Ali Ulvi Özdemir,,,World history,Foreign relations; Membership; European Union,Alter,record,2008,Ankara,tur,312,,,1. baskı.,,,,DR479.E85 O937 2008; DR479.E85 O944 2008,457729401,https://openlibrary.org/works/OL24125168W,,,openlibrary
9786954772384,Invalid ISBN,n/a,Invalid ISBN-13 check digit (expected 5),,6954772380,Batı Türkiye ve islam,,Abdulkadir Turan,,,,,Dua Yayıncılık,record,2015,Istanbul,tur,344,,,,,,,,,https://openlibrary.org/works/OL44251400W,,,openlibrary
9786954772520,Invalid ISBN,n/a,Invalid ISBN-13 check digit (expected 1),,6954772526,Pojifyön,,M Ali Nur,,,,,Dua Yayıncılık,record,2015,Istanbul,tur,239,,,,,,,,,https://openlibrary.org/works/OL45365342W,,,openlibrary
9788050938920,Invalid ISBN,n/a,Invalid ISBN-13 check digit (expected 4),,8050938921,Olum Nasl Fenerbaheli Oldu?,,Canan Tan,,,,,,,2016,,tr,,,,"PT, 2016",,Oglum Nasil Fenerbahceli Oldu?Sayfa 136Baski 2016 Dogan ve Egmont Yayincilik,,,,,,,goodreads
9788353250200,Invalid ISBN,n/a,Invalid ISBN-13 check digit (expected 4),,8353250209,Meqamê heyrete / hayret makamı. şiîr / şiir,,Hüseyin Karaca,,,,,Çıra,record,2011,İstanbul,tur,32,,,,,,,,,https://openlibrary.org/works/OL32159387W,,,openlibrary
9789151700001,Invalid ISBN,n/a,Invalid ISBN-13 check digit (expected 7),,915170000X,Müslümanların Birbirlerine Karşı Sorumlulukları,,Halis Bayancuk (Ebu Hanzala),,,,,Furkan Basım Yayın,record,2014,"Istanbul, Turkey",tur,340,Paperback,,,,,,,,https://openlibrary.org/works/OL20640488W,,,openlibrary
9789189224019,Invalid ISBN,n/a,Invalid ISBN-13 check digit (expected 8),,9189224019,Mari kekliğim,roman,Lokman Polat,,,Language & literature,,Helwest Förlag,record,2010,Stockholm,tur,225,,,2. baskı.,,,,PK6908.9.P64 K4919 2010,613399379,https://openlibrary.org/works/OL33364496W,,,openlibrary
9789290633700,Invalid ISBN,n/a,Invalid ISBN-13 check digit (expected 9),,9290633700,Ircica hat yarışmaları ödül alan eserler 1986 - 2016 Ircica calligraphy competitions award - winning works 1986 - 2016 Concours de calligraphie de l'Ircica Œuvres primées 1986 - 2016,,,,,,,Ircica,record,2021,Istanbul,tur,567,,,,,,,,,https://openlibrary.org/works/OL32036578W,,,openlibrary
9789444095235,Invalid ISBN,n/a,Invalid ISBN-13 check digit (expected 0),,9444095231,Gümülcine camileri ve hazireleri,,Orhan İsmail,,,World history,"Buildings, structures; Mosques; Islamic architecture; Turkish Architecture; Sepulchral monuments; Turkish Inscriptions; Cemeteries; Turks; Civilization",Batı Trakya Türkleri Araştırma Merkezi,record,2012,"Münih, Almanya",tur; ota,96,,BEBTTAB - Batı Trakya Türkleri Araştırma Merkezi yayınları -- no. 15; Batı Trakya Türkleri Araştırma Merkezi yayınları -- no. 15,,,,,DF951.K56 I86 2010; NA1366 .I76 2010,830104963,https://openlibrary.org/works/OL23230019W,,,openlibrary
9789491914024,Invalid ISBN,n/a,Invalid ISBN-13 check digit (expected 7),,9491914022,Pen in the Park: A Resistance Fairytale – Pen Parkta: Bir Direniş Masalı,,Raşel Meseri,,,,YFP; fairytale; Gezi park; revolution; Turkey,punctum books,record,2014,,ENG; TUR,,,,,,,,,,,,,internet_archive
9789571733795,Invalid ISBN,n/a,Invalid ISBN-13 check digit (expected 1),,9571733792,Kâşgarlı Mahmûd kitabı,,F. Sema Barutçu Özönder,,,,Turkic peoples; Social life and customs; History; Karakhanid language,T.C. Kültür ve Turizm Bakanlığı Yayınları,record,2008,Ankara,tur,496,,TC Kültür ve Turizm Bakanlığı. Kütüphaneler ve Yayımlar Genel Müdürlüğü -- 3169 -- Anma ve armağan kitapları dizisi -- 11; Anma ve armağan kitapları dizisi -- 11; T.C. Kültür ve Turizm Bakanlığı yayınları -- yayın no. 3169,,,,,,732274964,https://openlibrary.org/works/OL37245576W,,,openlibrary
9789576197530,Invalid ISBN,n/a,Invalid ISBN-13 check digit (expected 6),,9576197538,Bir Trk Dnyaya Bedel ki Trk Lak Lak Eder,,Erdal Demirkran,,,,,Kashna,record,2013,,tr,,,,"PS, 2013",,"Hem dnyann en zeki, en alkan, en gz kara bir o kadar da mert ve tarihte birok ilke imza atm sznn eri insanlar bu topraklar zerinde yetiecek hem de imdi ele avuca gelir eylerin azald hatta birbirimize destek olmak yerine kstek olduumuz bir arenada skp kalm olacaz. Akln snrlarnn yetmedii bu paradoks iin, biraz, evet biraz bile dnnce insann hrstan yumruklarn skt u anda silkinip kurtulmann ve Artk bizim de tekrardan uluslararas arenadaki eski yerimizi almamzn zaman gelmedi mi? diye hakl serzenilerin ykseldii bir ortamda kaleme alnan bu eseri okurken hep birlikte hakl kmann utancn yaayacaz ilk nce. Ancak daha sonra bizden hemen sonra gelecek nesillerden itibaren daha ge kalmamak zere harekete gemeyi ve kendimiz de dhil hibir kimseyi baar yolunda engellememeye ant ierek yaamaya devam etmemizi salayacak akl kr bir eser",,,,,,,goodreads
9789608770383,Invalid ISBN,n/a,Invalid ISBN-13 check digit (expected 6),,9608770386,Hē tourkikē logotechnia,"tourkoi logotechnes tou eikostou aiōna, tourkoi logotechnes graphoun kai miloun gia tous Rōmious : praktika epistēmonikōn hēmeridōn, Athēna, 27 Martiou 2004 kai 21 Ianouariou 2006",Hetaireia Meletēs tēs Kath' hēmas Anatolēs,,,Language & literature,Turkish literature; Congresses; History and criticism; Turkish Authors; Criticism and interpretation; Greeks; Greeks in literature,Hetaireia Meletēs tēs Kath' Hēmas Anatolēs,record,2007,Athēna,gre; tur,263,,Praktika synedriōn -- 5; Praktika synedriōn (Hetaireia Meletēs tēs Kath' Hēmas Anatolēs) -- 5,,,,,PL210.G74 H48 2007x,166216937,https://openlibrary.org/works/OL33163120W,,,openlibrary
9789646741827,Invalid ISBN,n/a,Invalid ISBN-13 check digit (expected 9),,9646741827,Nazim Hikmat va Azarbayjan (Turki - Farsi),,Nâzım Hikmet,,,Language & literature,Turkish poetry; Translations into Persian,Nashr-i Andīshah-i Naw,record,2007,,aze; per; tur,227,,,,,,,PL248.H45 A57 2008,1019731198,https://openlibrary.org/works/OL39342236W,,,openlibrary
9789731737373,Invalid ISBN,n/a,Invalid ISBN-13 check digit (expected 9),,9731737375,El-işârât ve't-tenbîhât. İşaretler ve tembihler,,İbn Sînâ,,,,,Türkiye Yazma Eserler Kurumu Başkanlığı,record,2014,Istanbul,tur,742,,,,,,,,,https://openlibrary.org/works/OL38977767W,,,openlibrary
9789750087216,Invalid ISBN,n/a,Invalid ISBN-13 check digit (expected 9),,9750087216,Heway Bakûr,,Behroz Gełałî,,,World history,Miscellanea,s.n.],record,2007,Enkere [Turkey,kur,299,,,Çapî 1.,,"Kurdistan (Iraq); politics and governments; foreign relations; Turkey; Gełałî, Behroz; diplomat and politician; Kurdistan (Iraq); biography.",,DR417 .G45 2007,776999748,https://openlibrary.org/works/OL16517361W,,,openlibrary
9789750106381,Invalid ISBN,n/a,Invalid ISBN-13 check digit (expected 5),,9750106385,Production of industrial explosives in the United States during the calendar year 1941 / by W.W. Adams and V.E. Wrenn.,,"Adams, W. W. 1884-1945",,,,,"U.S. Dept. of the Interior, Bureau of Mines, 1942",record,1942,,en,,,,"District of Columbia, 1942",,,,,,,,,hathitrust
9789750123321,Invalid ISBN,n/a,Invalid ISBN-13 check digit (expected 0),,9750123328,From Konstantiniyye to İstanbul,photographs of the Rumeli shore of the Bosphorus from the mid 19th to the 20th century,M. Sinan Genim,,,World history,Pictorial works; Architecture; Photography; Photographers; History; Photograph collections; Suna ve İnan Kıraç Vakfı,İstanbul Research İnstitute,record,2007,Istanbul,eng,863,,"İstanbul Research Institute publication -- 1, 3",,tur,,,DR724 .G4613 2007,230867180,https://openlibrary.org/works/OL39229836W,,,openlibrary
9789750166900,Invalid ISBN,n/a,Invalid ISBN-13 check digit (expected 7),,9750166906,Bir tatlı huzur beldesi Alemdağ,,"[araṣtırma, yazım, Salih Şahin]",,,World history,,Alemdağ Belediyesi,record,2007,,tr,,,,"Alemdağ Belediyesi kültür yayınları -- 1, Araştırma, inceleme -- 1, 1. baskı., İstanbul, Turkey, 2007",,,,DS51.A394 S24 2007,,,,,openlibrary
9789750604346,Invalid ISBN,n/a,Invalid ISBN-13 check digit (expected 8),,9750604342,Anadolu Üniversitesi Halkbilim Araştırmaları Merkezi koleksiyonundan el sanatları örnekleri,,hazırlayanlar Tevhide Özbağı ... [et al.],,Catalogs,Fine arts,Anadolu Üniversitesi. -- Halkbilim Araştırmaları Merkezi -- Catalogs; Textile crafts -- Turkey -- Catalogs; Fancy work -- Turkey -- Catalogs; Handicraft -- Turkey -- Catalogs; Fancy work; Catalogs; Textile crafts; Anadolu Üniversitesi. Halkbilim Araştırmaları Merkezi; Handicraft; Anadolu Üniversitesi,T.C. Anadolu Üniversitesi,record,2007,Eskişehir,tur,,,T.C. Anadolu Üniversitesi yayınları -- no. 1732. -- Halkbilim Araştırmaları Merkezi yayınları -- no. 3,,,,,NK8865.A1 A53 2007,,https://openlibrary.org/works/OL18549380W,,,openlibrary
9789750626459,Invalid ISBN,n/a,Invalid ISBN-13 check digit (expected 6),,9750626451,Tarihî kırıntılar,,Barış Bıçakçı,,,,,İletişim Yayınları,record,2019,Istanbul,tur,194,,,,,,,,,https://openlibrary.org/works/OL32606808W,,,openlibrary
9789751141008,Invalid ISBN,n/a,Invalid ISBN-13 check digit (expected 2),,9751141001,Alafrangalığın tarihi,geleneğin tasfiyesi ya da yeniden üretilmesi,Hilmi Yavuz,,,Language & literature,Turkish essays; Modern Civilization; Social change; Enlightenment; Intellectual life; Orientalism; History; Civilization,Timaş,record,2009,İstanbul,tur,239,,Timaş Yayınları -- 2175. Hilmi Yavuz kitaplığı; 3; Timaş Yayınları -- 2175. Hilmi Yavuz kitaplığı,1. baskı.,,,,PL248.Y285 A75 2009; CB411 .Y38 2009,658059935; 538899728,https://openlibrary.org/works/OL19825275W,,,openlibrary
9789751203992,Invalid ISBN,n/a,Invalid ISBN-13 check digit (expected 1),,9751203996,Esnek çalişma ve istihdama etkileri,,Gülnur Evren,,,Law,Flextime; Law and legislation; Collective labor agreements; Labor laws and legislation,Seçkin Yayıncılık,record,2007,Ankara,tur,129,,Hukuk kitapları dizisi -- 785,1. baskı.,,,,KKX1410 .E97 2007x,754170697,https://openlibrary.org/works/OL35491449W,,,openlibrary
9789751360737,Invalid ISBN,n/a,Invalid ISBN-13 check digit (expected 1),,9751360730,"Açıklamalı yönetim zamandizini, 1919-1928 (I+II)",,(Ed) Nuray Ertürk Keskin,,,,,"Ankara Üniversitesi-SBF, Kamu Yönetimi AUM",record,2012,Ankara,tur,2394,,,,,,,,,https://openlibrary.org/works/OL31518145W,,,openlibrary
9789751494807,Invalid ISBN,n/a,Invalid ISBN-13 check digit (expected 1),,975149480X,Edirne ve çevresinde Osmanlı dönemi askerî mimari,,Servet Ünkazan,,,Fine arts,"Military architecture; History; Fortification; Buildings, structures; Military History",T.C. Edirne Valiliği Kültür yayınları,record,2013,Edirne,tur,113,,Edirne kitaplığı -- 8,Birinci baskı.,,,,NA497.T9 U64 2013,919167414,https://openlibrary.org/works/OL23273530W,,,openlibrary
9789751626380,Invalid ISBN,n/a,Invalid ISBN-13 check digit (expected 7),,9751626382,Seyâhatnâme,,Evliya Çelebi,,,"Geography, anthropology & recreation",Early works to 1800; Description and travel; History; Geography; Travel; Geografie; Reise; Osmanisch; Quelle,Türk Tarih Kurumu Basımevi,record,2013,Ankara,ota; tur,,,AKDTYK Türk Tarih Kurumu yayınları. I. dizi -- sayı 6; Türk Tarih Kurumu yayınlarından -- sayı 6,,,,,G460 .E955 2013,891651879,https://openlibrary.org/works/OL31691733W,,,openlibrary
9789751639910,Invalid ISBN,n/a,Invalid ISBN-13 check digit (expected 2),,9751639913,Mehmet Emin Resulzade. Yeni Kafkasya yazıları (1923 - 1927),,Yavuz Akpınar,,,,,Türk Tarih Kurumu,record,2017,Ankara,tur,398,,,,,,,,,https://openlibrary.org/works/OL32561146W,,,openlibrary
9789751736812,Invalid ISBN,n/a,Invalid ISBN-13 check digit (expected 9),,9751736811,Sait Faik Abasıyanık,,Yalçın Armağan (Ed),,,,,KTB,record,2013,Ankara,tur,550,,,,,,,,,https://openlibrary.org/works/OL41913050W,,,openlibrary
9789751765909,Invalid ISBN,n/a,Invalid ISBN-13 check digit (expected 1),,9751765900,Ku ikat Tuhan dekat gantungan setan,kumpulan puisi religius,Rajabonar,,,Music,,KORR,record,2008,Jakarta,ind,92,,,Ed. 1.,,,,MLCSE 2008/02207 (P),,https://openlibrary.org/works/OL13692394W,,,openlibrary; openlibrary
9789751785822,Invalid ISBN,n/a,Invalid ISBN-13 check digit (expected 4),,9751785820,Sahne çalışması için 100 monolog,,T. Yılmaz Öğüt,,,Language & literature,Turkish drama; Soliloquy; Drama; Translations into Turkish; Classical drama,Mitos-Boyut,record,2004,"Taksim, İstanbul",tur,,,Tiyatro / kültür dizisi -- 96; MitosBoyut tiyatro/kültür dizisi -- 96,1. baskı.,,Turkish drama; 20th century.,,PL237 .S236 2004,732798607,https://openlibrary.org/works/OL22613766W,,,openlibrary
9789751926059,Invalid ISBN,n/a,Invalid ISBN-13 check digit (expected 0),,975192605X,Türkiye'de umumi müfettişliklerin kurulması ve Trakya Umumi Müfettişliği,,Murat Burgaç,,,Political science,Governmental investigations; Politics and government; Public administration; History; Press; Turks; Cypriots; Newspapers; Turkish newspapers; Turkish periodicals,Atatürk Araştırma Merkezi Yayınları,record,2013,Ankara,tur,443,,,,,,,JQ1805.A55 I633; PN5449.C93 T87 2013; JQ1805.A55 B87 2013,907793275; 892576465,https://openlibrary.org/works/OL23256318W,,,openlibrary
9789751940530,Invalid ISBN,n/a,Invalid ISBN-13 check digit (expected 7),,9751940532,Hayvancılık,Özel İhtisas Komisyonu raporu,Devlet Planlama Teşkilatı (Turkey),,,Social sciences,Animal culture; Animal industry; Livestock; Domestic animals; Agricultural industries,T.C. Başbakanlık Devlet Planlama Teşkilatı,record,2007,Ankara,tur,118,,Dokuzuncu Kalkınma Planı 2007-2013; T.C. Başbakanlık Devlet Planlama Teşkilatı -- yayın no. DPT 2717. -- ÖİK -- 670; Devlet Planlama Teşkilatı (Series) -- yayın no. DPT 2717; Devlet Planlama Teşkilatı (Series) -- yayın no. ÖİK 670,,,,,HD9426.T92 H38 2007,755230811,https://openlibrary.org/works/OL32982542W,,,openlibrary
9789751941445,Invalid ISBN,n/a,Invalid ISBN-13 check digit (expected 2),,975194144X,I. Uluslararası Türk Dünyası Kültür Kurultayı,"9-15 Nisan 2006, Çeşme-İzmir : bildiri kitabı",Turkey) Uluslararası Türk Dünyası Kültür Kurultayı (1st 2006 Çeşme,,,World history,Turkic Civilization; Congresses; Turkic Folk literature; Turkic peoples; Folklore; Turkic languages; Turkic literature; Turkish literature; Architecture; History and criticism; Turkish Folk literature; Turks,Ege Üniversitesi Türk Dünyası Araştırmaları Enstitüsü,record,2007,Ankara,tur,2364,,,,,,,DS26 .U337 2006; GR300 .U68 2006; DS26 .U45 2006,234218835,https://openlibrary.org/works/OL24125025W,,,openlibrary
9789751945533,Invalid ISBN,n/a,Invalid ISBN-13 check digit (expected 2),,9751945534,Türkiye'de eğitim politikalarının fırsat eşitsizliği üzerindeki etkileri,,Serdar Polat,,,Education,Education; Education and state; Educational equalization,Devlet Planlama Teşkilatı,record,2009,Ankara,tur,169,,DPT-Uzmanlık tezleri,,,,,LC213.3.T9 P642 2009,794180010,https://openlibrary.org/works/OL32109958W,,,openlibrary
9789752380222,Invalid ISBN,n/a,Invalid ISBN-13 check digit (expected 6),,9752380220,Eugenics in Turkey during the 1930's,,Orhan Aybers,,,Social sciences,Eugenics; History,Libra Kitapçılık ve Yayıncılık Ticaret A.Ş,record,2017,"Osmanbey, İstanbul",eng,202,,History -- 206; Tarih dizisi (Libra Kitapçılık ve Yayıncılık) -- 206,1st edition.,,,,HQ755.5.T9 A93 2017,1023863041,https://openlibrary.org/works/OL32462226W,,,openlibrary
9789752465087,Invalid ISBN,n/a,Invalid ISBN-13 check digit (expected 4),,9752465080,Sultan V. Mehmed Reşad ve dönemi (sergi kataloğu),,,,,,,TBMM Milli Saraylar,record,2017,Istanbul,tur,207,,,,,,,,,https://openlibrary.org/works/OL43706768W,,,openlibrary
9789752725098,Invalid ISBN,n/a,Invalid ISBN-13 check digit (expected 6),,9752725090,"Tarihsel süreçten soyadı kanununa sülaleler, lakaplar ansiklopedisi",,A. Güngör Üçüncüoğlu,,,History (auxiliary sciences),Turkish Names; Dictionaries; Personal Names; Tribes; Clans; Ethnic groups,A. Güngör Üçüncüoğlu,record,2009,[Ankara],tur,,,,,,,,CS3040 .U28 2009; CS3040 .U38 2009,601345846; 489295459,https://openlibrary.org/works/OL23347901W,,,openlibrary
9789753120355,Invalid ISBN,n/a,Invalid ISBN-13 check digit (expected 7),,9753120354,Türk-İslam tarihinde yükseköğretim,Selçuklu-Osmanlı sınırlarında gelenek ve değişim,Mustafa Gencer,,,Education,Higher Education; History; Universities and colleges,Abant İzzet Baysal Üniversitesi Yayınları,record,2015,Bolu,tur,202,,,,,,,LA1498 .T87 2015,965174527,https://openlibrary.org/works/OL32577566W,,,openlibrary
9789753175718,Invalid ISBN,n/a,Invalid ISBN-13 check digit (expected 5),,975317571X,Almanakh Nova bŭlgarska literatura,proza 2010,,,,,Bulgarian Short stories,"Fondat͡sii͡a ""Bukvite""",record,2010,Sofii͡a,bul,203,,,1. izd.,,,,,710814626,https://openlibrary.org/works/OL33376007W,,,openlibrary
9789753293224,Invalid ISBN,n/a,Invalid ISBN-13 check digit (expected 8),,9753293224,Dylan Dog Dev Albüm 1,,Angelo Stano; Bruno Brindisi; Giampiero Casertano; Mauro Marcheselli; Tiziano Sclavi; Ugolino Cossu,,fantastik edebiyat; korku kurgu; çizgi roman,,,Oğlak Yayınları,record,2000,,Türkçe,216,,,,,,,,,,,https://www.wikidata.org/wiki/Q135646830,wikidata
9789754095096,Invalid ISBN,n/a,Invalid ISBN-13 check digit (expected 8),,9754095094,Askeri Müze resim koleksiyonu,,"Askeri Müze (Istanbul, Turkey)",,,Fine arts,"War in art; Exhibitions; Catalogs; Turkish Painting; Askeri Müze (Istanbul, Turkey)",Askeri Müze ve Kültür Sitesi Komutanlığı,record,2011,"Harbiye, İstanbul",tur,529,,,,,,,ND1460.W37 A85 2011; ND1460.W37 T872 2011,779274382,https://openlibrary.org/works/OL23230289W,,,openlibrary
9789754179442,Invalid ISBN,n/a,Invalid ISBN-13 check digit (expected 6),,9754179441,Ri an! cong ye ti zao kai shi,50 kuan tian ran ye ti zao pei fang VS ju jia bao yang xiao mi fang,Suxing Zhang,,,,Soap,Zhang Suxing; Bai xiang wen hua shi ye you xian gong si dai li jing xiao,record,2011,Taizhong Shi,chi,153,,,Chu ban,,,,,777998165,https://openlibrary.org/works/OL19949290W,,,openlibrary
9789754310572,Invalid ISBN,n/a,Invalid ISBN-13 check digit (expected 3),,9754310572,Marksist Leninist Partinin Temel Eitim Dersleri,,Veysel Atayman,,,,,Sorun Y,record,1996,,tr,,,,"US, 1996",,,,,,,,,goodreads
9789755072080,Invalid ISBN,n/a,Invalid ISBN-13 check digit (expected 1),,975507208X,Gazi üniversitesi öğrenci profili araştırması,,Nazife Güngör,,,,Students; Statistics; College students; Gazi Üniversitesi,Gazi Üniversitesi,record,2007,Ankara,tur,390,,Gazi Üniversitesi yayını -- no. 9 -- G.Ö. Öğrenci Danışma Merkezi yayını -- no. 1; Gazi Üniversitesi yayını -- no. 9; Gazi Üniversitesi yayını -- no. 1,,,,,,897806700,https://openlibrary.org/works/OL39262601W,,,openlibrary
9789755580131,Invalid ISBN,n/a,Invalid ISBN-13 check digit (expected 5),,9755580131,"Kul, tebaa, yurttaş",Cumhuriyet'in kuruluşundan günümüze ders kitaplarında yurttaşlık,Fatma Gürses,,,Political science,Citizenship; History; Turkish Civics; Study and teaching,Ütopya,record,2011,"Kızılay, Ankara",tur,395,,Siyasal kültür dizisi,1. baskı.,,,,JQ1809.A2 G87 2011,761216409; 759992102,https://openlibrary.org/works/OL23240219W,,,openlibrary
9789755665992,Invalid ISBN,n/a,Invalid ISBN-13 check digit (expected 3),,9755665994,Türkiye'de yeni din algısının doğuşu (1839 - 1938),,Remzi Demir,,,,Islam and state; Islam and social problems,Lotus Yayın Grubu,record,2019,Istanbul,tur,96,,,,,,,,,https://openlibrary.org/works/OL32287040W,,,openlibrary
9789755700770,Invalid ISBN,n/a,Invalid ISBN-13 check digit (expected 9),,9755700773,Babalar ve oğullar,Tanzimat romanının epistemolojik temelleri,Jale Parla,,,Language & literature,Turkish fiction; History and criticism; Fathers and sons in literature; History,İletişim Yayınları,record,2014,İstanbul,tur,150,,İletişim yayınları -- 118. -- Araştırma-inceleme dizisi -- 22; İletişim yayınları -- 118; İletişim yayınları -- 22,11. baskı.,,,,PL223 P2526 2014,942530889,https://openlibrary.org/works/OL4270994W,,,openlibrary
9789755753344,Invalid ISBN,n/a,Invalid ISBN-13 check digit (expected 8),,9755753346,Hatırda kalmaz satırda kalır,58 portre,Ümit Bayazoǧlu,,,World history,History; Celebrities; Biography,Aras Yayıncılık,record,2013,"Beyoğlu, İstanbul",tur,387,,,,,,,DR593 .B36 2013; CT1906 .B39 2013,868891343; 885074347,https://openlibrary.org/works/OL23369132W,,,openlibrary
9789755878696,Invalid ISBN,n/a,Invalid ISBN-13 check digit (expected 0),,9755878696,Dönemimizde Kazakistan Türkiye ilişkileri ve Türk dünyası,,Bagdad Amreev,,,World history,Diplomats; Foreign relations; Biography,Hayat Yayın Grubu,record,2011,"Eyüp, İstanbul",tur,342,,Hayat güncel -- 02,"Hayat güncel -- 02, Eyüp, İstanbul, Turkey, 2011",,,,DK908.75.T9 A47 2011; DK908.75.T87 A473 2011,750168302,https://openlibrary.org/works/OL16646721W,,,openlibrary; openlibrary
9789755988854,Invalid ISBN,n/a,Invalid ISBN-13 check digit (expected 6),,9755988858,Anadolu'da aleviliğin dünü ve bugünü,,Halil İbrahim Bulut (Ed),,,"Philosophy, psychology & religion",Bektashi; History; Islamic sects; Alevis,Sakarya Üniversitesi,record,2010,Sakarya,tur,612,,,,,,,BP189.7.B4 A53 2010,1080306530,https://openlibrary.org/works/OL31391207W,,,openlibrary
9789756051888,Invalid ISBN,n/a,Invalid ISBN-13 check digit (expected 7),,9756051884,Abidin Dino,,M. Şehmus Güzel,,,Fine arts,Painters; Biography; Artists,Kitap Yayınevi,record,2008,"Kağıthane, İstanbul",tur,,,"Anı ve yaşam dizisi -- 13, 14, 15",1. basım.,,,,ND873.D55 G89 2008,227001982,https://openlibrary.org/works/OL24119218W,,,openlibrary
9789756151972,Invalid ISBN,n/a,Invalid ISBN-13 check digit (expected 6),,9756151978,II. Ahi Evran-ı Veli ve Ahilik araştırmaları sempozyumu .,,M. Fatih Köksal,,,,,Kırşehir Valiliği,record,2007,Ankara,tur,471,,,,,,,,,https://openlibrary.org/works/OL39584684W,,,openlibrary
9789756156819,Invalid ISBN,n/a,Invalid ISBN-13 check digit (expected 0),,9756156813,Bizim Kudüs,,Hıdır Yıldırım,,,,Fiction,Eğitim-Bir-Sen,record,2018,İstanbul,tur,366,,,,,,,,1229110825,https://openlibrary.org/works/OL45941848W,,,openlibrary
9789756168657,Invalid ISBN,n/a,Invalid ISBN-13 check digit (expected 3),,975616865X,Güleç yüzlü anılar,,İlhan Bardakçı,,,,,Türk Edebiyatı Vakfı,record,2012,Istanbul,tur,157,,,,,,,,,https://openlibrary.org/works/OL32182944W,,,openlibrary
9789756168664,Invalid ISBN,n/a,Invalid ISBN-13 check digit (expected 0),,9756168668,Taşa kazınan ihanet,Ermeni ihanetinin Paris'teki belgesi,Cemal Aydin,,,World history,"Armenians; History; Armenian massacres, 1915-1923; Sources; Armenian massacres (1915-1923) fast (OCoLC)fst00814739; Armenian Genocide, 1915-1923",Türk Edebiyatı Vakfı,record,2012,"Sultanahmet, İstanbul",tur,112,,,1. baskı.,,,,DC34.5.A7 A934 2012; DS195.5 .A934 2012; DS195.5 .A934 2016,828890912; 967709394,https://openlibrary.org/works/OL23192730W,,,openlibrary
9789756346338,Invalid ISBN,n/a,Invalid ISBN-13 check digit (expected 4),,9756346337,Mesnevî-i ma'navî şerhi,ilk 1001 beyit,H. Hüseyin Top,,,Language & literature,,Tablet,record,2008,Konya,tur,542,,,,,,,PK6481.M9 T67 2008,,https://openlibrary.org/works/OL16469548W,,,openlibrary
9789756443409,Invalid ISBN,n/a,Invalid ISBN-13 check digit (expected 8),,9756443405,Oflu Hoca kavramını oluşturan din adamları,,Haşim Albayrak,,,"Philosophy, psychology & religion",Islam; Muslim scholars; Biography; History,Sahhaflar Kitap Sarayı,record,2008,"Beyazıt, İst. [i.e. İstanbul]",tur,472,,Biyografi -- 1,,,,,BP63.T82 O43 2008; DS51.T7 A43 2008,234216976,https://openlibrary.org/works/OL15639524W,,,openlibrary
9789756585308,Invalid ISBN,n/a,Invalid ISBN-13 check digit (expected 6),,9756585307,Zemheride yürekler geçti,,Murat Sezgin,,,,,Kardelen Yayımcılık,record,2007,İstanbul,tur,556,,,1. baskı.,,,,,190632488,https://openlibrary.org/works/OL35586403W,,,openlibrary; openlibrary
9789756642607,Invalid ISBN,n/a,Invalid ISBN-13 check digit (expected 3),,9756642602,Ayla Demiroğlu kitabı,,"hazırlayan, Âdem Ceyhan",,Biography,Language & literature,"Demiroğlu, Ayla, -- 1935-; Critics -- Turkey -- Biography; Turkish literature -- History and criticism; Critics; Turkish literature; Biography; History and criticism; Turkish poetry",Kutupyıldızı Yayınları,record,2006,İstanbul,tur,418,,,,,,,PL204.5.D46 A95 2006; PL205 .A95 2006,154955714,https://openlibrary.org/works/OL18604036W,,,openlibrary
9789756642676,Invalid ISBN,n/a,Invalid ISBN-13 check digit (expected 2),,975664267X,1974 Kıbrıs gazisi olmak,anılar ve tavsiyeler,Salih Şahin,,,World history,Personal narratives; History,Kutupyıldız Yayınları,record,2007,İstanbul,tur,248,,,,,,,DS54.93.S34 A3 2007,809359230,https://openlibrary.org/works/OL24113544W,,,openlibrary
9789756678952,Invalid ISBN,n/a,Invalid ISBN-13 check digit (expected 4),,975667895X,Türkçülükten İslamcılığa Milli Türk Talebe Birliği,,Doğan Duman,,,Education,College students; History; Millî Türk Talebe Birliği; Millı̂ Türk Talebe Birliği; Islam and politics; Political activity,Vadi Yayınları,record,2008,"Kızılay, Ankara",tur,296,,Vadi yayınları -- 247. -- Toplum dizisi -- 80; Vadi yayınları -- 247. -- Toplum dizisi 80,1. basım.,,Turkey; Islamic movements; history; 1916-2006.,,LA948.7 .D86 2008; LA948.7 D86 2008,276131905,https://openlibrary.org/works/OL16009052W,,,openlibrary
9789756712497,Invalid ISBN,n/a,Invalid ISBN-13 check digit (expected 8),,975671249X,Evropa,"aktualʹnye problemy ėtnokulʹtury : Materialy VII Mezhdunarodnoĭ nauchno-teoreticheskoĭ konferent͡sii (g. Minsk, 21 i͡anvari͡a 2013 goda",Belarus) Evropa--aktualʹnye problemy ėtnokulʹtury (Conference) (7th 2013 Minsk,,,,Ethnic groups; Congresses; History,Belorusskiĭ gosudarstvennyĭ pedagogicheskiĭ universitet imeni Maksima Tanka,record,2014,Minsk,rus,291,,,,,,,,,https://openlibrary.org/works/OL31710502W,,,openlibrary
9789757205688,Invalid ISBN,n/a,Invalid ISBN-13 check digit (expected 5),,9757205680,Çemişgezek-Nürnberg hattında bir doktor,,Necdet Tuna,,,Medicine,Physicians; Biography,Nobel Tıp Kitabevi,record,2007,"Çapa, İstanbul",tur,392,,,,,,,R643.T86 A3 2007; R643.T8 A3 2007,218892954,https://openlibrary.org/works/OL24125021W,,,openlibrary
9789757573644,Invalid ISBN,n/a,Invalid ISBN-13 check digit (expected 7),,9757573647,Aynadaki rme,,Narin Ykler,,,,,Mays Yaynlar,record,2017,,tr,,,,"PS, 2017",,"Mola zaman. asfaltta lastik kokusu. gnete yanm Alnm, ayak ularmdaki zdrapla snra kendimden Yaknm.",,,,,,,goodreads
9789757621771,Invalid ISBN,n/a,Invalid ISBN-13 check digit (expected 5),,9757621773,Ahterî-i kebir,,Muṣṭafá ibn Aḥmad Akhtarī,,,,Arabic language; Dictionaries; Turkish; Early works to 1800,Türk Dil Kurumu,record,2009,Ankara,tur,1320,,Türk Dil Kurumu yayınları -- 975 -- Türkiye Türkçesi sözlükleri projesi -- Eski sözlükler dizisi -- 9; Türk Dil Kurumu yayınları -- 975; Türk Dil Kurumu yayınları; Türk Dil Kurumu yayınları -- 9,1. baskı.,,,,,857922499,https://openlibrary.org/works/OL39596254W,,,openlibrary; openlibrary
9789757739240,Invalid ISBN,n/a,Invalid ISBN-13 check digit (expected 1),,9757739243,Milliyetçi Dernekler,,Necmeddin Sefercioğlu,,,,,Türk Ocakları Ankara Şubesi Yayınları,record,2008,Ankara,tur,73,,,,,,,,1193250490,https://openlibrary.org/works/OL37216334W,,,openlibrary
9789757794305,Invalid ISBN,n/a,Invalid ISBN-13 check digit (expected 1),,9757794309,İbn Rûşen (ö. 1672'den sonra) Fezâ'il-i remy Okçuluğun faziletleri (Çeviri yazı - sadeleştirme - tıpkıbasım),,Recep Selman Doğru,,,,,Türkiye Yazma Eserler Kurumu Başkanlığı,record,2020,Istanbul,tur,180,,,,,,,,1256642862,https://openlibrary.org/works/OL32323923W,,,openlibrary
9789757814709,Invalid ISBN,n/a,Invalid ISBN-13 check digit (expected 2),,9757814709,nsan Tanr,,Esat Korkmaz; brahim Karaka; Bahri akr,,,,,Pencere Yaynlar,record,2014,,tr,,,,"PS, 2014",,"Kendi gemilerinden 'rken' bugnn Alevilerine-Bektailerine kar dnn Alevileri-Bektaileri, felsefeleri gerei; doada insan dahil hemen her eyin ilk kurucusu ilkesinin 'madde' ya da 'lmeden evvel lelim ki dirilelim' anlayn yaama geirmekle Tanr'ya ve lme insanca bir direniin 'yks'n yazdlar. nanlarn yaamn diyalektiiyle sorgulayarak, inan olmaktan karp bilgiye dntrdler. Hayal gcnn snrsz zgrln de kullanarak ne karan ve kafalar zincire vurmaya alan 'boinan' durumundaki bilgisizlie bakaldrdlar.",,,,,,,goodreads
9789757881262,Invalid ISBN,n/a,Invalid ISBN-13 check digit (expected 1),,9757881260,Dünden bugüne Trabzon basını,1869-2009,Hüseyin Albayrak,,,Language & literature,Turkish newspapers; Turkish periodicals; Journalists; Press; Biography; History,Trabzon İli ve İlçeleri Eğitim Kültür ve Sosyal Yardımlaşma Vakfı,record,2010,Trabzon,tur,,,,1. baskı.,,,,PN5449.T83 T733 2010,689541823,https://openlibrary.org/works/OL16662937W,,,openlibrary
9789757881279,Invalid ISBN,n/a,Invalid ISBN-13 check digit (expected 8),,9757881279,Dünden bugüne Trabzon basını,1869-2009,Hüseyin Albayrak,,,Language & literature,Turkish newspapers; Turkish periodicals; Journalists; Press; Biography; History,Trabzon İli ve İlçeleri Eğitim Kültür ve Sosyal Yardımlaşma Vakfı,record,2010,Trabzon,tur,,,,1. baskı.,,,,PN5449.T83 T733 2010,689541823,https://openlibrary.org/works/OL16662937W,,,openlibrary
9789757881286,Invalid ISBN,n/a,Invalid ISBN-13 check digit (expected 5),,9757881287,Dünden bugüne Trabzon basını,1869-2009,Hüseyin Albayrak,,,Language & literature,Turkish newspapers; Turkish periodicals; Journalists; Press; Biography; History,Trabzon İli ve İlçeleri Eğitim Kültür ve Sosyal Yardımlaşma Vakfı,record,2010,Trabzon,tur,,,,1. baskı.,,,,PN5449.T83 T733 2010,689541823,https://openlibrary.org/works/OL16662937W,,,openlibrary
9789757881293,Invalid ISBN,n/a,Invalid ISBN-13 check digit (expected 2),,9757881295,Dünden bugüne Trabzon basını,1869-2009,Hüseyin Albayrak,,,Language & literature,Turkish newspapers; Turkish periodicals; Journalists; Press; Biography; History,Trabzon İli ve İlçeleri Eğitim Kültür ve Sosyal Yardımlaşma Vakfı,record,2010,Trabzon,tur,,,,1. baskı.,,,,PN5449.T83 T733 2010,689541823,https://openlibrary.org/works/OL16662937W,,,openlibrary
9789757881309,Invalid ISBN,n/a,Invalid ISBN-13 check digit (expected 8),,9757881309,Dünden bugüne Trabzon basını,1869-2009,Hüseyin Albayrak,,,Language & literature,Turkish newspapers; Turkish periodicals; Journalists; Press; Biography; History,Trabzon İli ve İlçeleri Eğitim Kültür ve Sosyal Yardımlaşma Vakfı,record,2010,Trabzon,tur,,,,1. baskı.,,,,PN5449.T83 T733 2010,689541823,https://openlibrary.org/works/OL16662937W,,,openlibrary
9789758209221,Invalid ISBN,n/a,Invalid ISBN-13 check digit (expected 4),,9758209221,El-fethu'r Rabbani,âlemlerin anahtarı,ʻAbd al-Qādir al-Jīlānī,,,,Sufism; Early works to 1800,Mavi Yayıncılık,record,2014,"Edirnekapı, İstanbul",tur; ara,605,,,,,,,,883686131,https://openlibrary.org/works/OL31481531W,,,openlibrary
9789758495453,Invalid ISBN,n/a,Invalid ISBN-13 check digit (expected 0),,9758495453,Eating in Northeastern Cambodia,a socio-anthropological approach to highland food in Ratanakiri,Manon Istasse,,,Social sciences,Food habits; Food; Food supply,White Lotus Press,record,2016,"Bangkok, Thailand",eng,331,,,,,,363.809596,GT2853.C16 I88 2016,935783989,https://openlibrary.org/works/OL32685213W,,,openlibrary
9789758886378,Invalid ISBN,n/a,Invalid ISBN-13 check digit (expected 1),,9758886371,Kültürel kimlikten ulusal kimliğe,Kırgızistan örneği,Fazlı Polat,,,World history,Kyrgyz; Ethnic identity; Civilization; Turkic peoples,Bizim Büro Basımevi,record,2007,"Kızılay, Ankara",tur,226,,,1. baskı.,,,,DK918.6 .P64 2007,316886763,https://openlibrary.org/works/OL35586720W,,,openlibrary
9789758893674,Invalid ISBN,n/a,Invalid ISBN-13 check digit (expected 6),,975889367X,Geçmişten günümüze azınlık okulları,sorunlar ve çözümler projesi özet raporu,Selçuk Akşin Somel,,,Education,Minorities; Education; History; Church schools; Religious education; Aliens; Missionaries; Linguistic minorities; Native language and education; Ethnic relations; Languages; Political aspects; Schools; Language and languages; Greeks; Armenians; Jews; Greek Schools; Armenian Schools; Jewish day schools; Jewish religious schools; Noncitizens,Tarih Vakfı,record,2013,"Eminönü, İstanbul",tur; arm; gre; eng,104,,,Birinci basım.,,,,LC3737.T9 S65 2013,875631861; 877531648; 877566676,https://openlibrary.org/works/OL32842429W,,,openlibrary
9789758917218,Invalid ISBN,n/a,Invalid ISBN-13 check digit (expected 1),,9758917218,Avrupa Birliği ve Türkiye,"sorular, yanıtlar",Meral Tecer,,,Social sciences,Politics and government; European Union; Foreign relations,Türkiye ve Orta Doğu Amme İdaresi Enstitüsü,record,2007,"Yücetepe, Ankara",tur,290,,,1. basım.,,,,HC240.25.T8 T43 2007; HC240.25.T9 T43 2007,283800438,https://openlibrary.org/works/OL16614857W,,,openlibrary
9789759033776,Invalid ISBN,n/a,Invalid ISBN-13 check digit (expected 4),,9759033771,Peçenekler ve Tikveş Türkleri,,S. Balkan,,,World history,Pecheneg (Turkic people); Turks; Social life and customs; Manners and customs,E Yayınları,record,2017,"Cağaloğlu, İstanbul",tur,128,,,Birinci basım.,,,,DR27.P47 B34 2017,1026126456,https://openlibrary.org/works/OL32349762W,,,openlibrary
9789759123823,Invalid ISBN,n/a,Invalid ISBN-13 check digit (expected 6),,9759123827,Kariye Camii yeniden,,Holger A. Klein; Robert G. Ousterhout; Brigitte Pitarakis,,,Fine arts,"Congresses; Buildings, structures; Church architecture; Church buildings; Byzantine Architecture; Byzantine Art; Church decoration and ornament; Christian art and symbolism; Conservation and restoration; History; Kariye Camii (Istanbul, Turkey); Byzantine Institute of America",İstanbul Araştırmaları Enstitüsü,record,2011,İstanbul,tur,510,,İstanbul Araştırmaları Enstitüsü yayınları -- 14; Sempozyum dizisi -- 1,,,,,NA5870.K3 K375 2011; NA5870.K3 K37 2011,712779411,https://openlibrary.org/works/OL23232799W,,,openlibrary
9789759247139,Invalid ISBN,n/a,Invalid ISBN-13 check digit (expected 3),,9759247135,Türk eǧitim tarihi,el kitabı,Güray Kırpık,,,Education,Education; History; Education and state,Grafiker,record,2016,"Balgat, Ankara",tur,311,,,1. baskı.,,,,LA941 .K57 2016,982487646,https://openlibrary.org/works/OL32655811W,,,openlibrary
9789759269065,Invalid ISBN,n/a,Invalid ISBN-13 check digit (expected 7),,9759269066,"""Şu gemide ah ben de olsaydım--""",Çanakkale'den savaş dışı anılar,E. Zeynep Suda Güler,,,World history,Jews; Population; Social life and customs; History,Turkuaz Yayınları,record,2007,"Galatasaray, İstanbul",tur,126,,Turkuaz Yayınları -- 7,1. baskı.,,,,DS51.C36 G843 2007,248001542,https://openlibrary.org/works/OL33190215W,,,openlibrary
9789759315187,Invalid ISBN,n/a,Invalid ISBN-13 check digit (expected 4),,9759315181,Procesfacilitering i praksis,,Rikke Kajhj Jensen; Louise Lauststen; Mia Siberg; Henrik Thomsen,,,,,Samfundslitteratur,record,2011,,da,,,,"PS, 2011",,,,,,,,,goodreads
9789759374554,Invalid ISBN,n/a,Invalid ISBN-13 check digit (expected 6),,9759374552,Kocaeli & vicinity (Bithynia) in journeys,,F. Yavuz Ulugün,,,World history,Description and travel; History,Izmit Rotary Club,record,2010,"[Izmit, Turkey?]",eng; grc; lat,326,,,,,,,DS51.K47 U67 2010,795795075,https://openlibrary.org/works/OL23372855W,,,openlibrary
9789759536194,Invalid ISBN,n/a,Invalid ISBN-13 check digit (expected 0),,9759536196,Aramzdaki Psikopatlar ve Nefret Sulular,,Tark Solmu,,,,,Doruk Yaynlar,record,2014,,tr,,,,"PS, 2014",,"Hayatlar boyunca bir sekilde su islemi, bakalarna ac ektirmi olan insanlarn; rnein cinsel tacizcilerin, tecavzclerin, mobbingcilerin, iskencecilerin, ete yelerinin, dini / politik rgt liderlerinin, rklarn, diktatrlerin ya da seri katillerin psikolojisi Psikopatlk, yani narssizm, antisosyal davranlar, sadizm, paranoid zellikler Ahlaki deerlerden uzaklk, igrszlk, empatiden yoksunluk Kin, nefret, intikam, deersizlik hatta hilik duygusu Ar benmerkezcilik; herkesin onun ihtiyalarn karlamas gerektiine inanma Toplumsal kurallar, ilkeleri, prensipleri hie sayma Basta anne baba olmak zere bir ok insan tarafndan terk edilme, reddedilme, taciz ya da istismar yasam olma Herkese kars kskanlk, haset, kin, nefret ve intikam duygusuyla yasama Ve tm bunlarn kendisini bazen i yerinde cinsel ya da duygusal tacizci olarak, bazen ""vatan"", ""millet"", ""milliyetilik"" ya da rnein islam adna cinayet ilemekle, bazen bir su rgt kurmakla bazen de bir seri katil olmakla gstermesi Bir etnik kkeni, dinsel tutumu ya da cinsel ynelimi tekiletirmeyle, ona kars ayrmclk yapmayla, nefret suu ilemekle yanstmas te aramzdaki ad konmam psikopatlar ve iledikleri tm nefret sular",,,,,,,goodreads
9789759608517,Invalid ISBN,n/a,Invalid ISBN-13 check digit (expected 4),,9759608510,Mürşit 4.0,,Ömer Nasûhi Bilmen,,,,"Criticism, interpretation; Islam; Qurʼan",Turan Yazılım,record,2006,"Kavaklıdere, Ankara",tur,,,,,,,,,558924168,https://openlibrary.org/works/OL45348251W,,,openlibrary
9789759681800,Invalid ISBN,n/a,Invalid ISBN-13 check digit (expected 7),,9759681803,Phetchaburī mư̄ang ngām,ngām ngān sakun chāng Mư̄ang Phet.,,,,Music,,"Sūn Sadǣng læ Sāthit Ngān Sakun Chāng Mư̄ang Phet, Samnakngān Watthanatham Čhangwat Phetchaburī; ʻOngkān Bō̜rihān Sūan Čhangwat Phētchaburī",record,2009,Phetchaburī,tha,62,,,Phim khrang thī 3.,,"On art works and related local wisdom of Phetchaburi Province, Central Thailand.",,MLCME 2011/01591 (N),,https://openlibrary.org/works/OL16413098W,,,openlibrary
9789759737060,Invalid ISBN,n/a,Invalid ISBN-13 check digit (expected 1),,975973706X,Bak u defteri,,Bahar Aslan,,,,,Can Sanat Yay nlar,record,2018,Istanbul,tur,110,,,,,,,,,https://openlibrary.org/works/OL32418470W,,,openlibrary
9789759756053,Invalid ISBN,n/a,Invalid ISBN-13 check digit (expected 5),,9759756056,Mevlevî mektupları,,Ali Işık,,,"Philosophy, psychology & religion",Mevleviyeh,Karaman Belediyesi,record,2010,Konya,tur; ota,288,,,2. baskı.,,,,BP189.7.M4 M484 2010,880377971,https://openlibrary.org/works/OL39563104W,,,openlibrary
9789759758048,Invalid ISBN,n/a,Invalid ISBN-13 check digit (expected 2),,9759758040,Образование как фактор социальной мобильности инвалидов: сборник научных статей,,[ред. Д. В. Зайцев],,,,Народное образование. Педагогические науки; Культура. Наука. Просвещение; Дефектология; Социология; Сборник статей; Сборник; Социология здоровья и болезни. Социальные аспекты медицины и деятельности врача; Социальные институты; Российская Федерация,Науч. кн,record,2007,,ru,,,,"Библиотека Журнала исследований социальной политики / Саратовский гос. технический ун-т, Центр социальной политики и гендерных исслед, Саратов, Russia, 2007",,,,,,,,,russian_state_library
9789759771717,Invalid ISBN,n/a,Invalid ISBN-13 check digit (expected 3),,9759771713,Fuzulî'nin şiiri üzerine incelemeler,,Cem Dilçin,,,Language & literature,Literary style; Criticism and interpretation,Kabalcı Yayınevi,record,2010,"Cağaloğlu, İstanbul",tur,383,,,1. baskı.,,,,PL248.F95 Z553 2010; PL248.F95 Z63 2010,671195222,https://openlibrary.org/works/OL16634949W,,,openlibrary
9789759774777,Invalid ISBN,n/a,Invalid ISBN-13 check digit (expected 6),,9759774771,Din felsefesi yazıları,,Latif Tokat,,,"Philosophy, psychology & religion",Religion; Philosophy; Philosophy and religion; Religion and science,Elis Yayınları,record,2015,Ankara,tur,226,,,Birinci basım.,,,,BL51 .T653 2015,1124762064,https://openlibrary.org/works/OL43334783W,,,openlibrary
9789759830445,Invalid ISBN,n/a,Invalid ISBN-13 check digit (expected 1),,9759830442,Belge ve tanıklarla Samsun'da mübadele,,Baki Sarısakal,,,,Sources; History; Pictorial works; Emigration and immigration; Population transfers,Samsun Büyükşehir Belediyesi Kültür yayınları,record,2007,Samsun,tur,890,,Samsun araştırmaları -- 8; Samsun Büyükşehir Belediyesi Kültür yayınları -- 4,1. basım.,,,,,501201451,https://openlibrary.org/works/OL33327578W,,,openlibrary
9789759871784,Invalid ISBN,n/a,Invalid ISBN-13 check digit (expected 9),,9759871785,"Kizzuwatina-Kilikya, büyük Adana tarihi, Çukurova'nın 4000 yıllık tarihi",,Orhan Ürgenç (Haz),,,World history,History; Description and travel,Adana BB,record,2013,Adana,tur,600,,,,,,,DS51.A2 B89 2013,910537655,https://openlibrary.org/works/OL41424031W,,,openlibrary
9789760611018,Invalid ISBN,n/a,Invalid ISBN-13 check digit (expected 5),,9760611015,İşitme engellilerle temel sanat eğitimi,,Pınar Genç,,,Education,Teaching; Education; Art; Children with disabilities,Anadolu Üniversitesi Yayınları,record,2012,Eskişehir,tur,122,,Anadolu Üniversitesi yayınları -- no. 2431; Engelliler Entegre Yüksekokulu yayınları -- no. 5,,,,,LC1203.T87 G46 2012,811212932,https://openlibrary.org/works/OL22357741W,,,openlibrary
9789780812163,Invalid ISBN,n/a,Invalid ISBN-13 check digit (expected 4),,9780812164,Denizlerimizde rüzgâr,öykü,Tuncer Erdem,,,Language & literature,,YKY,record,2007,İstanbul,tur,68,,Yapı Kredi yayınları -- 2474; Edebiyat -- 770; Edebiyat (Yapı Kredi Yayınları (Firm)) -- 770,1. baskı.,,,,PL248.E74243 D465 2007,159939052,https://openlibrary.org/works/OL42099420W,,,openlibrary
9789788053711,Invalid ISBN,n/a,Invalid ISBN-13 check digit (expected 2),,9788053718,Tek parti döneminde Erzurum halkevleri,,Murat Küçükuğurlu,,,Social sciences,History; Community centers; Intellectual life; Adult education; Cultural policy; Halkevleri (Turkey); Cumhuriyet Halk Partisi (Turkey),Derya Kitabevi,record,2007,Trabzon [Turkey],tur,227,,,1. baskı.,,,,HN46.T9 K83 2007,222338061,https://openlibrary.org/works/OL24113570W,,,openlibrary
9789850162206,Invalid ISBN,n/a,Invalid ISBN-13 check digit (expected 5),,9850162201,Mamuşa,Balkanların son kalesi,Bahtiyar Sipahioğlu,,,World history,Social life and customs; Turks; Ethnic relations; History,B. Sipahioğlu,record,2007,Bursa,tur,320,,,1. baskı.,,,,DR2125.M36 S56 2007; DR2080.5.T87 S47 2007,314880454,https://openlibrary.org/works/OL16210840W,,,openlibrary
9789925574639,Invalid ISBN,n/a,Invalid ISBN-13 check digit (expected 6),,9925574633,Küçükevren / Microcosmos,,Veysi Soyer,,,,,Okman,record,2020,Lefkoşa,tur,240,,,,,,,,,https://openlibrary.org/works/OL44930598W,,,openlibrary
9789944066451,Invalid ISBN,n/a,Invalid ISBN-13 check digit (expected 7),,9944066451,Hoşgörüden yol ayrımına ermeniler,Erciyes Üniversitesi-Nevşehir Üniversitesi II. Uluslararası Sosyal Araştırmalar Sempozyumu (EUSAS-II) 22-24 Mayıs 2008,Erciyes Üniversitesi-Nevşehir Üniversitesi Uluslararası Sosyal Araştırmalar Sempozyumu (2nd 2008 Erciyes Üniversitesi),,,World history,Armenians; Congresses; History; Autonomy and independence movements; Missions; Ethnic relations,Erciyes Üniversitesi,record,2009,Nevşehir,tur,,,Erciyes Üniversitesi yayını -- 163,1. basım.,,,,DS175 .E73 2008; DS175 .E734 2008,716821832; 426491920,https://openlibrary.org/works/OL23230285W,,,openlibrary
9789944212411,Invalid ISBN,n/a,Invalid ISBN-13 check digit (expected 0),,9944212415,Türk istihbarat tarihi,Yıldız İstihbarat Teşkilatı ve Teşkilat-ı Mahsusa'dan Mİt'e,Kaya Karam,,,Social sciences,Intelligence service; History; Secret service; İstihbarat teşkilatı; Tarih; Gizli servis; Milli İstihbarat Teşkilatı (Turkey); Milli İstihbarat Teşkılatı (Türkiye); Subversive activities; Teşkilat-ı Mahsusa (Turkey),Truva Yayınları,record,2008,İstanbul,tur,256,,Truva Yayınları -- 230. Truva / İnceleme- Araştırma; 22; Truva Yayınları -- 230,1. bs.,,,,HV8241.93.A2 K37 2008; HV8241.93 K37 2008,276387895; 320071084,https://openlibrary.org/works/OL33065561W,,,openlibrary
9789944222022,Invalid ISBN,n/a,Invalid ISBN-13 check digit (expected 0),,994422202X,Türkiye barışını arıyor,,Türkiye Barışını Arıyor Konferansı,,,World history,Congresses; Politics and government; Social conditions; Economic conditions,Aram Yayıncılık,record,2007,"Beyoğlu, İstanbul",tur,371,,Aram toplum,,,Turkey; socio-economic conditions; politics and government; conferance.,,DR603 .T845 2007,175291879,https://openlibrary.org/works/OL13624015W,,,openlibrary
9789944227992,Invalid ISBN,n/a,Invalid ISBN-13 check digit (expected 5),,9944227994,Rastiya me,,Bûbê Eser,,,World history,Kurds; Politics and government,Weşenên Dozê; Weşanên Dozê,record,2007,"Taksim, İstanbul",kur,148,,Nivîs,Çapa 1.,,Collection of articles published in newspaper of Kurds and Kurdistan; political aspect.,,DR435.K87 E84 2007,222669936,https://openlibrary.org/works/OL11922953W,,,openlibrary
9789944528749,Invalid ISBN,n/a,Invalid ISBN-13 check digit (expected 0),,9944528749,İzmit'te Türk eserleri,,Engin Ürkmez,,,Fine arts,Islamic architecture; Architecture; History; Mosques; Fountains,Kocaeli Büyükşehir Belediyesi,record,2007,Kocaeli,tur,278,,Kocaeli Büyükşehir Belediyesi kültür yayınları -- 8,1. baskı.,,,,NA724 U74 2007,829437527,https://openlibrary.org/works/OL39456412W,,,openlibrary
9789944533735,Invalid ISBN,n/a,Invalid ISBN-13 check digit (expected 7),,9944533734,15 Temmuz'un siber askerleri,,M İ. Telli,,,,,Ayyıldız Tim Yayıncılık,record,2017,Ankara,tur,274,,,,,,,,,https://openlibrary.org/works/OL43845035W,,,openlibrary
9789944915023,Invalid ISBN,n/a,Invalid ISBN-13 check digit (expected 1),,9944915025,Körfez canavarı,,H. Erdal Yalt,,,,,Kent Kitap,record,2007,Ankara,tur,125,,Roman -- 3,,,,,,227370931,https://openlibrary.org/works/OL35614204W,,,openlibrary
9789944976052,Invalid ISBN,n/a,Invalid ISBN-13 check digit (expected 3),,9944976059,"Amerikan Protestan misyonerlerinin Türkiyeʹdeki faaliyetleri, 1820-1938",,Ayhan Öztürk,,,"Philosophy, psychology & religion",Protestants; Protestant churches; Missionaries; Missions; American Missions; History,Arka Oda Yayınları,record,2007,Kayseri [Turkey],tur,127,,Genel dizi -- 8; Tarih dizisi -- 2,1. basım.,,,,BV3170 .O975 2007; BV3170 .O98 2007; PL245.S2554 Y37 2007,244008288,https://openlibrary.org/works/OL16120509W,,,openlibrary
9789944976122,Invalid ISBN,n/a,Invalid ISBN-13 check digit (expected 1),,9944976121,Hoşgörü toplumunda Ermeniler,Erciyes Üniversitesi I. Uluslararası Sosyal Araştırmalar Sempozyumu : Osmanlı toplumunda birlikte yaşama sanatı : Türk Ermeni ilişkileri örneği,Erciyes Üniversitesi Uluslararası Sosyal Araştırmalar Sempozyumu (1st 2006 Erciyes Üniversitesi Merkez Kampusu),,Congresses,World history,Armenians -- Turkey -- Congresses; Turkey -- Ethnic relations -- Congresses; Congresses; Armenians; Ethnic relations; History; Minorities,Erciyes Üniversitesi,record,2007,"[Kayseri, Turkey]",tur,,,Erciyes Üniversitesi yayını -- 153,1. basım.,,,,DR435.A7 E725 2006; DR435.A7 E73 2007; DR435 .E73 2007,124062086,https://openlibrary.org/works/OL12026168W,,,openlibrary
9789944978605,Invalid ISBN,n/a,Invalid ISBN-13 check digit (expected 6),,9944978604,Benden uzak,,İsrafil Ercan,,,,,İ. Ercan,record,2008,Turkey],tur,160,,,1. baskı.,,,,,423534192,https://openlibrary.org/works/OL37213725W,,,openlibrary
9789951436000,Invalid ISBN,n/a,Invalid ISBN-13 check digit (expected 7),,9951436005,Ömer Lütfî divanı,,Ömer Lütfi Prizrenli,,,,,Bal-Tam,record,2008,Prizren,tur,480,,Balkan Türkoloji Araştırmaları Merkezi yayınları -- 5; Balkan Türkoloji Araştırmaları Merkezi yayınları -- 15,,,,,,542727301,https://openlibrary.org/works/OL33311307W,,,openlibrary
9789952523408,Invalid ISBN,n/a,Invalid ISBN-13 check digit (expected 9),,9952523408,,,Zemfira Seferova,,,,,,,,,Arapça; Azerice; Rusça; Türkçe,,,,,,,,,,,,https://www.wikidata.org/wiki/Q139375303,wikidata
9789963776444,Invalid ISBN,n/a,Invalid ISBN-13 check digit (expected 3),,9963776442,Diēgēmata,,Mehmet Arap; Sōtēria K. Vasileiou,,,Language & literature,"Translations into Turkish; Turkish Short stories; Translations into Modern Greek; Short stories, Greek (Modern)",Henōsē Logotechnōn Kyprou,record,2014,[Leukōsia],gre; tur,176,,,Prōtē ekdosē.,,,,PA5648.2.T9 D525 2014,914403495,https://openlibrary.org/works/OL22306603W,,,openlibrary
9789974270007,Invalid ISBN,n/a,Invalid ISBN-13 check digit (expected 8),,9974270006,85. Yılında Nazilli Kongrelerinin Millî Mücadele Tarihi İçinde Yeri ve Önemi,,"85. Yılında Nazilli Kongrelerinin Millî Mücadele Tarihi İçinde Yeri ve Önemi (2006 Nazilli (Aydın İli), Turkey)",,,World history,Politics and government; Congresses; History,Aydın İli ve İlçeleri Kütür ve Eğitim Derneği; Aydın İli ve İlçeleri Kültür ve Eğitim Derneği,record,2006,Nazilli,tur,161,,Millî mücadelede Aydın Cepheleri -- 1,1. baskı.,,,,DS51.N39 A15 2006; DS51.N39 M454 2006,229308735,https://openlibrary.org/works/OL16560067W,,,openlibrary
9789974270045,Invalid ISBN,n/a,Invalid ISBN-13 check digit (expected 6),,9974270049,"Millî mücadelede Koçarlı ve Menderesin öte yakası Paneli, 29 Kasım 2006- Koc̜arlı",,Turkey) Milli Mücadelede Koçarlı ve Menderesin Öte Yakası Paneli (2006 Koçarlı,,,World history,Congresses; History; Politics and government,Aydın İli Kütür ve eğitim Derneği; Aydın İli ve İlçeleri Kültür ve Eğitim Derneği,record,2007,Koçarlı,tur,101,,Millî mücadelede Aydın Cepheleri -- 6,1. baskı.,,,,DS51.K48 M55 2006; DS51.K632 M45 2006,229308705,https://openlibrary.org/works/OL24113571W,,,openlibrary
9789975269661,Invalid ISBN,n/a,Invalid ISBN-13 check digit (expected 7),,9975269664,Küllenen izler,,Avni Özgürel,,,History (auxiliary sciences),Intellectuals; Artists; Turkish Authors; Biography; Statesmen,Etkileșim Yayınları,record,2009,"Yenibosna, İstanbul",tur,,,"Düșünce -- 4, 5; Kültür, edebiyat",1. baskı.,,,,CT1906 .O945 2009; CT1906 .O938 2009,607112255; 491912742,https://openlibrary.org/works/OL16603525W,,,openlibrary
9796051141329,Invalid ISBN,n/a,Invalid ISBN-13 check digit (expected 8),,,Osmanl Klasik anda Siyaset,,Feridun M. Emecen,,,,,Tima,record,2009,,tr,,,,"PS, 2009",,"Osmanl siyasi ve askeri tarihi, zerinde en ok aratrma yaplan alanlardan biri olmasna ramen tarihilikteki son ynelimler sebebiyle giderek ilgi alan olmaktan uzaklamaktadr. Osmanl siyasi tarihinin deiik meselelerini, bazen genel hatlaryla belirli zaman dilimi ierisinde, bazen belirli hadiseler zincirinde inceleyen ve her birinin belirli bir tezi ve amac olan yazlardan oluan Osmanl Klasik anda Siyaset'te, iyi ett edilmemi, ama yaygnlk kazanm konular bir baka adan deerlendirilmektedir. stanbul niversitesi Tarih Blm, Yenia Tarihi Anabilim Dal Bakan Feridun Emecen, uzun yllar sren aratrmalarnn rn olan bu kitabnda, Osmanl Devleti'nin mparatorlua dnm srecini iine alan Klasik a'daki siyaset anlayn, gelecee dair ngrsn ve planlarn masaya yatryor. ncelikle, merkezi eksenli Dou-Bat siyasetini, merkez d ulara ynelik yeni politikalar, Osman Gazi'den Kanuni Sultan Sleyman'a kadar bir Cihan Devleti'ne giden aamalar, Fatih Sultan Mehmet'in aklc politikalarn, ""ark Meselesi""ni, mparatorluun komu devletlerle ilikisini, bugne kadar gz ard edilen ama merkezi ynetim anlaynn mahiyetini ve uzun vadeli stratejik planlamalarn niteliini gsteren yaklamlar, detaylaryla ele alyor.",,,,,,,goodreads
9796058658523,Invalid ISBN,n/a,Invalid ISBN-13 check digit (expected 2),,,XIX. yüzyıl ortalarında Çine kazası,,Lütfi Budak,,,,,Aydın Büyükşehir Belediyesi,record,2018,Aydın,tur,283,,,,,,,,,https://openlibrary.org/works/OL32424449W,,,openlibrary
9796058658530,Invalid ISBN,n/a,Invalid ISBN-13 check digit (expected 9),,,Aydın şehir coğrafyası,,Abdullah Uğur,,,World history,History; Social conditions; Economic conditions; Environmental conditions; Urban geography; Cities and towns; Ecology; Economic history,Aydın Büyükşehir Belediyesi,record,2018,Aydın,tur,392,,Aydın Büyükşehir Belediyesi kültür yayınları -- 6,1. baskı.,,,,DS51.A7 U48 2018,1143766416,https://openlibrary.org/works/OL32334446W,,,openlibrary
9796690106381,Invalid ISBN,n/a,Invalid ISBN-13 check digit (expected 2),,,"Mehter tarihi, teṣkilât: ve marṣlari.",,"Tezbaşar, Ahmet",,,,,"[Borksoy Basimevi], [1975]",record,1975,,tr,,,,"Turkey, 1975",,,,,,,,,hathitrust
9799753627920,Invalid ISBN,n/a,Invalid ISBN-13 check digit (expected 3),,,Evliya Menkbeleri,,Yusuf Bahadr Ulucan; Osman Oku; Emine Erolu; Kenan zcan,,,,,Tima Yaynlar,record,2003,,tr,,,,"US, 2003",,"Allah dostlar olan veliler hayatlar ve szleriyle yollarmza k tutarlar. Bizler de onlarn himmetleriyle Rabbimize yaklar, kendimizi onlara benzetmeye alrz. Evliya Menkbeleri de Dini Hikayeler gibi akllar ikna etmek iin deil kalplerdeki imn cevherini takviye etmek iin derlenmitir. Amac okuyucuya din byklerini tantmak ve Allah dostlarnn hallerini gstermektir.",,,,,,,goodreads
9799758845149,Invalid ISBN,n/a,Invalid ISBN-13 check digit (expected 8),,,Biyografik Türkülü Hikâye: Çukurovalı Karacaoğlan,Osmaniye-Düziçi Rivayetleri / İspir Onbaşı - Karayiğit Osman,İsmail Görkem; Ozan Tülüce,,,Literature,"Karacaoğlan; Biography; Folk poetry, Turkey; Legends",Çatı Kitapları,record,2008,İstanbul,tur,152,Paperback,Düziçi Folklor Kitapları - 1,,,,811.4209 20,PL248.K3683 B48 2008,,https://openlibrary.org/works/OL14929176W,,,openlibrary
9783753175836,Occultism / satanism,high,Occultism / satanism: kara buyu ('buyu rehberi' in title) | Adult / sexual content: sehvet/sevisme ('sevisme' in title),buyu rehberi; sevisme,3753175838,"BÜYÜ REHBERİ - Büyü Tarifleri, Ritüel Tarifleri, Aşk Tılsımları: Evde Yapılabilen En Etkili Büyüler, Ritüeller ve Tılsımlar - Aşk Tılsımları, Şahmeran Büyüsü, Mum Ritüelleri, Sevişme Muskası Evde yapılabilecek kolay Büyü ve Ritüel tarifleri",,Jale Deniz,,,,,,,2021,,tr,,,,2021,,,,,,,,,worldcat
9786050207347,Occultism / satanism,high,Occultism / satanism: author: LaVey/Crowley ('aleister crowley' in authors) | Occultism / satanism: tarot/astroloji/fal ('tarot' in title),aleister crowley; tarot,6050207348,Thoth Tarot Takımı,,Aleister Crowley,,,,,Omega,record,2019,,tr,32,paperback,,,,,,,,https://openlibrary.org/works/OL26202488W,,,openlibrary; isbndb
9786050903454,Occultism / satanism,high,Occultism / satanism: kara buyu ('kara buyu' in title),kara buyu,605090345X,Kara Buyu,,Maxime Chattam,,,,,Dogan Kitap,record,2006,,,,paperback,,,,,,,,https://openlibrary.org/works/OL26204353W,,,openlibrary
9786052423912,Occultism / satanism,high,Occultism / satanism: kara buyu ('kara buyunun' in title),kara buyunun,6052423919,Kara Büyünün Gizemi - Doctor Strange,,Brandon T. Snider,,,,,Beta Kids,record,2019,,,128,paperback,,,,,,,,https://openlibrary.org/works/OL26217689W,,,openlibrary
9786052951804,Occultism / satanism,high,Occultism / satanism: kara buyu ('kara buyucu' in title),kara buyucu,605295180X,Kara Büyücü-Ölümsüz Nicholas Flamel'in Sirlari 5.Kitap,,Michael Scott,,,,,Is Bankasi Kültür Yayinlari,record,2017,,tr,,paperback,,,,,,,,https://openlibrary.org/works/OL26219101W,,,openlibrary; isbndb
9786053759003,Occultism / satanism,high,Occultism / satanism: author: LaVey/Crowley ('aleister crowley' in authors),aleister crowley,6053759007,Yasa Kitabi ve Yalanlar Kitabi,,Aleister Crowley,,,,,Ithaki Yayinlari,record,2019,,tr,224,paperback,,,,,,,,https://openlibrary.org/works/OL24329834W,,,openlibrary; isbndb
9786055163525,Occultism / satanism,high,Occultism / satanism: kara buyu ('kara buyu' in title),kara buyu,6055163527,Beyaz Kanatlı Vampir 7-Kara Büyü,,Erkan İşeri,,,,,Pinus Kitap,record,2019,,,160,paperback,,,,,,,,https://openlibrary.org/works/OL26171144W,,,openlibrary
9786055289416,Occultism / satanism,high,Occultism / satanism: seytana tapma ('seytan incili' in title),seytan incili,6055289415,Seytan Incili,,Patrick Graham,,,,,Pegasus,record,2012,,tr,528,paperback,,,,,,,,https://openlibrary.org/works/OL26235399W,,,openlibrary; isbndb
9786055532154,Occultism / satanism,high,Occultism / satanism: kara buyu ('necronomicon' in title),necronomicon,6055532158,Necronomicon - Kara Dünyanin Kitabi,,H. G. Ginger,,,,,Altikirkbes Basin Yayin,record,2015,,tr,240,Paperback,,,,Kabala'nın Yaratılmasından çok önce Tapınılan Ve çağrılan Eski çağlara Ait Güçler Vardır. Bunlar Sümer Inancındaki Kadimlerdir Ve Aleister Crowley'in Majisinde Ve H.p. Lovecraft'ın Mitosunda Yaşarlar. Dünyayı Bir Kez Daha Yönetmek Için Kapının Hemen Ardında Beklemektedirler...,,,,,,,isbndb
9786055943745,Occultism / satanism,high,Occultism / satanism: seytana tapma ('seytanin incili' in title),seytanin incili,6055943743,Seytanin Incili,,Patrick Graham,,,,,Pegasus,record,2015,,,,paperback,,,,,,,,https://openlibrary.org/works/OL26238335W,,,openlibrary
9786056974878,Occultism / satanism,high,Occultism / satanism: author: LaVey/Crowley ('aleister crowley' in authors),aleister crowley,6056974871,Dünyanın En Kötü Adamı Şaşırtıcı Hayat Hikayesini Anlatıyor - Çölün Ruhu,,Aleister Crowley,,,,,Ganzer Kitap,record,2020,,en_US,56,Paperback,,,,,,,,,,,isbndb
9786057020734,Occultism / satanism,high,Occultism / satanism: kara buyu ('grimoire' in title),grimoire,6057020731,Grand Grimoire,Kizil Ejder,Collective,,,,,Altikirkbes Yayinlari,record,2021,,,48,paperback,,,,,,,,https://openlibrary.org/works/OL26240437W,,,openlibrary
9786057451934,Occultism / satanism,high,Occultism / satanism: satanism ('satanic' in title),satanic,6057451937,Satanic Bible Seytanin Kitabi,,A. S. Lavey,,,,,Altikirkbes Yayin (645),record,2021,,tr,,paperback,,,,,,,,https://openlibrary.org/works/OL26240600W,,,openlibrary; isbndb
9786059111225,Occultism / satanism,high,Occultism / satanism: author: LaVey/Crowley ('aleister crowley' in authors),aleister crowley,605911122X,Absent,,Aleister Crowley,,,,,SUB Basın Yayım,record,2019,,,24,paperback,,,,,,,,https://openlibrary.org/works/OL26246305W,,,openlibrary
9786059650366,Occultism / satanism,high,Occultism / satanism: kara buyu ('necronomicon' in title),necronomicon,6059650368,Necronomicon Ölüm Kitabi,,Yasar Onay,,,,,Fantastik Kitap,record,2020,,tr,264,Paperback,,,,,,,,,,,isbndb
9786059986014,Occultism / satanism,high,Occultism / satanism: kara buyu ('kara buyu' in title),kara buyu,6059986013,Kara Büyü,,Emced islam,,,,,Demavend,isbn_prefix,,,tr,,,,,,,,,,,,,google_books
9786257426046,Occultism / satanism,high,Occultism / satanism: satanism ('satanist' in title),satanist,6257426049,Satanist Cinler,,Y. Hakan Kayacan,,,,,Gece Kitapligi Yayinlari,record,2021,,,,paperback,,,,,,,,https://openlibrary.org/works/OL26255889W,,,openlibrary
9786257445702,Occultism / satanism,high,Occultism / satanism: author: LaVey/Crowley ('aleister crowley' in authors),aleister crowley,6257445701,The Book Of Lies,,Aleister Crowley,,,,,Gece Kitapligi,record,2021,,,105,paperback,,,,,,,,https://openlibrary.org/works/OL26255995W,,,openlibrary
9786257462174,Occultism / satanism,high,Occultism / satanism: author: LaVey/Crowley ('aleister crowley' in authors),aleister crowley,6257462177,Magick Without Tears,,Aleister Crowley,,,,,Gece Kitapligi,record,2021,,tr,295,paperback,,,,,,,,https://openlibrary.org/works/OL26200691W,,,openlibrary; isbndb
9786257462815,Occultism / satanism,high,Occultism / satanism: author: LaVey/Crowley ('aleister crowley' in authors),aleister crowley,6257462819,Yalanlar Kitabi - Büyük Pentagram Ayini,,Aleister Crowley,,,,,Gece Kitapligi,record,2021,,,125,paperback,,,,,,,,https://openlibrary.org/works/OL26269000W,,,openlibrary
9786258002997,Occultism / satanism,high,Occultism / satanism: author: LaVey/Crowley ('aleister crowley' in authors),aleister crowley,6258002994,Thoth'un Kitabi,,Aleister Crowley,,,,,Gece Kitapligi Yayinlari,record,2022,,tr,258,Paperback,,,,,,,,,,,isbndb
9786258032208,Occultism / satanism,high,Occultism / satanism: author: LaVey/Crowley ('aleister crowley' in authors),aleister crowley,6258032206,Teoride ve Pratikte By,,Aleister Crowley,,,,,Gece Kitapligi Yayinlari,record,2021,,en,,,,"PS, 2021",,,,,,,,,goodreads
9786258488180,Occultism / satanism,high,Occultism / satanism: kara buyu ('kara buyu' in title),kara buyu,6258488188,Kara Büyü,,Maxime Chattam,,,,,Panama Yayincilik,record,2022,,tr,,Paperback,,,,,,,,,,,isbndb
9789750705298,Occultism / satanism,high,Occultism / satanism: kara buyu ('buyu kitabi' in title),buyu kitabi,9750705297,Arkandias'in Buyu Kitabi,,Eric Boisset,,,,,Can Cocuk Yayinlari; Can Yaynlar,record,2017,,,,paperback,,,,,,,,https://openlibrary.org/works/OL26341425W,,,openlibrary
9789751932716,Occultism / satanism,high,Occultism / satanism: satanism ('satanizm' in title) | Occultism / satanism: seytana tapma ('seytana tapinmanin' in title) | Occultism / satanism: LCC BF1546-1550 (satanism) ('bf1550 .g83 2002' in lcc) | Occultism / satanism: satanism ('satanism' in subjects/genres),bf1550 .g83 2002; satanism; satanizm; seytana tapinmanin,9751932718,Satanizm,şeytana tapınmanın yeni adı,Ahmet Güç,,,"Philosophy, psychology & religion",Satanism,Diyanet İşleri Başkanlığı Yayınları,record,2002,Ankara,tur,296,Unknown Binding,Diyanet İşleri Başkanlığı yayınları; 554; İlmi eserler; 87,,,,,BF1550 .G83 2002,54097237,https://openlibrary.org/works/OL6087645W,,,openlibrary; isbndb
9789752934955,Occultism / satanism,high,Occultism / satanism: kara buyu ('kara buyu' in title),kara buyu,9752934951,"Kara Büyü (Portland Celladı, #3)",,,,,,,Doğan Kitap,isbn_prefix,,,en_US,422,Paperback,,,,,,,,,,,isbndb
9789753901659,Occultism / satanism,high,Occultism / satanism: satanism ('satanistin' in title),satanistin,9753901658,Bir Satanistin Anilari,,Erdem Katircioglu,,,,,E Yayinlari,record,2000,,tr,301,paperback,,2022,,,,,,https://openlibrary.org/works/OL26366933W,,,openlibrary; isbndb; isbndb; worldcat
9789754450668,Occultism / satanism,high,Occultism / satanism: kara buyu ('ruh cagirma' in title),ruh cagirma,9754450668,"Bu Hayatin Otesinden Yasanmis Dogaustu Olaylar, Buyuler, Hayaletler, Ruh Cagirma Seanslari",,Kurt Singer,,,,,Toker Yayinlari,record,2005,,,328,paperback,,,,,,,,https://openlibrary.org/works/OL26368012W,,,openlibrary
9789758440115,Occultism / satanism,high,Occultism / satanism: kara buyu ('kara buyulu' in title),kara buyulu,975844011X,Kara büyülü uyku,,Vecdi Çıracıoğlu,,,,,Can Yayınları,record,1999,İstanbul,tur,159,,Türk yazarları; Türk yazarları (Can Yayınları Ltd. Şti.),,,,,,48642263,https://openlibrary.org/works/OL45763315W,,,openlibrary
9789758460809,Occultism / satanism,high,Occultism / satanism: kara buyu ('kara buyu' in title),kara buyu,9758460803,Kara Buyu,,"Muzaffer Erdogdu, Bahri Cakýr, Rollo Ahmed, Ferit Burak Aydar",,,,,Pencere Yayinlari,record,2021,,tr,264,Paperback,,,,,,,,,,,isbndb
9789758725083,Occultism / satanism,high,Occultism / satanism: kara buyu ('kara buyulu' in title),kara buyulu,9758725084,Kara Buyulu Uyku,,Vecdi Ciracioglu,,,,,Ithaki Yayinlari,record,2003,,tr,250,paperback,,"İthaki Yayınları, 3. bs, İstanbul, 2003",,,,,,https://openlibrary.org/works/OL26404428W,,,openlibrary; worldcat
9781461924074,Occultism / satanism,review,Occultism / satanism: tarot/astroloji/fal ('kabala' in title),kabala,1461924073,Kabala : sınırsız yolculuk,,"Akıncı, Ahmet",,RELIGION / Judaism / Kabbalah & Mysticism,Religion,Musevilik--Kabala; Judaism--Kabbalah,Dharma Yayıncılık,record,2008,,tr,,,,"Hiperlink, İstanbul, 2008",,,296.833,BM525.K33 A45 2008,,,,,ebsco
9781540344281,Occultism / satanism,review,Occultism / satanism: tarot/astroloji/fal ('kabbalah' in title),kabbalah,1540344282,Kabbalah Revealed in Turkish,A Guide to a More Peaceful Life,Michael Laitman,,,,,CreateSpace Independent Publishing Platform,record,2016,,tur,188,,,,,,,,,https://openlibrary.org/works/OL40703986W,,,openlibrary
9781772280746,Occultism / satanism,review,Occultism / satanism: tarot/astroloji/fal ('kabala' in title),kabala,1772280747,Kabala'nın Temel Kavramları,,Michael Laitman,,,,,Laitman Kabbalah Publishers,record,2023,,tur,122,,,,,,,,,https://openlibrary.org/works/OL39205689W,,,openlibrary
9781772280753,Occultism / satanism,review,Occultism / satanism: tarot/astroloji/fal ('kabala' in title),kabala,1772280755,Kabala'nın İfşası,,Michael Laitman,,,,,Laitman Kabbalah Publishers,record,2023,,tur,192,,,,,,,,,https://openlibrary.org/works/OL39203258W,,,openlibrary
9781772280760,Occultism / satanism,review,Occultism / satanism: tarot/astroloji/fal ('kabala' in title),kabala,1772280763,Kabala Bilimi,,Yehuda Aşlag; Baruh Aşlag; Michael Laitman,,,,,Laitman Kabbalah Publishers,record,2023,,tur,766,,,,,,,,,https://openlibrary.org/works/OL39216637W,,,openlibrary
9781772280784,Occultism / satanism,review,Occultism / satanism: tarot/astroloji/fal ('kabala' in title),kabala,177228078X,Kabala'nın Gizli Bilgeliği,,Michael Laitman,,,,,Laitman Kabbalah Publishers,record,2023,,tur,220,,,,,,,,,https://openlibrary.org/works/OL39214557W,,,openlibrary
9781772280807,Occultism / satanism,review,Occultism / satanism: tarot/astroloji/fal ('kabala' in title),kabala,1772280801,Kabala'ya Uyanis,,Michael Laitman,,,,,Laitman Kabbalah Publishers,record,2023,,tur,216,,,,,,,,,https://openlibrary.org/works/OL39212516W,,,openlibrary
9781772280876,Occultism / satanism,review,Occultism / satanism: tarot/astroloji/fal ('kabala' in title),kabala,1772280879,Kabala'nın Sesi,,Michael Laitman,,,,,Laitman Kabbalah Publishers,record,2023,,tur,334,,,,,,,,,https://openlibrary.org/works/OL39214564W,,,openlibrary
9781781107676,Occultism / satanism,review,Occultism / satanism: okultizm ('cadilik' in description),cadilik,178110767X,Harry Potter ve Sirlar Odasi,,J. K. Rowling; Sevin Okyay; Tilbe Saran,,audiobook,,,Pottermore Publishing,record,2019,,tr,,,,"Harry Potter, Unabridged, 2019",,"""'Bu bir komplo, Harry Potter. Bu komplo, Hogwarts Cadılık ve Büyücülük Okulu'nda bu yıl çok korkunç şeyler olmasına sebep olacak.'"" Harry Potter o yaz hayatının en kötü doğum gününü geçirmişti. Dobby adlı ev cininin karamsar uyarıları sayesinde Dursley ailesinin evinden arkadaşı Ron Weasley'in büyülü uçan arabasıyla kaçtı! Hogwarts Cadılık ve Büyücülük Okulundaki ikinci yılında Harry, boş koridorlarda garip söylentilerin yayıldığını duydu - ve saldırı başladı. Öğrenciler taşlaşmaya başladılar... Dobby'nin karamsar öngörüleri gerçekleşiyor gibi görünüyordu. Theme music composed by James Hannigan",,,,,,,libby
9781789391534,Occultism / satanism,review,Occultism / satanism: okultizm ('cadilik' in description),cadilik,1789391539,"Fantastik Canavarlar Nelerdir, Nerede Bulunurlar?",,J. K. Rowling; Newt Scamander; Sevin Okyay; Gül Sarıoğlu,,,,,Pottermore Publishing,record,2023,,tr,,,,2023,,"Hogwarts Cadılık ve Büyücülük Okulu'nun onaylı ders kitabı Fantastik Canavarlar Nelerdir, Nerede Bulunurlar?, ilk yayımlanışından bu yana büyücülük dünyasındaki sihirli yaratıklar hakkında vazgeçilmez bir kılavuz eser olmuştur. Aynı isimdeki film serisinden hatırlayabileceğiniz meşhur büyüzoolojist Newt Scamander'ın büyüleyici bir şekilde açıklanan büyülü yaratıklardan oluşan hayvan koleksiyonunu gösterir. Hogwarts Kütüphanesi'nin rafları, aynı zamanda daha ilgi çekici kitaplara ev sahipliği yapıyor. Fantastik Canavarlar Nelerdir, Nerede Bulunurlar?'dan keyif aldıysanız kütüphanenin diğer hazinelerine de göz atmak isteyebilirsiniz: Çağlar Boyu Quidditch ve Ozan Beedle'ın Hikâyeleri. Charity Projects adıyla faaliyet gösteren Comic Relief Birleşik Krallık'ta 326568 (İngiltere/Galler) ve SC039730 (İskoçya) vakıf numaraları ile kayıtlı bulunan bir hayır kuruluşudur hayır kuruluşudur. Lumos Foundation Birleşik Krallık'ta 1112575 numarasıyla (İngiltere/Galler) kayıtlı bir hayır kuruluşudur. Bu e-kitap için Pottermore Limited tarafından elde edilen hasılatın* %15'i, Birleşik Krallık'ta ve küresel olarak çocukların ve gençlerin daha iyi birer yaşama sahip olmalarına yardım edenler dâhil olmak üzere çalışma yürüten hayır kurumlarına tahsis edilecektir. Bu hasılatın %20'si Comic Relief ve %80'i Lumos Foundation arasında paylaşılacaktır. *Hasılat, satış vergileri düşüldükten sonraki nakit fiyat veya nakit eş değer fiyatı anlamına gelir.",,,,,,,libby
9783570211021,Occultism / satanism,review,Occultism / satanism: okultizm ('witchcraft' in subjects/genres) | Occultism / satanism: okultizm ('cadilik' in description),cadilik; witchcraft,3570211029,Harry Potter ve Sırlar Odası,,J. K. Rowling,,,,series:Harry_Potter; Fantasy fiction; school stories; Fiction; Fantasy; Nestlé Smarties Book Prize winner; Juvenile fiction; Wizards; Magic; Schools; Spanish language materials; Magia; Escuelas; Ficción juvenil; Novela fantástica; Hogwarts School of Witchcraft and Wizardry (Imaginary place); Harry Potter (Fictitious character); Wizards -- Juvenile fiction; Witches; Hogwarts School of Witchcraft and Wizardry (Imaginary organization); Magos; Translations from English; Chinese fiction; Orphans; Aunts,Yapı Kredi Yayınları,record,2019,,tur,,Paperback,"Harry Potter, #2",,eng,"“Bir komplo var, Harry Potter. Bu yıl Hogwarts Cadılık ve Büyücülük Okulu’nda dehşet verici şeyler yapmak için bir komplo.” Dursley’ler o yaz öylesine çekilmez olmuşlardır ki, Harry bir an önce okulu Hogwarts’a geri dönmek için can atmaktadır. Eşyalarını toplarken ortaya çıkan ev cini Dobby ise onu uyarır: Hogwarts’a dönerse, bir felaket olacaktır. Olur da: Sırlar Odası’nın açılmasıyla ortaya çıkan karanlık bir güç, Hogwarts’takileri taşa çevirmeye başlar. Harry, hayatını tehlikeye atarak, Oda’nın elli yıllık ölümcül gizemini çözmeye çalışır. Ve gerçekten de başına gelmedik felaket kalmaz.",,,834438936,https://openlibrary.org/works/OL82537W,41909,,openlibrary
9786050001105,Occultism / satanism,review,Occultism / satanism: tarot/astroloji/fal ('kabala' in title),kabala,6050001103,Yahudi Kadim Mistik Ögretisi Kabala,,A. Ekrem Ülkü; n/a,,,,,Yeni Insan Yayinevi,record,2008,,tr,287,paperback,,2021,,"Kabala öğretisi, Hem Antik Felsefeye Hem De çağdaş Felsefeye Zengin Anlayışlar Kazandırmıştır. Felsefe, Psikoloji Ve Dine Kabala Sembollerinin Merceği Ile Bakıldığında, Daha Derin Anlamlar Ortaya çıkar. Bunun Sonunda Bu Kadim Mistik Hazine, çağdaş Ve Postmodern Felsefe Yaklaşımı Ile Psikoloji Ve Tanrıbilim Içinde Yer Bulabilir. Bir örnek Vermek Gerekirse, Kabala’nın Kaynaklarından Sefer Yetzirah’da Anlatılan Evren Yaratılış Süreci, Modern Bilimin Benimsediği Big-bang Teorisi Ile Bire Bir Benzerlik Göstermektedir. Kabala’ya Yahudiliğin Dışında Da Her Dönemde Büyük Bir Merak Ve Ilgi Duyulmaktadır. Gerçekten De Insanoğlunun Içinde Yaşadığı Doğa Ve Kültür Ortamı Ile Kabala Bilgisinin çok Sıkı Ilişkisi Vardır. Uzakdoğu Dinleri Dahil Tüm Din Felsefelerinde Kabalanın Izlerine Rastlamak Olanaklıdır. Kabala öğretisinde Yer Alan Evren Teorisi Ile İslam Tasavvuf’unda öngörülen Yaradılış, Kabala Sembollerinden Hamse (beş Parmak) Ile Alevi Geleneğindeki Fatma Ana’nın Eli Motifi De Bu Etkileşimin örnekleri Olarak Sayılabilir.",,,,https://openlibrary.org/works/OL26201956W,,,openlibrary; isbndb; isbndb
9786050202410,Occultism / satanism,review,Occultism / satanism: tarot/astroloji/fal ('tarot' in title),tarot,6050202419,Herkes Icin Tarot,,Isa Donelli,,,,,Omega,record,2020,,,128,paperback,,,,,,,,https://openlibrary.org/works/OL26202197W,,,openlibrary
9786050202434,Occultism / satanism,review,Occultism / satanism: tarot/astroloji/fal ('tarot' in title),tarot,6050202435,Evrensel Tarot,,Kolektif,,,,,Omega,record,2013,,tr,32,paperback,,,,,,,,https://openlibrary.org/works/OL26152057W,,,openlibrary; google_books
9786050202441,Occultism / satanism,review,Occultism / satanism: tarot/astroloji/fal ('tarot' in title),tarot,6050202443,Klimt Altın Tarot,,Gustav Klimt,,,,,Omega Yayınları,record,2013,,tr,32,paperback,,"Oct 07, 2013",,,,,,https://openlibrary.org/works/OL26202177W,,,openlibrary; openlibrary
9786050205923,Occultism / satanism,review,Occultism / satanism: tarot/astroloji/fal ('astroloji' in title),astroloji,6050205922,Astroloji 101,,Kathleen Sears,,,,,Say Yayinlari,record,2017,,tr,,paperback,,,,,,,,https://openlibrary.org/works/OL26202390W,,,openlibrary; isbndb
9786050207651,Occultism / satanism,review,Occultism / satanism: tarot/astroloji/fal ('tarot' in title),tarot,6050207658,Marsilya Tarot,,Taylan Özgür Kumas Burcu Yigiter,,,,,Say Yayinlari,record,2020,,,46,paperback,,,,,,,,https://openlibrary.org/works/OL26151428W,,,openlibrary
9786050207743,Occultism / satanism,review,Occultism / satanism: okultizm ('okkultismus' in subjects/genres) | Occultism / satanism: okultizm ('witchcraft' in description),okkultismus; witchcraft,6050207747,Karanlık Bir Dünyada Bilimin Mum Işığı,,Carl Sagan,Can Evren Topaktaş,,Science,Open Library Staff Picks; Long Now Manual for Civilization; Pseudowetenschap; Science; Onwetendheid; Parapsychology; Popular works; Sociale aspecten; Irrtum; Aberglaube; Naturwissenschaftliche Weltanschauung; Naturwissenschaften; Okkultismus; Wissenschaft; Grenzwissenschaften; Irrationalität; Methodology; Study and teaching; Literacy; Science and civilization; Methods; Education; Philosophy; Sciences; Ouvrages de vulgarisation,Say Yayınları,record,2020,,tur,672,paperback,,,eng,"A prescient warning of a future we now inhabit, where fake news stories and Internet conspiracy theories play to a disaffected American populace “A glorious book . . . A spirited defense of science . . . From the first page to the last, this book is a manifesto for clear thought.”—Los Angeles Times How can we make intelligent decisions about our increasingly technology-driven lives if we don’t understand the difference between the myths of pseudoscience and the testable hypotheses of science? Pulitzer Prize-winning author and distinguished astronomer Carl Sagan argues that scientific thinking is critical not only to the pursuit of truth but to the very well-being of our democratic institutions. Casting a wide net through history and culture, Sagan examines and authoritatively debunks such celebrated fallacies of the past as witchcraft, faith healing, demons, and UFOs. And yet, disturbingly, in today's so-called information age, pseudoscience is burgeoning with stories of alien abduction, channeling past lives, and communal hallucinations commanding growing attention and respect. As Sagan demonstrates with lucid eloquence, the siren song of unreason is not just a cultural wrong turn but a dangerous plunge into darkness that threatens our most basic freedoms.",,Q175 .S215 1995,,https://openlibrary.org/works/OL2950942W,,,openlibrary; isbndb
9786050208313,Occultism / satanism,review,Occultism / satanism: tarot/astroloji/fal ('tarot' in title),tarot,605020831X,Kolay Tarot Kiti,Kartlari Tam Anlamiyla Okumayi ve Yorumlamayi Ögrenin,Jozephine Ellershaw,,,,,Omega,record,2021,,,264,paperback,,,,,,,,https://openlibrary.org/works/OL26202542W,,,openlibrary
9786050323788,Occultism / satanism,review,Occultism / satanism: tarot/astroloji/fal ('tarot' in title),tarot,605032378X,Las combinaciones del Tarot Arcanos Mayores,,Antares Stanislas,,,,,Marti Yayinlari,isbn_prefix,,,es,,,,,,,,,,,,,google_books
9786050326031,Occultism / satanism,review,Occultism / satanism: tarot/astroloji/fal ('tarot' in title),tarot,6050326037,Las combinaciones de Tarot entre los arcanos mayores y menores,,Antares Stanislas,,,,,Antares Stanislas,record,2014,,tr,,,,"Milano, 2014",,"El autor se ha puesto como objetivo el darnos a conocer, en esta obra, nuevas observaciones referidas a la lectura de combinaciones, entre los arcanos mayores y menores. Este libro forma parte del título ""Las combinaciones del tarot, guía completa"". En la presente obra se revisarán cada uno de los arcanos mayores en combinación con los arcanos menores, extraídos al derecho y al revés. Antares Stanislas Nacido el 19 de mayo de 1973 en Roma y de signo zodiacal tauro, ascendentes piscis. Inicia a estudiar y ejercer astrología y cartomancia en 1995. Conocido por las numerosas actividades y artículos web pero sobre todo por sus publicaciones sobre los Tarots y previsiones publicadas en antelación con respecto de los acontecimientos luego ocurridos. Tales documentaciones están fechadas como publicaciones de Facebook o vídeos en YouTube, y reportados sobre la página Facebook o perfil social. Sitio web: http://astroamore2000.altervista.org",,,,,,,worldcat
9786050336788,Occultism / satanism,review,Occultism / satanism: tarot/astroloji/fal ('tarot' in title),tarot,6050336784,"Tarot Arcanos Menores, sus significados sin necesidad de aprender de memoria",,Antares Stanislas,,,,,Antares Stanislas,record,2014,,tr,,,,"Milano, 2014",,"Esta es otra obra del tarotista y astrólogo.Tarot Arcanos Menores, sus significados sin necesidad de aprender de memoria. Este libro es la segunda parte que integra el texto completo "" Tarot, la predicción del futuro. Arcanos mayores y menores "" a disposición de aquellos que quieran completar sólo la parte relativa a los arcanos menores. El texto mantiene su profesionalismo exhibido en el manejo de los conceptos y como resultado lleva a los lectores al mundo del tarot a través de un libro fácil de leer. El título es, como siempre, una obra original del autor, quién, en la práctica, recibe invitaciones de sus aconsejados y conocidos a escribir obras que llenan el vacío para aquellos que quieren ejercer o pretenden entrar en este campo. El problema para muchos, no todos, es el memorizar la gran cantidad de significados del Tarot. El autor ha tomado la responsabilidad, y el honor, de ayudar a llenar este vacío. A los arcanos menores, este título, le sigue el correspondiente a los arcanos mayores. * P: 156; Antares Stanislas Nacido el 19 de mayo de 1973 en Roma y de signo zodiacal tauro, ascendentes piscis. Inicia a estudiar y ejercer astrología y cartomancia en 1995. Conocido por las numerosas actividades y artículos web pero sobre todo por sus publicaciones sobre los Tarots y previsiones publicadas en antelación con respecto de los acontecimientos luego ocurridos. Tales documentaciones están fechadas como publicaciones de Facebook o vídeos en YouTube, y reportados sobre la pági",,,,,,,worldcat
9786050340259,Occultism / satanism,review,Occultism / satanism: tarot/astroloji/fal ('tarot' in title),tarot,6050340250,"Tarot, La Predicción Del Futuro. Arcanos Mayores Y Menores",,Antares Stanislas,,,,,Antares Stanislas,record,2014,,tr,,,,"Milano, 2014",,"Texto Completo Mostrando La Versión Completa De Los Dos Textos Arcanos Mayores, Su Significado Sin Memorizar Arcanos Menores, Su Significado Sin Necesidad De Aprender De Memoria. El Autor Trata De Explicar El Tarot, Arcanos Mayores Y Menores, Con Sentido Lógico Para El Propósito De Aprender De Memoria. El Texto Expresa El Contenido De Las Ocupaciones Que Llevan A Lo Que El Autor Cree Que, Después De Años De Experiencia, El Verdadero Significado De Las Cartas Del Tarot. No Sólo Va A Tener Una Lógica Y Métodos Para Comprender Los Múltiples Significados De Las Cartas Del Tarot, Sino Que Además Tratará La Explicación Dando Ejemplos Prácticos Mediante Pruebas De Predicción O Cambiando El énfasis De Los Significados De Las Cartas Del Tarot, Así Como Su Extracción Al Derecho Y Al Revés, En Particular, Positivo O Negativo. * Pag: 271; Primera Edición. Antares Stanislas Es Astrólogo Adivino E Investigador Por Más De 18 Años. Sitio: Astroamore2000.altervista.org",,,,,,,isbndb; worldcat
9786050359534,Occultism / satanism,review,Occultism / satanism: okultizm ('occulti' in description),occulti,6050359539,LUDUS. Il gioco della vita.,,Fausto Taraschi,,,,,Fausto Taraschi,record,2015,,it,,,,2015,,"Anno 2027, Franco Molinari è un pubblicitario di 47 anni che vive una vita perfetta nella sua seducente Milano. Raggiunge l'apice della carriera quando viene incaricato della multinazionale Italiana Axer International di curare il lancio mondiale di Virtuality, la innovativa console di giochi, capace di collegare la mente del giocatore al gioco. Franco crea la campagna pubblicitaria del secolo e grazie al grande successo la sua vita evolverà in una girandola di situazioni che cambieranno il suo mondo per sempre. Tanto che i vertici della Axer gli offriranno un posto nel consiglio di amministrazione. Ma una volta insediatosi scoprirà che la compagnia è oggetto di una spietata guerra d'interessi tra vari poteri occulti che se ne contendono il controllo. Sopraffatto da intrighi internazionali, logge massoniche, e servizi segreti deviati, dovrà fuggire lasciandosi la sua vita perfetta alle spalle. In segreto compra una goletta intenzionato a rifarsi una vita come skipper ai Caraibi. Ma i colpi di scena non sono finiti... mentre sta navigando in pieno Oceano Atlantico Franco incontrerà qualcuno che gli spiegherà le vere regole del gioco, e contro chi dovrà giocare la partita più importante della sua vita, in cui la posta in gioco non sarà solo la sua sopravvivenza ma il futuro di tutta l'umanità. Forte di nuovi alleati, sarà messo in grado di affrontare i ''potenti'' sfidandoli al loro stesso gioco. Un racconto, fantastico, che tra continui colpi di scena propone una differente le",,,,,,,libby
9786050370133,Occultism / satanism,review,Occultism / satanism: okultizm ('occultation' in description),occultation,6050370133,Karakter ve Deger Egitimi,,Mücahit Kagan,,,,,Pegem Akademi Yayincilik,record,2019,,en,1,paperback,,"Journal of Climate, 33, 2020",,"## Abstract Temperature observations of the upper-air atmosphere are now available for more than 40 years from both ground- and satellite-based observing systems. Recent years have seen substantial improvements in reducing long-standing discrepancies among datasets through major reprocessing efforts. The advent of radio occultation (RO) observations in 2001 has led to further improvements in vertically resolved temperature measurements, enabling a detailed analysis of upper-troposphere/lower-stratosphere trends. This paper presents the current state of atmospheric temperature trends from the latest available observational records. We analyze observations from merged operational satellite measurements, radiosondes, lidars, and RO, spanning a vertical range from the lower troposphere to the upper stratosphere. The focus is on assessing climate trends and on identifying the degree of consistency among the observational systems. The results show a robust cooling of the stratosphere of about 1–3 K, and a robust warming of the troposphere of about 0.6–0.8 K over the last four decades (1979–2018). Consistent results are found between the satellite-based layer-average temperatures and vertically resolved radiosonde records. The overall latitude–altitude trend patterns are consistent between RO and radiosonde records. Significant warming of the troposphere is evident in the RO measurements available after 2001, with trends of 0.25–0.35 K per decade. Amplified warming in the tropical u",,,,https://openlibrary.org/works/OL26202777W,,,openlibrary; nexusstc
9786050385038,Occultism / satanism,review,Occultism / satanism: okultizm ('occulti' in description),occulti,6050385033,TECNICHE DI DIFESA MAGICA,,HENRY DURVILLE,,,,,DAVID DE ANGELIS,record,2015,,tr,,,,"Place of publication not identified, uuuu",,"Risulta, da numerosissimi documenti, che fin dall'Eta delle caverne, il primitivo, guidato dagli stregoni, metteva in opera procedimenti occulti per soddisfare le necessità imperiose della vita quotidiana. Sotto quale angolo si può immaginare l'assieme delle preoccupazioni che ossessionavano, in quelle epoche lontane, l'uomo delle caverne? Dal punto di vista concreto, due obbiettivi erano, sembra, di una realtà imperiosa. Era importante, in primo luogo, che egli uccidesse, per nutrirsi, qualcuna delle fiere che lo circondavano. Un poco più tardi, senza dubbio, quando il primitivo cominciò a fabbricare rudimentali strumenti di pietra, di osso o di legno, egli pensò ad asservire questi animali, che potevano essergli utili in ragione della loro forza incomparabilmente più grande della sua. Restavano, e non erano i meno temibili, i nemici invisibili, che la simbologia occulta rappresenta sotto forma di animali nocivi.Il meglio da farsi in presenza di queste entità era di sterminarle non con l'aiuto di armi materiali, ma con la potenza delle pratiche magiche.INDICEPresso i primitiviIn CinaIn IndiaIn GiapponeIn InsulindiaAl TibetIn Assiro - BabiloniaIn PersiaIn EgittoIn Asia MinoreIn FeniciaIn GreciaA RomaNell'Egitto cristianoPresso i CoptiFra gli ErmetistiPresso i CristianiConclusione",,,,,,,worldcat; libby
9786050406801,Occultism / satanism,review,Occultism / satanism: okultizm ('witchcraft' in description),witchcraft,6050406804,The amber witch,,Wilhelm Meinhold,,,,,Wilhelm Meinhold,record,2015,,en,,,,"United States, 2015",,"In laying before the public this deeply affecting and romantic trial, which I have not without reason called on the title-page the most interesting of all trials for witchcraft ever known, I will first give some account of the history of the manuscript. At Coserow, in the Island of Usedom, my former cure, the same which was held by our worthy author some two hundred years ago, there existed under a seat in the choir of the church a sort of niche, nearly on a level with the floor. I had, indeed, often seen a heap of various writings in this recess; but owing to my short sight, and the darkness of the place, I had taken them for antiquated hymn-books, which were lying about in great numbers. But one day, while I was teaching in the church, I looked for a paper mark in the Catechism of one of the boys, which I could not immediately find; and my old sexton, who was past eighty (and who, although called Appelmann, was thoroughly unlike his namesake in our story, being a very worthy, although a most ignorant man), stooped down to the said niche, and took from it a folio volume which I had never before observed, out of which he, without the slightest hesitation, tore a strip of paper suited to my purpose, and reached it to me. I immediately seized upon the book, and, after a few minutes' perusal, I know not which was greater, my astonishment or my vexation at this costly prize. The manuscript, which was bound in vellum, was not only defective both at the beginning and at the end, bu",,,,,,,worldcat
9786050432626,Occultism / satanism,review,Occultism / satanism: kara buyu ('necronomicon' in description),necronomicon,6050432627,"The Complete Works (Collection of 63 Novels and Short Stories Including : The Call of Cthulhu, The Colour Out of Space, The Thing on the Doorstep, The Case of Charles Dexter Ward)",,H.P Lovecraft,,,,,H.P. Lovecraft,record,2016,,tr,,,,"Milano, 2016",,The eBook's table of contents is listed below. It includes the year each story was written. The Tomb (1917) Dagon (1917) Polaris (1918) Beyond the Wall of Sleep (1919) Memory (1919) Old Bugs (1919) The Transition of Juan Romero (1919) The White Ship (1919) The Doom That Came to Sarnath (1919) The Statement of Randolph Carter (1919) The Terrible Old Man (1920) The Tree (1920) The Cats of Ulthar (1920) The Temple (1920) Facts Concerning the Late Arthur Jermyn and His Family (1920) The Street (1920) Celephaïs (1920) From Beyond (1920) Nyarlathotep (1920) The Picture in the House (1920) Ex Oblivione (1921) The Nameless City (1921) The Quest of Iranon (1921) The Moon-Bog (1921) The Outsider (1921) The Other Gods (1921) The Music of Erich Zann (1921) Herbert West--Reanimator (1922) Hypnos (1922) What the Moon Brings (1922) Azathoth (1922) The Hound (1922) The Lurking Fear (1922) The Rats in the Walls (1923) The Unnamable (1923) The Festival (1923) The Shunned House (1924) The Horror at Red Hook (1925) He (1925) In the Vault (1925) The Descendant (1926) Cool Air (1926) The Call of Cthulhu (1926) Pickman's Model (1926) The Silver Key (1926) The Strange High House in the Mist (1926) The Dream-Quest of Unknown Kadath (1927) The Case of Charles Dexter Ward (1927) The Colour Out of Space (1927) The Very Old Folk (1927) The Thing in the Moonlight (1927) The History of the Necronomicon (1927) Ibid (1928) The Dunwich Horror (1928) The Whisperer in Darkness (1930) At the Mountains of Madness,,,,,,,worldcat
9786050623772,Occultism / satanism,review,Occultism / satanism: okultizm ('cadilik' in title),cadilik,6050623775,Cadilik Zanaati,Gölgeler Kitabi,Dirahsan Akinözü Ergin,,,,,Atayurt Yayinevi,record,2020,,tr,544,paperback,,"US, 2020",,"Paperback. 16,00 / 24,00 cm. In Turkish. 544 p. ""Bana gre cadi, sezgilerinin eylemlerini ynlendirmesine izin veren, evresiyle btnlesebilen, zorluklarla yzlesmekten korkmayan bir kadindir."" Paulo Coelho ""Ilk kez kendimi 'Cadi' olarak adlandirdigim an, hayatimin en byl aniydi."" Margot Adler ""Popler kltrde Ortaag'dan itibaren srekli olarak olumsuz imgelerle yklenen Cadi figr, merkezilesen otoritenin dayattigi tek tip ""itaat ve biat"" anlayisini reddedip, eski inan ve ritel pratigini kararlilikla srdren kadinlardan baskasi degildi aslinda. Dogayla ve evresiyle btnlesmeyi bilen, evrenin isleyisindeki ihtisama hayranlik ve saygi duyan, gkyzn ve yildizlari dikkatle izleyip kozmik mzigi/siiri anlamaya alisan, evrendeki yaratici disil gcn bilincinde olup onu srekli onurlandiran, bitkileri taniyip onlardan ila ve saglikli iecekler retmeyi bilen, sifaci kadinlar. Bilinen Eski Dnya'nin hemen her cografyasinda, giderek sertlesen baski ve ""cadi avlari""na ragmen, dogru bildikleri ilkeler dogrultusunda pastoral yasamlarini ve inanlarini srdren bu kadinlar, anneden kizina aktarilan bilgilerle bin yillardir bu kadim kltr ve gelenegin tasiyicisi oldular. Bu kitapta Dirahsan Akinz Ergin, gnmz dnyasinda kendisine dek ulasan bu kapsamli bilgi birikiminin ana hatlarini, tm ynleriyle okurlarina aktarip onlarla paylasiyor. Gezegenler ve gksel sembollerden, Samhain ve Beltane gibi kadim festivallere ait ritellere; sifali bitkilerden retilmis merhem, yag ve ieceklerin tariflerinden, taslarin ve kristall",,,,https://openlibrary.org/works/OL24329667W,,,openlibrary; isbndb; goodreads
9786050905946,Occultism / satanism,review,Occultism / satanism: okultizm ('occult' in subjects/genres),occult,6050905940,Hiclikten Gelen Kiz,,Justin Cronin,,,,FICTION; MODERN & CONTEMPORARY FICTION (POST C 1945); HORROR & GHOST STORIES; SCIENCE FICTION; FANTASY; Vampire fiction; Novels; Medical fiction; Detective and mystery fiction; Suspense fiction; Thrillers; Science fiction genre; Epic fiction; monsters; diseases; fictional works; Human experimentation in medicine; Virus diseases; New York Times bestseller; nyt:trade_fiction_paperback=2011-05-14; Occult; Virals (Fictional Creatures); Supernatural; Epic; Horror,Dogan Kitap,record,2012,,,,paperback,,,,"The Passage is a novel by Justin Cronin, published in 2010 by Ballantine Books, a division of Random House, Inc., New York. The Passage debuted at #3 on the New York Times hardcover fiction best seller list, and remained on the list for seven additional weeks. It is the first novel of a completed trilogy; the second book The Twelve was released in 2012, and the third book The City of Mirrors released in 2016.",,,,https://openlibrary.org/works/OL15168588W,,,openlibrary
9786050931129,Occultism / satanism,review,Occultism / satanism: okultizm ('occultism' in subjects/genres),occultism,6050931127,Nancy Clancy 3 - Gelecegi Goruyor,,Jane O'Connor,,,,"Fortune telling; Fiction; Children's fiction; Picture books; nyt:series-books=2013-10-20; New York Times bestseller; Occultism, fiction",Do?an ve Egmont Yay?nc?l?k,record,2015,,,124,paperback,,,,"Nancy thinks she may be able to read the future . . . and all signs point to her being a true clairvoyant—that's fancy for fortune-teller. In this perfect follow-up to Nancy Clancy, Super Sleuth and Nancy Clancy, Secret Admirer, Nancy tries her hand at fortune-telling but quickly learns it's a bit more complicated than she thought. Does Nancy really have special powers, or is it all just a coincidence?",,,,https://openlibrary.org/works/OL16812342W,,,openlibrary
9786050936452,Occultism / satanism,review,Occultism / satanism: tarot/astroloji/fal ('astroloji' in title),astroloji,6050936455,Kirik Kalpler Icin Astroloji Rehberi,,Silvia Zucca,,,,,Dogan Novus,record,2016,,,504,paperback,,,,,,,,https://openlibrary.org/works/OL26153084W,,,openlibrary
9786050936599,Occultism / satanism,review,Occultism / satanism: okultizm ('occultism' in subjects/genres),occultism,6050936595,Nesli Hevesli 3 - Gelecegi Goruyor,,Jane O'Connor,,,,"Fortune telling; Fiction; Children's fiction; Picture books; nyt:series-books=2013-10-20; New York Times bestseller; Occultism, fiction",Dogan Egmont Yayincilik,record,2016,,,124,paperback,,,,"Nancy thinks she may be able to read the future . . . and all signs point to her being a true clairvoyant—that's fancy for fortune-teller. In this perfect follow-up to Nancy Clancy, Super Sleuth and Nancy Clancy, Secret Admirer, Nancy tries her hand at fortune-telling but quickly learns it's a bit more complicated than she thought. Does Nancy really have special powers, or is it all just a coincidence?",,,,https://openlibrary.org/works/OL16812342W,,,openlibrary
9786050937497,Occultism / satanism,review,Occultism / satanism: tarot/astroloji/fal ('burc ve' in title),burc ve,6050937494,Külkedisi Pinokyo'yu Seviyor - Masallardan Mitlere 12 Burc ve Astroloji,,Gülden Bulut,,,,,Dogan Novus,record,2016,,,368,paperback,,,,,,,,https://openlibrary.org/works/OL26205292W,,,openlibrary
9786050937909,Occultism / satanism,review,Occultism / satanism: tarot/astroloji/fal ('astroloji' in title),astroloji,6050937907,Zamanlamanin Gücü - 2017 Yili Günlük Astroloji Rehber,,Dincer Güner,,,,,Dogan Novus,record,2016,,,,paperback,,,,,,,,https://openlibrary.org/works/OL26153111W,,,openlibrary
9786050945478,Occultism / satanism,review,Occultism / satanism: tarot/astroloji/fal ('zodyak' in title),zodyak,6050945470,Zodyak Mirasi Kesisme,,Collective,,,,,Dogan Egmont Yayincilik,record,2017,,,,paperback,,,,,,,,https://openlibrary.org/works/OL26155417W,,,openlibrary
9786050948219,Occultism / satanism,review,Occultism / satanism: tarot/astroloji/fal ('astroloji' in title),astroloji,6050948216,Zamanlamanin Gucu 2018,2018 Yili Gunluk Astroloji Rehberi',Naz Bayatli,,,,,Dogan Novus,record,2017,,,,paperback,,,,,,,,https://openlibrary.org/works/OL26153286W,,,openlibrary
9786050950366,Occultism / satanism,review,Occultism / satanism: tarot/astroloji/fal ('zodyak' in title),zodyak,6050950369,Zodyak Mirasi Ejderin Dönüsü,,"Stan Lee, Stuart Moore, Andie Tong",,,,,Dogan Egmont Yayincilik,record,2018,,,472,paperback,,,,,,,,https://openlibrary.org/works/OL26205854W,,,openlibrary
9786050951233,Occultism / satanism,review,Occultism / satanism: tarot/astroloji/fal ('astrolojide' in title),astrolojide,6050951233,Astrolojide Karmik Ay Dügümleri; Ask Dügümleri,,Sema Kilic;Berna Atay,,,,,Dogan Novus Yayinlari,record,2018,,tr,328,paperback,,,,,,,,https://openlibrary.org/works/OL26205882W,,,openlibrary; isbndb; google_books
9786050955842,Occultism / satanism,review,Occultism / satanism: tarot/astroloji/fal ('kahve fali' in title),kahve fali,6050955840,Binnaz Abla İle Kahve Falı,,Binnaz Gündoğan,,,,,Doğan Kitap; Doan Kitap,record,2018,,,260,paperback,,,,,,,,https://openlibrary.org/works/OL26153408W,,,openlibrary
9786050980196,Occultism / satanism,review,Occultism / satanism: tarot/astroloji/fal ('astrolojik' in title),astrolojik,6050980195,Kova Çagi,Astrolojik Dilek Kitabi,Duygu Demir,,,,,Dogan Solibri,record,2021,,,220,paperback,,,,,,,,https://openlibrary.org/works/OL26206593W,,,openlibrary
9786050983876,Occultism / satanism,review,Occultism / satanism: tarot/astroloji/fal ('astrolojik' in title),astrolojik,6050983879,Astrolojik Arketipler,Masallardan Mitlere,Gülden Bulut,,,,,Dogan Novus,record,2021,,tr,367,paperback,,,,,,,,https://openlibrary.org/works/OL26153672W,,,openlibrary; isbndb
9786051060552,Occultism / satanism,review,Occultism / satanism: tarot/astroloji/fal ('tarot' in title),tarot,6051060553,Tarot Fali Nasil Bakilir?,,Sylvia Abraham,,,,,Alfa Yayincilik,record,2021,,tr,,Paperback,,,,,,,,,,,isbndb
9786051270838,Occultism / satanism,review,Occultism / satanism: tarot/astroloji/fal ('medyumu' in title),medyumu,6051270833,Saddam'ın medyumu,roman,Berrin Kaplan,,,,,Cinius Yayınları,record,2010,İstanbul,tur,437,,Çağdaş Türk yazarları/roman,1. baskı.,,,,,697532645,https://openlibrary.org/works/OL33401330W,,,openlibrary
9786051276342,Occultism / satanism,review,Occultism / satanism: tarot/astroloji/fal ('medyum' in title),medyum,6051276343,Medyum III,,Oktay Kocamaz,,,,,Cinius,record,2013,,tr,231,Paperback,,,,,,,,,,,isbndb
9786051284637,Occultism / satanism,review,Occultism / satanism: tarot/astroloji/fal ('medyum' in title),medyum,605128463X,Medyum,,Mehmet Haydar,,,,,Ikinci Adam Yayinlari,record,2013,,tr,424,paperback,,"Oct 28, 2013",,,,,,https://openlibrary.org/works/OL26208176W,,,openlibrary; openlibrary
9786051313511,Occultism / satanism,review,Occultism / satanism: okultizm ('occultism' in subjects/genres),occultism,6051313516,"Modern Ezberlerin Sonu - Bilim, Din ve Ateizme Dair",,Mustafa Akyol,,"BODY, MIND & SPIRIT / Occultism",Religion,Felsefe ve bilim; Meaning (Philosophy); Philosophy and science; Anlam (Felsefe); Spiritual life; Tinsel yasam,Etkilesim,record,2012,,tr,45,paperback,,"Hiperlink, İstanbul, 2012",,,215,B67 .A39 2012,,https://openlibrary.org/works/OL26208340W,,,openlibrary; isbndb; ebsco
9786051420080,Occultism / satanism,review,Occultism / satanism: okultizm ('witchcraft' in subjects/genres),witchcraft,6051420088,Prydain Gunlukleri Kitap 2 - Kara Kazan,,Lloyd Alexander,,,,"Courage; Fantasy; Good and evil; Heroes; Juvenile fiction; Prydain (Imaginary place); Magic; Quests (Expeditions); Fiction; Pigs; Swine; Taran (Fictitious character : Alexander); Adventure and adventurers; Newbery Honor; Children's fiction; Adventure and adventurers, fiction; Fantasy fiction; Prydain (imaginary place), fiction; Magic, fiction; Pigs, fiction; Pottery, fiction; Children's stories; Witchcraft, fiction; Universal decimal Classification; Fairy tales",Artemis Yayinlari,record,2012,,tur,224,paperback,,,eng,"Taran, Assistant Pig-Keeper of Prydain, faces even more dangers as he seeks the magical Black Cauldron, the chief implement of the evil powers of Arawn, lord of the Land of Death.",,,,https://openlibrary.org/works/OL1966566W,,,openlibrary
9786051761169,Occultism / satanism,review,Occultism / satanism: okultizm ('occultismo' in description),occultismo,6051761160,Parlando con i morti,,Vincenzo Cavalli,,"BODY, MIND & SPIRIT / Angels & Spirit Guides",,,Anna Ruggieri,record,2016,,it,,,,"Libreka GmbH, [N.p.], 2016",,Ricordo Preghiera Sofferenze Confessione auricolare Penetrabilità degli spiriti attraverso la materia Come gli spiriti siano pronti alle nostre comunicazioni Gesù Spirito guida di uno scellerato Vita spiritica Morti bambini La vecchiaia Stato dei disincarnati in tenera età I sogni Perispirito Identità degli spiriti Materializzazione di spiriti elevati Dio e il Nirvana Dio Libero arbitrio L'Incosciente L'Occultismo Come gli spiriti sentano e vedono il nostro mondo Spiriti immobilizzati Responsabilità degli atti umani La Preghiera Bambini morti Perispirito Difficoltà per gli spiriti di materializzarsi Autosuggestione e medianità Comunicazioni degli spiriti tra loro Il miracolo di S. Gennaro La Morte Intorno al pregiudizio che le pratiche spiritiche apportino sventura Il dolore nei bruti Dio e la Fede Sesso degli spiriti Perché si nasce maschio o femmina L'avvenire dello spiritismo Apparizioni di spiriti Prove d'identità Morti precoci - vita lunga I malefici Gli animali medii veggenti Cause fisiche della medianità Medianità e suoi caratteri Lettura e trasmissione dei pensiero Gesù Evocazione degli spiriti Continenza e medianità Medianità scrivente Forma degli spiriti Prove d'identità La Messa La via del Bene Somiglianze e dissomiglianze di caratteri nella stessa famiglia Sulle comunicazioni spiritiche Previsioni del futuro Sostanza unica universale Il Papato Dimensione circonferenziale della sferoide animica Gli spiriti dei bruti Forma dell'Anima Per quale medianità appaiono i b,,,,,,,ebsco
9786051761619,Occultism / satanism,review,Occultism / satanism: okultizm ('occulti' in title) | Occultism / satanism: okultizm ('occultism' in subjects/genres) | Occultism / satanism: okultizm ('occulte' in description),occulte; occulti; occultism,6051761616,I poteri occulti : Corso razionale per lo sviluppo delle Forze psichiche,,N. Oliva,,"BODY, MIND & SPIRIT / Occultism",,,David De Angelis,record,2016,,it,,,,"Libreka GmbH, [N.p.], 2016",,INDICEPREFAZIONE: Lo studio delle forze psichiche al momento attuale - La medicina ipnotica - Per ottenere risultati meravigliosi.INTRODUZIONE: Due parole sulla svariata fenomenologia della psiche umana - L'istinto - Manifestazioni dei primi fenomeni iperfisici - Origine dei maghi e delle streghe - Le scienze occulte presso tutti i popoli e in tutti i tempi - L'anatema della chiesa.Capitolo I - LA VOLONTA': Volere e potere - La forza delle forze - Come si educa la volontà - Massimo rendimento e minimo consumo di energia -Esercizi pratici alla portata di tutti.Capitolo II - IL PENSIERO: Il pensiero in rapporto alla vita - Il suo meccanismo funzionale - Come rendersene assoluti padroni - Occhio alla distrazione! - Abitudini dannose e mezzi per correggerle - Evoluzione morale.Capitolo III - L'AUTOSUGGESTIONE: Come opera la forza suggestionante - La sua potenza sul fisico e sul morale - Armonico sviluppo dell'intelligenza e delle forze psichiche - Metodo razionale col quale si può ottenere tutto ciò che si vuole - Ipnotizzati ed ipnotizzatori.Capitolo IV - LO SGUARDO: Sua potenza e forza di penetrazione - Il malocchio - Lo sguardo dei morti ed il mistero dell'al di là - Come si acquista il dominio dello sguardo per soggiogare un avversario ed affascinare chiunque si voglia.Capitolo V - LA RESPIRAZIONE: Come bisogna respirare - Danni di un cattivo metodo di respirazione - Efficacia della forza respiratoria nel magnetismo personale - Le forze sottili della natura - Speciali sistemi,,,,,,,ebsco
9786051910864,Occultism / satanism,review,Occultism / satanism: LoC: occult subject ('cabala' in subjects),cabala,6051910867,Hauma Ulus,Zohar Kitabı. Lekh Lekha - Git,Moshe Vered,,,,Cabala,Alter Yayıncılık,record,2019,,tur,308,paperback,,,,,,,1294515824,https://openlibrary.org/works/OL26213668W,,,openlibrary
9786052027523,Occultism / satanism,review,Occultism / satanism: tarot/astroloji/fal ('astrolojisi' in title),astrolojisi,6052027525,Ask ve Iliskiler Astrolojisi,,Sema Kiliç,,,,,Yitik Ülke Yayinlari,record,2020,,,376,paperback,,,,,,,,https://openlibrary.org/works/OL26214457W,,,openlibrary
9786052064566,Occultism / satanism,review,Occultism / satanism: tarot/astroloji/fal ('tarot' in title),tarot,6052064560,Tarot Falim,,Büsra Köprü,,,,,Ephesus Yayinlari,record,2018,,tr,384,hardcover,,,,,,,,https://openlibrary.org/works/OL26214848W,,,openlibrary; isbndb
9786052182659,Occultism / satanism,review,Occultism / satanism: tarot/astroloji/fal ('astrolojinin' in title),astrolojinin,6052182652,Astrolojinin Sırları,"""Yıldızları Elinde Tutan Kadın""",Şifa Avcın,,,,,Mona Kitap,record,2019,,tr,348,paperback,,1,,,,,,https://openlibrary.org/works/OL26215623W,,,openlibrary; isbndb
9786052498934,Occultism / satanism,review,Occultism / satanism: tarot/astroloji/fal ('tarot' in title),tarot,6052498935,Fal ve Tarot Kitabi,,Ahmet Seyrek,,,,,Dorlion Yayinlari,record,2020,,,264,paperback,,,,,,,,https://openlibrary.org/works/OL26160864W,,,openlibrary
9786052870402,Occultism / satanism,review,Occultism / satanism: tarot/astroloji/fal ('astrolojisi' in title),astrolojisi,6052870400,Askin Astrolojisi,,Askin Sengün,,,,,Sokak Kitaplari Yayinlari,isbn_prefix,,,tr,,,,,,,,,,,,,google_books
9786052950715,Occultism / satanism,review,Occultism / satanism: okultizm ('occultism' in subjects/genres),occultism,6052950714,Ekip - Garip Bir Ada Tatili,,Ali Sparkes,,,,"Children's fiction; Parapsychology, fiction; Occultism, fiction",Is Bankasi Kültür Yayinlari,record,2018,,eng,216,paperback,,,,,,,,https://openlibrary.org/works/OL17527592W,,,openlibrary; internet_archive
9786052990285,Occultism / satanism,review,Occultism / satanism: tarot/astroloji/fal ('zodyak' in title),zodyak,6052990287,Zodyak,,Romina Russell,,,,,Pegasus,record,2016,,tr,400,paperback,,,,,,,,https://openlibrary.org/works/OL26162047W,,,openlibrary; isbndb
9786052992548,Occultism / satanism,review,Occultism / satanism: tarot/astroloji/fal ('zodyak' in title),zodyak,6052992549,Gezgin Yildiz - Zodyak,,Romina Russell,,,,,Pegasus Yayinlari,record,2017,,tr,336,paperback,,,,,,,,https://openlibrary.org/works/OL26220286W,,,openlibrary; isbndb
9786052995358,Occultism / satanism,review,Occultism / satanism: kara buyu ('kara buyucu' in title),kara buyucu,6052995351,Yüksek Büyücü; Kara Büyücü Üclemesi - Ücüncü Kitap,,Trudi Canavan,,,,,Pegasus Yayinlari,record,2018,,tr,552,paperback,,,,,,,,https://openlibrary.org/works/OL26220455W,,,openlibrary; isbndb
9786052995808,Occultism / satanism,review,Occultism / satanism: kara buyu ('kara buyucu' in title),kara buyucu,6052995807,Kara Büyücü Üçlemesi,,Trudi Canavan,,,,,Pegasus Yayınları,record,2019,,,1520,paperback,,,,,,,,https://openlibrary.org/works/OL26220476W,,,openlibrary
9786053041047,Occultism / satanism,review,Occultism / satanism: okultizm ('occultism' in subjects/genres) | Occultism / satanism: okultizm ('wiccan' in description),occultism; wiccan,6053041041,Telema,,Gabrielle Charbonnet,,,,"Occultism; Magic; Witchcraft; Juvenile fiction; Teenagers; Fiction; Witches; Secrecy; Conduct of life; Good and evil; Children's fiction; Occultism, fiction; Good and evil, fiction; Magic, fiction; Youth, fiction; Conduct of life, fiction; Series:Sweep",Artemis Yayinlari,record,2016,,,215,paperback,,,,"When her best friend drags her to a Wiccan circle, Morgan experiences things she never has before; Morgan falls for Cal Blaine and learns more about the powers she has inherited; and Cal believes Morgan is a blood witch after her powers change.",,,,https://openlibrary.org/works/OL16622409W,,,openlibrary
9786053110491,Occultism / satanism,review,Occultism / satanism: tarot/astroloji/fal ('astroloji' in title),astroloji,6053110493,Astroloji - Burclar 2016,,Nuray Sayari,,,,,Destek Yay?nlar?,record,2015,,tr,344,paperback,,"Oct 28, 2015",,,,,,https://openlibrary.org/works/OL26221084W,,,openlibrary; openlibrary
9786053111313,Occultism / satanism,review,Occultism / satanism: tarot/astroloji/fal ('zodyak' in title),zodyak,6053111317,Zodyak - Burclar Kuþagi Cinayetleri,,Sam Wilson,,,,,Beyaz Baykus Yayinlari,record,2016,,tr,424,paperback,,"Oct 28, 2016",,,,,,https://openlibrary.org/works/OL26221126W,,,openlibrary; isbndb; openlibrary
9786053111948,Occultism / satanism,review,Occultism / satanism: tarot/astroloji/fal ('astroloji' in title),astroloji,6053111945,Astroloji ve Burclar 2017,,Nuray Sayari,,,,,Destek Yayinlari,record,2016,,,352,paperback,,,,,,,,https://openlibrary.org/works/OL26221161W,,,openlibrary
9786053116196,Occultism / satanism,review,Occultism / satanism: tarot/astroloji/fal ('astrolojinin' in title),astrolojinin,605311619X,Astrolojinin Bilimle İmtihanı,,Tevfik Uyar,,,,,Destek Yayinlari,record,2019,,tr,248,paperback,,"Oct 17, 2019",,,,,,https://openlibrary.org/works/OL26162748W,,,openlibrary; isbndb; openlibrary
9786053117193,Occultism / satanism,review,Occultism / satanism: tarot/astroloji/fal ('astroloji' in title),astroloji,6053117196,2020 Günlük Astroloji Takvimi,,Naz Bayatli;Dincer Güner,,,,,Destek Yayinlari,record,2019,,,732,paperback,,,,,,,,https://openlibrary.org/works/OL26162773W,,,openlibrary
9786053117353,Occultism / satanism,review,Occultism / satanism: okultizm ('cadilik' in title),cadilik,6053117358,Kadim Cadilik Ögretisi,Wicca,Erhan Altunay,,,,,Destek Yayinlari,record,2020,,En,176,paperback,,,,,,,,https://openlibrary.org/works/OL26221410W,,,openlibrary; isbndb
9786053241393,Occultism / satanism,review,Occultism / satanism: tarot/astroloji/fal ('burc yorumlari' in title),burc yorumlari,6053241393,2014 Detayli Burc Yorumlari,,Jale Muratoglu,,,,,Gece Kitapligi,record,2015,,,,paperback,,,,,,,,https://openlibrary.org/works/OL26222814W,,,openlibrary
9786053431527,Occultism / satanism,review,Occultism / satanism: tarot/astroloji/fal ('medyum' in title),medyum,6053431524,Mutsuz Medyum - Hayalet Arkadaslarim -3,,Elizabeth Cody Kimmel,,,,"Spiritualists; Juvenile fiction; Haunted places; Hotels, motels; Supernatural; Mothers and daughters; Fiction; Friendship; Children's fiction; Supernatural, fiction; Hotels, motels, etc., fiction; Mothers and daughters, fiction; Friendship, fiction",Pegasus Yayinlari,record,2013,,tr,,paperback,,"Oct 28, 2013",,"Kat accompanies her best friend Jac to a musicians' conference at the Whispering Pines Mountain House, where she works to free the spirit of a dead medium and helps Jac resolve a serious conflict.",,,,https://openlibrary.org/works/OL449634W,,,openlibrary; openlibrary
9786053432821,Occultism / satanism,review,Occultism / satanism: tarot/astroloji/fal ('medyum' in title),medyum,6053432822,Hayalet Arkadaslarim 3 - Mutsuz Medyum,,Elizabeth Cody Kimmel,,,,"Spiritualists; Juvenile fiction; Haunted places; Hotels, motels; Supernatural; Mothers and daughters; Fiction; Friendship; Children's fiction; Supernatural, fiction; Hotels, motels, etc., fiction; Mothers and daughters, fiction; Friendship, fiction",Pegasus Yayinlari,record,2014,,tur,264,paperback,,"Oct 28, 2014",eng,"Kat accompanies her best friend Jac to a musicians' conference at the Whispering Pines Mountain House, where she works to free the spirit of a dead medium and helps Jac resolve a serious conflict.",,,,https://openlibrary.org/works/OL449634W,,,openlibrary; isbndb; openlibrary
9786053482284,Occultism / satanism,review,Occultism / satanism: okultizm ('occult' in subjects/genres),occult,6053482285,Sonsuz Karanlik,Merrick,Anne Rice,,,,"Fiction; Vampires; Witches; Occult fiction; Horror tales; Vampires -- Fiction; General; Large type books; Fiction, horror; Modern & contemporary fiction (post c 1945); FICTION / Fantasy / Paranormal; FICTION / Ghost; FICTION / Thrillers / Suspense; FICTION / Occult & Supernatural; New York Times reviewed; Fiction, occult & supernatural; New orleans (la.), fiction; Guatemala, fiction; Vampires, fiction; Louisiana, fiction; Paranormal fiction; Series:The-Vampire-Chronicles",Martı,record,2014,Türkiye,tur,464,paperback,,2022,eng,"Artık farklı bir bedendeyim. Ve bu beden Lestat'ın güçlü vampir kanıyla dönüştürüldü. En tehlikeli ve en güvenilir vampirlerden biriyim. Pek konuşmayan Vampir Armand bile bana hayat hikâyesini anlattı. Vampir Lestat'ın kanıyla ölümlü hayatı, sonsuzluğa dönüştürülen David artık genç bir adamın bedenine sahiptir. Psişik Araştırmacılar Cemiyeti Talamasca'nın eski yöneticisidir ve kendini gizemli ruhani olayları çözmeye adamıştır. Bu adama, uyandırılması gereken bir ruhu çağırmak için yardım edebilecek tek kişi ise, yıllar önce aynı cemiyette tanışıp âşık olduğu Merrick'ten başkası değildir.",,,,https://openlibrary.org/works/OL77848W,6053482285,,openlibrary; isbndb; isbndb
9786053751830,Occultism / satanism,review,Occultism / satanism: okultizm ('occult' in subjects/genres),occult,6053751839,Kiyamet Gösterisi,,Neil Gaiman,,,,"End of the world; Humorous; Fantasy fiction; Fiction; Prophecies; Occult fiction; Witches; Humorous fiction; Apocalypse; Roman; Sorcières; Antichrist; Angels; Fiction, fantasy, contemporary; Fiction, humorous; fantasy; humor; Fiction, fantasy, general; nyt:trade-fiction-paperback=2019-06-23; New York Times bestseller; New York Times reviewed; Fiction, humorous, general; Fin du monde; Romans, nouvelles; Large type books",Ithaki Yayinlari,record,2012,,tur,416,paperback,,"İthaki Yayınları, 2.baskı, İstanbul, 2012",eng,"Armageddon only happens once, you know. They don't let you go around again until you get it right. According to the Nice and Accurate Prophecies of Agnes Nutter, Witch - the world's only totally reliable guide to the future, written in 1655, before she exploded - the world will end on a Saturday. Next Saturday, in fact. Just after tea... People have been predicting the end of the world almost from its very beginning, so it's only natural to be sceptical when a new date is set for Judgement Day. This time though, the armies of Good and Evil really do appear to be massing. The four Bikers of the Apocalypse are hitting the road. But both the angels and demons - well, one fast-living demon and a somewhat fussy angel - would quite like the Rapture not to happen. Oh, and someone seems to have misplaced the Antichrist...",,,,https://openlibrary.org/works/OL453936W,,,openlibrary; isbndb; worldcat
9786053757481,Occultism / satanism,review,Occultism / satanism: okultizm ('occult' in subjects/genres),occult,6053757489,En Yakin Arkadasimin Seytan Cikarma Ayini,,Grady Hendrix,,,,"Exorcism; Demoniac possession; High school students; Teenage girls; Fiction; Fiction, occult & supernatural; Fiction, thrillers; Friendship, fiction; Fiction, thrillers, general",Ithaki Yayinlari,record,2017,,tr,352,paperback,,,,"1988. Charleston, South Carolina. High school sophomores Abby and Gretchen have been best friends since fourth grade. But after an evening of skinny-dipping goes disastrously wrong, Gretchen begins to act--different. She's moody. She's irritable. And bizarre incidents keep happening whenever she's nearby. Abby's investigation leads her to some startling discoveries--and by the time their story reaches its terrifying conclusion, the fate of Abby and Gretchen will be determined by a single question: Is their friendship powerful enough to beat the devil?",,,,https://openlibrary.org/works/OL20030306W,,,openlibrary; isbndb
9786053963165,Occultism / satanism,review,Occultism / satanism: okultizm ('witchcraft' in subjects/genres),witchcraft,605396316X,Eski Yunan ve Roma'da Buyu ve Buyuculuk,,Daniel Ogden; Bengt Ankarloo; Stuart Clark,,,,Witchcraft; Greek Magic; Roman Magic,Arkeoloji ve Sanat Yayınları,record,2015,Beyoǧlu-İstanbul,tur,197,Paperback,,2015,,"""Antik dünyada büyücülüğün ve büyünün tarihçesi, esasında çok çeşitli metinlere dayanmaktadır. Bu yazılı kaynakların çoğu, anlı şanlı kültürel ve bilimsel bir geleneğin, yani toplumun kaymak tabakalarının kendi tüketimlerine yönelik olarak yarattığı ""klasik miras""ın bir parçası olarak günümüze ulaşmıştır. Bu anlatılanların sıradan erkek ve kadınların düşünce ve davranışlarına değindiği durumlar nadirdir; dolaylı olarak, belki arada bir yanlı bir uslupla karşımıza çıkmaktadır. Ama arkeologların gün yüzüne çıkardığı bazı maddi kalıntılar, en önemlisi de büyü papirüsleri ve metal yapraklar gibi dayanıklı malzemeler üzerine yazılı beddualar, Mısır'dan Britanya'ya kadar klasik dünyanın dört bir yanından insanların gündelik uğraşları hakkında bilgi vermektedir. Antikçağda büyüye ilişkin inanç ve etkinlikler konusunda bilgi edinmemizi sağlayan en önemli kaynaklar : 1-Homeros ve Euripides'ten Apuleius ve Lukianaos'a kadar ki kurgusal edebiyat; 2-Kutsal Kitap'tan ve Hıristiyan Azizlerin Yaşamlar'ından Plutarkhs, Lucanus, Porphyrios ve Suetonius gibi özgün tarihçilere kadar ki tarihsel anlatımlar; 3-Platon ve Hippokrates'ten Plotinos ve Celsus'a kadar ki felsefi ve bilimsel söylemler; 4-İncillerden Kilise Babaları'na kadar ki dini metinler; 5-Uygulamaya yönelik, yani gerek (mahkeme kararları ve kayıtları gibi) hukuki, gerek (dualar ve ayinler sırasındaki yakarışlar gibi) dini,gerekse (papirüsler ve beddua levhaları gibi) büyüye ilişkin bir niteliği olsun, bütün bu toplumsal etkinlikler",,,925406922,https://openlibrary.org/works/OL45749421W,,,openlibrary; isbndb; worldcat
9786054263318,Occultism / satanism,review,Occultism / satanism: okultizm ('witchcraft' in subjects/genres),witchcraft,6054263315,Krabat,,Otfried Preussler,,,,"Children's fiction; Witchcraft, fiction; Occultism, fiction",Pegasus; +1 Kitap,record,2009,,tur,304,paperback,,,,Een 14-jarige Jongen Belandt Als Twaalfde Leerling Op Een Molen. Het Blijkt Een Leerschool Van Zwarte Kunst.,,,671312693,https://openlibrary.org/works/OL21445051W,,,openlibrary; isbndb
9786054325139,Occultism / satanism,review,Occultism / satanism: tarot/astroloji/fal ('kabala' in title),kabala,6054325132,Cern Kabala Deccal ve Mehdi,,Hayati Sir,,,,,Hayykitap,record,2010,,,208,paperback,,,,,,,,https://openlibrary.org/works/OL26168045W,,,openlibrary
9786054456079,Occultism / satanism,review,Occultism / satanism: tarot/astroloji/fal ('burcunuz ve' in title),burcunuz ve,6054456075,Burcunuz ve 2011,,Susan Miller,,,,,Pegasus,record,2011,,,,paperback,,,,,,,,https://openlibrary.org/works/OL26373205W,,,openlibrary
9786054482573,Occultism / satanism,review,Occultism / satanism: okultizm ('occultism' in subjects/genres),occultism,6054482572,Judy Moody Gelecegi Goruyor,,Megan McDonald,,,,"Mood (Psychology); Elementary schools; Judy Moody (Fictitious character); Juvenile fiction; Rings; Fiction; Prophecies; Psychic ability; Schools; Fiction. 2; Children's fiction; Schools, fiction; Moody, judy (fictitious character), fiction; Supernatural, fiction; Humorous stories; Occultism, fiction; Flickor; Barn- och ungdomslitteratur; Skolan; Lågstadiet; Spådomar; Self-esteem, fiction; Emotions, fiction; Prophéties; Romans, nouvelles, etc. pour la jeunesse",Artemis Yayınları,record,2011,,,160,paperback,,,,"After Judy obtains a mood ring, she tries to convince herself and her third-grade classmates that she can predict the future.",,,,https://openlibrary.org/works/OL104336W,,,openlibrary
9786054482955,Occultism / satanism,review,Occultism / satanism: okultizm ('occult' in subjects/genres),occult,6054482955,Supernatural,Lanetli Emanet,Joe Schreiber,,,,"Fiction, occult & supernatural",Artemis Yaynlar; Artemis Yayınları,record,2011,,,322,paperback,,,,"The demons want Sam to say yes to Lucifer, and they are willing to do just about anything including possessing civil war re-enactors to gain Judas rope. This rope has enough evil in it that it can possess others into doing their bidding. They must stop these demons, help the local sheriff, and help Castiel find Judas himself.",,,,https://openlibrary.org/works/OL14975998W,,,openlibrary
9786054503810,Occultism / satanism,review,Occultism / satanism: tarot/astroloji/fal ('astroloji' in title),astroloji,6054503812,Astroloji ve Ask,,B. K. Chaturvedi,,,,,Arunas Yayincilik,record,2012,,,,paperback,,,,,,,,https://openlibrary.org/works/OL26230113W,,,openlibrary
9786054523979,Occultism / satanism,review,Occultism / satanism: LoC: occult subject ('cabala' in subjects),cabala,605452397X,Erdemligin Incileri,,Michael Laitman,,,"Philosophy, psychology & religion",Cabala,Alter Yayinlari,record,2017,,tur,240,paperback,,,,,,BM525 .L253519 2012,949356199,https://openlibrary.org/works/OL26168506W,,,openlibrary
9786054538034,Occultism / satanism,review,Occultism / satanism: tarot/astroloji/fal ('astrolojiyle' in title),astrolojiyle,6054538039,Hayatiniza Astrolojiyle Yon Verin,,Lisa Tenzin Dolma,,,,,Optimist,record,2017,,,,paperback,,,,,,,,https://openlibrary.org/works/OL26230402W,,,openlibrary
9786054607853,Occultism / satanism,review,Occultism / satanism: tarot/astroloji/fal ('astroloji' in title),astroloji,6054607855,2013 ASTROLOJİ VE BURÇLAR,,Nuray Sayarı,,,,,Destek Yaynlar; Destek Yayınları,record,2017,,,,paperback,,,,,,,,https://openlibrary.org/works/OL26230768W,,,openlibrary
9786054745012,Occultism / satanism,review,Occultism / satanism: LoC: occult subject ('cabala' in subjects),cabala,6054745018,Dost Sevgisi,,Michael Laitman,,,,Cabala; Friendship; Religious aspects; Judaism,Alter Yayinlari,record,2017,,tur,77,paperback,,,,,,,1083766753,https://openlibrary.org/works/OL26169200W,,,openlibrary
9786054745029,Occultism / satanism,review,Occultism / satanism: LoC: occult subject ('cabala' in subjects),cabala,6054745026,Yarinin Cocuklari,,Michael Laitman,,,,Cabala; Child rearing; Religious aspects; Judaism,Alter Yayinlari,record,2017,,tur,161,paperback,,,,,,,1083780328,https://openlibrary.org/works/OL26169202W,,,openlibrary
9786054745036,Occultism / satanism,review,Occultism / satanism: LoC: occult subject ('cabala' in subjects),cabala,6054745034,Niyetler,,Michael Laitman,,,,Cabala,Alter Yayinlari,record,2017,,tur,110,paperback,,,,,,,1083768177,https://openlibrary.org/works/OL26169203W,,,openlibrary; google_books
9786054745104,Occultism / satanism,review,Occultism / satanism: LoC: occult subject ('cabala' in subjects),cabala,6054745107,YENİ EKONOMİNİN YARARLARI,,Kolektif,,,,Cabala; International economic relations; Globalization,Alter Yayıncılık; Alter Yaynclk,record,2017,,tur,232,paperback,,,,,,,1083768777,https://openlibrary.org/works/OL26169205W,,,openlibrary
9786054745111,Occultism / satanism,review,Occultism / satanism: LoC: occult subject ('cabala' in subjects),cabala,6054745115,DÖNÜŞ NOKTASI,,Kolektif,,,,Cabala,Alter Yaynclk; Alter Yayıncılık,record,2017,,tur,166,paperback,,,,,,,1083766685,https://openlibrary.org/works/OL26231672W,,,openlibrary
9786054745128,Occultism / satanism,review,Occultism / satanism: LoC: occult subject ('cabala' in subjects),cabala,6054745123,YENİ DÜNYA REHBERİ,,Kolektif,,,,Cabala,Alter Yaynclk; Alter Yayıncılık,record,2017,,tur,159,paperback,,,,,,,1083780452,https://openlibrary.org/works/OL26231661W,,,openlibrary
9786054745135,Occultism / satanism,review,Occultism / satanism: LoC: occult subject ('cabala' in subjects),cabala,6054745131,Ruh ve Beden,,Michael Laitman,,,,Cabala; Mind and body; Religious aspects; Judaism,Alter Yayinlari,record,2017,,tur,108,paperback,,,,,,,1083780196,https://openlibrary.org/works/OL26231662W,,,openlibrary
9786054745234,Occultism / satanism,review,Occultism / satanism: tarot/astroloji/fal ('kabala' in title),kabala,6054745239,Kabala'nin Ifsasi,,Michael Kaitman,,,,,Alter Yayinlari,record,2017,,,,paperback,,,,,,,,https://openlibrary.org/works/OL26169209W,,,openlibrary
9786054799107,Occultism / satanism,review,Occultism / satanism: tarot/astroloji/fal ('zodyak' in title),zodyak,605479910X,Benim Sevgilim Kim Zodyak Cevapliyor,,Zeynep Turan,,,,,Postiga,record,2013,,,312,paperback,,,,,,,,https://openlibrary.org/works/OL26169425W,,,openlibrary
9786054922574,Occultism / satanism,review,Occultism / satanism: tarot/astroloji/fal ('kabala' in title) | Occultism / satanism: LoC: occult subject ('cabala' in subjects),cabala; kabala,6054922572,Kabala'nin Sesi,,Michael Laitman,,,,Cabala,Alter Yayinlari,record,2014,,tur,285,paperback,,,,,,,1001821171,https://openlibrary.org/works/OL26232736W,,,openlibrary
9786054922581,Occultism / satanism,review,Occultism / satanism: tarot/astroloji/fal ('kabala' in title),kabala,6054922580,Kabala'ya Uyanis,,Michael Laitman,,,,,Alter Yayinlari,record,2014,,,,paperback,,,,,,,,https://openlibrary.org/works/OL24331353W,,,openlibrary
9786054922598,Occultism / satanism,review,Occultism / satanism: tarot/astroloji/fal ('kabala' in title) | Occultism / satanism: LoC: occult subject ('cabala' in subjects),cabala; kabala,6054922599,Kadin ve Kabala,,Michael Laitman,,,,Cabala; Women in Judaism,Alter Yayinlari,record,2014,,tur,68,paperback,,,,,,,1001821426,https://openlibrary.org/works/OL26169942W,,,openlibrary
9786054922659,Occultism / satanism,review,Occultism / satanism: tarot/astroloji/fal ('kabala' in title) | Occultism / satanism: LoC: occult subject ('cabala' in subjects),cabala; kabala,6054922653,Kabala Bilim ve Hayatin Anlami,,Michael Laitman,,,,Cabala; Judaism and science,Alter Yayinlari,record,2014,,tur,238,paperback,,,,,,,1001821401,https://openlibrary.org/works/OL26232740W,,,openlibrary
9786054922727,Occultism / satanism,review,Occultism / satanism: tarot/astroloji/fal ('kabala' in title) | Occultism / satanism: LoC: occult subject ('cabala' in subjects),cabala; kabala,6054922726,Kabala Bilimi,,Michael Laitman,,,,Cabala,Alter Yayinlari,record,2015,,tur,1056,paperback,,,,,,,1001821233,https://openlibrary.org/works/OL26409592W,,,openlibrary
9786054922796,Occultism / satanism,review,Occultism / satanism: LoC: occult subject ('cabala' in subjects),cabala,6054922793,Isigin Tadi,,Michael Laitman,,,,Cabala; Introductions,Alter Yayinlari,record,2014,,tur,198,paperback,,,,,,,1001821400,https://openlibrary.org/works/OL26232747W,,,openlibrary
9786054962563,Occultism / satanism,review,Occultism / satanism: tarot/astroloji/fal ('kabalanin' in title),kabalanin,6054962566,Kabalanin Esrari -Tevrat Neden Degistirildi?,,Müslüm Ince,,,,,Tutku Yayinevi,record,2014,,tr,480,paperback,,"Ankara, 2014",,,,,,https://openlibrary.org/works/OL26233034W,,,openlibrary; worldcat
9786054993253,Occultism / satanism,review,Occultism / satanism: tarot/astroloji/fal ('yildizname' in title),yildizname,6054993259,Cinci Büyüleri Yildizname,,Ismet Zeki Eyuboglu,,,,,Der Yayinlari,record,2000,,tr,326,paperback,,,,,,,,https://openlibrary.org/works/OL24331491W,,,openlibrary; isbndb
9786055006129,Occultism / satanism,review,Occultism / satanism: tarot/astroloji/fal ('astroloji' in title),astroloji,605500612X,Astroloji Hurafe mi Oze Acilan Kapi mi?,,,,,,,Ganj Yayinlari,record,,,tr,,Paperback,,,,,,,,,,,isbndb
9786055060619,Occultism / satanism,review,Occultism / satanism: okultizm ('witchcraft' in description),witchcraft,6055060612,Gökyüzü Sapka Dolu,,Terry Pratchett,,,,"Discworld (Imaginary place); Fairies; Fairies in fiction; Fiction; Juvenile fiction; Monsters; Monsters in fiction; Witches; Witches in fiction; Reading Level-Grade 7; Reading Level-Grade 9; Reading Level-Grade 8; Reading Level-Grade 11; Reading Level-Grade 10; Reading Level-Grade 12; Children's fiction; Witches, fiction; Fairies, fiction; Monsters, fiction; Fantasy fiction; Humorous stories; Tiffany Aching (Fictitious character); Fantasy; Magic; English Fantasy fiction",DeliDolu,record,2016,,,312,paperback,,,,"Something is coming after Tiffany ...Tiffany Aching is ready to begin her apprenticeship in magic. She expects spells and magic -- not chores and ill-tempered nanny goats! Surely there must be more to witchcraft than this!What Tiffany doesn't know is that an insidious, disembodied creature is pursuing her. This time, neither Mistress Weatherwax (the greatest witch in the world) nor the fierce, six-inch-high Wee Free Men can protect her. In the end, it will take all of Tiffany's inner strength to save herself ... if it can be done at all.A Story of Discworld",,,,https://openlibrary.org/works/OL453737W,,,openlibrary
9786055060992,Occultism / satanism,review,Occultism / satanism: okultizm ('occult' in subjects/genres),occult,605506099X,Cadılar Dışarıda,,Terry Pratchett,,,,"English Fantasy fiction; Discworld (Imaginary place); Fiction; Fantasy; Witches; Occult fiction; Fiction, fantasy, general; Discworld (imaginary place), fiction; Granny weatherwax (fictitious character), fiction; Fiction, humorous; Fiction, occult & supernatural",Delidolu,record,2017,,,344,paperback,,,,"Be careful what you wish for...Once upon a time there was a fairy godmother named Desiderata who had a good heart, a wise head, and poor planning skills—which unforunately left the Princess Emberella in the care of her other (not quite so good and wise) godmother when DEATH came for Desiderata. So now it's up to Magrat Garlick, Granny Weatherwax, and Nanny Ogg to hop on broomsticks and make for far-distant Genua to ensure the servant girl doesn't marry the Prince.But the road to Genua is bumpy, and along the way the trio of witches encounters the occasional vampire, werewolf, and falling house (well this is a fairy tale, after all). The trouble really begins once these reluctant foster-godmothers arrive in Genua and must outwit their power-hungry counterpart who'll stop at nothing to achieve a proper ""happy ending""—even if it means destroying a kingdom.",,,,https://openlibrary.org/works/OL453668W,,,openlibrary
9786055145187,Occultism / satanism,review,Occultism / satanism: tarot/astroloji/fal ('kabalanin' in title),kabalanin,6055145189,Evanjelizm Hollywood Ve Kabalanin 13.havarisi,,Ramazan Kurtoglu,,,,,Orion Kitabevi,isbn_prefix,2014,,tr,596,,,,,,,,,,,,isbndb
9786055181833,Occultism / satanism,review,Occultism / satanism: tarot/astroloji/fal ('astroloji' in title),astroloji,6055181835,Esma'ul Husnali Astroloji Gunlugu,,Güclü Metin,,,,,Hayykitap,record,2014,,,,paperback,,,,,,,,https://openlibrary.org/works/OL26373531W,,,openlibrary
9786055289034,Occultism / satanism,review,Occultism / satanism: okultizm ('occultisme' in subjects/genres),occultisme,6055289032,Gregor Yeralti Gunlukleri,,Suzanne Collins,,,,"Prophéties (Occultisme); Romans, nouvelles; Frères et sœurs; Personnes disparues; Zones souterraines; Dystopies; Aventures; Children's fiction; Brothers and sisters, fiction; Animals, fiction; Missing persons, fiction; Fantasy fiction; book set",Pegasus,record,2012,,tur,1540,paperback,,,eng,Gregor ve Gri Kehanet / Yeraltı Günlükleri-1 Gregor ve Felaket Kehaneti / Yeraltı Günlükleri-2 Gregor ve Kan Kehaneti / Yeraltı Günlükleri Serisi -3 Gregor ve Sır Kehaneti / Yeraltı Günlükleri Serisi -4 Gregor ve Zaman Kehaneti / Yeraltı Günlükleri Serisi -5,,,,https://openlibrary.org/works/OL24268078W,57659294,,openlibrary; isbndb
9786055302283,Occultism / satanism,review,Occultism / satanism: okultizm ('okult' in title),okult,6055302284,Elizabeth Donemi Okult Felsefe,,Frances Amelia Yates,,,,,Pinhan Yayincilik,record,2013,,tr,264,paperback,,"Pinhan Yayıncılık (Yayınları), 1.basım : Mart 2013, Topkapı-Zeytinburnu, İstanbul, 2013",,,,,,https://openlibrary.org/works/OL26373541W,,,openlibrary; worldcat
9786055360566,Occultism / satanism,review,Occultism / satanism: tarot/astroloji/fal ('astroloji' in title),astroloji,605536056X,Astroloji Rehberi 2012,,Jeff Jawer,,,,,Pegasus,record,2012,,,,paperback,,,,,,,,https://openlibrary.org/works/OL26258927W,,,openlibrary
9786055395988,Occultism / satanism,review,Occultism / satanism: tarot/astroloji/fal ('astroloji' in title),astroloji,6055395983,2013 Astroloji Rehberi ve Burclar,,Din?er Güner,,,,,Nemesis Kitap,record,2017,,,,paperback,,,,,,,,https://openlibrary.org/works/OL26235982W,,,openlibrary
9786055409739,Occultism / satanism,review,Occultism / satanism: tarot/astroloji/fal ('medyumluk' in title),medyumluk,6055409739,Dr. Bedri Ruhselman'dan Medyumluk,,Sertac Mehmet Temizel,,,,,Ar?tan Yay?nevi,record,2015,,,232,paperback,,,,,,,,https://openlibrary.org/works/OL26236015W,,,openlibrary
9786055465872,Occultism / satanism,review,Occultism / satanism: tarot/astroloji/fal ('kabalanin' in title) | Occultism / satanism: LoC: occult subject ('cabala' in subjects),cabala; kabalanin,6055465876,Kabalanin Gizli Bilgeligi,,Michael Laitman,,,,Cabala,Alter Yayinlari,record,2013,,tur,160,paperback,,,,"Doğanın Kanunları, Dünyadaki Yerimiz Ve Davranışlarımız Bilim Insanları Ve Felsefeciler Tarafından Binlerce Yıldan Beri Incelenmiştir. Mantıki Varsayımlarla Beraber Bilim Nicel Olabilir Verilerden Ve Araştırmalardan Yararlanır. Fakat Bilim Insanlarımız Ve Araştırmacılarımız Araştırmalarında Daha Da Ileri Gittikçe Dünyanın Daha Belirsiz Ve Karışık Olduğunu Fark Etmişlerdir. Şüphesiz Ki Bilim Dünyada Muazzam Bir Ilerleme Sağlamıştır, Fakat Bu Sınırlıdır. Bilimsel Aletler Insanın Iç Dünyasını, Ruhunu, Davranışlarını Ve Motivasyon Kaynaklarını ölçemez. Yaratılışın En Ana öğesi Olan Insan, Bu Evrendeki Rolüne Dair Hâlâ Bilgisiz Bırakılmış Durumdadır.",,,1001821234,https://openlibrary.org/works/OL26236305W,,,openlibrary; isbndb
9786055465889,Occultism / satanism,review,Occultism / satanism: tarot/astroloji/fal ('kabalanin' in title) | Occultism / satanism: LoC: occult subject ('cabala' in subjects),cabala; kabalanin,6055465884,KABALANIN TEMEL KAVRAMLARI,,Michael Laitman,,,,Cabala; Mysticism; Judaism; Spiritual life,Alter,record,2017,,tur,166,paperback,,,,,,,1001821425; 1001821172,https://openlibrary.org/works/OL26236306W,,,openlibrary
9786055465902,Occultism / satanism,review,Occultism / satanism: LoC: occult subject ('cabala' in subjects),cabala,6055465906,Ust Dunyalari Edinmek,,Michael Laitman,,,,Cabala,Alter Yayinlari,record,2017,,tur,574,paperback,,,,,,,1001821402,https://openlibrary.org/works/OL26259223W,,,openlibrary
9786055598044,Occultism / satanism,review,Occultism / satanism: tarot/astroloji/fal ('tarot' in title),tarot,6055598043,Rumi Tarot,,,,,,,Dharma Yayinlari,record,,,tr,,Paperback,,,,,,,,,,,isbndb
9786055598075,Occultism / satanism,review,Occultism / satanism: tarot/astroloji/fal ('astrolojinin' in title),astrolojinin,6055598078,Astrolojinin en güzel zamanları geleceğin yeniden çizebilirsiniz,,Su Karakuş,,,,,Dharma Yayınları,record,2010,,tr,,,,"1. basım, İstanbul, 2010",,,,,,,,,worldcat
9786055642419,Occultism / satanism,review,Occultism / satanism: satanism ('satanism' in subjects/genres) | Occultism / satanism: okultizm ('occultism' in subjects/genres) | Occultism / satanism: LoC: Satanism ('satanism' in subjects) | Occultism / satanism: LoC: occult subject ('occultism' in subjects),bf1418.t9 b47 2006; cabala; occultism; satanism,6055642417,Gizli örgütler ve tarikatlar,,"Berkkan, Kursad",,SOCIAL SCIENCE / Freemasonry & Secret Societies,Social sciences,"Satanism; Hristiyan mezhepleri; Aydinlik; Sabbathaians; Sabetaycilar; Sövalyeler Birligi; Satanizm; Occultism; Bahai inanci; Siyonizm; Christian sects; Zionizm; Cabala; Masonluk; Hermetizm; Hermetism; Freemasonry; Mistisizm; Mysticism; Büyücülük; Bahai faith; Illuminati; Templars; Moon, Sun Myung; Kabala",Bilge Karınca Yayınları,record,2006,,tr,,,,"Hiperlink, İstanbul, 2006",,"""Gizli rgtler ou zaman kendilerini 'slah edicilier' diye insanla sunmular, bir takm ada kavramlarn arkasna gizlenerek insanl ifsat etmeyi srdrmlerdir. Fakat bu eser, onlarn paasndan yakalayp insanlarn nne seriyor... "" Mehmet Ali Bulut Aratrmac Gazeteci Yazar ""Aratrmac, gen kalmer Kursad Berkkan kardeimi bu mcahidane, fikir alplii ierikli almalarndan dolay tebrik ediyor; daha nice uyanma ve uyandrma projesi iinde hayr hizmeti bol almalara imza atmasn Cenab- Mevla'dan diliyorum."" Hakan Ylmaz ebi Aratrmac Yazar ""Baz gizli toplumlarnn kkenin Msrllar ve Sleyman Tapnana kadar uzand baarl aratrmac Kursad Berkkan tarafndan ortya konuyor. Berkkan'n Gizli rgtler ve Tarikatlar isimli bu eseri size rehberlik edecek. Bu kitap sarsc bilgilerle dolu ve gerein aynas gibidir."" Bred ve Sherry Steiger Komplo ve Gizli rgtler Uzman",366,BF1418.T9 B47 2006,,,,,ebsco; goodreads
9786055672393,Occultism / satanism,review,Occultism / satanism: tarot/astroloji/fal ('astroloji' in title),astroloji,6055672391,Pratik astroloji,,Aşkın Nur Dinç,,,,,Akis Kitap,isbn_prefix,,,tr,,,,,,,,,,,,,google_books
9786055672829,Occultism / satanism,review,Occultism / satanism: LCC BF1228-1999 (occult sciences) ('bf1623.p5 g86 2010' in lcc),bf1623.p5 g86 2010,6055672820,Beş harfin sırrı,,"Güngör, Hamza; editör : İbrahim Özbay",,"BODY, MIND & SPIRIT / Numerology",Science,Nümeroloji; Numerology,Ares Kitap,record,2010,,tr,,,,"Hiperlink, İstanbul, 2010",,,513.709,BF1623.P5 G86 2010,,,,,ebsco
9786055819545,Occultism / satanism,review,Occultism / satanism: satanism ('satanism' in subjects/genres),satanism,6055819546,Rappaccini'nin Kizi,,Nathaniel Hawthorne,,,,Satanism; Fiction; short story; Puritans; catechism; Devil; short stories; sextons; clergy; Social life and customs; Manners and customs; Supernatural; Paranormal fiction; Fathers and daughters,Helikopter,record,2016,,tr,56,paperback,,"Oct 29, 2016",,"[Rappaccini's Daughter](https://openlibrary.org/works/OL455378W) La Tache de naissance. .... .... . L'Artiste du Beau [Dr. Heidegger's Experiment](https://openlibrary.org/works/OL455515W) Wakefield. [Minister's Black Veil](https://openlibrary.org/works/OL455342W) [Young Goodman Brown](https://openlibrary.org/works/OL455569W) Mon parent, le Major Molineux L'Enterrement de Roger Malvin. . L'lnvocation d'Alice",,,,https://openlibrary.org/works/OL24210627W,,,openlibrary; isbndb; openlibrary
9786055872014,Occultism / satanism,review,Occultism / satanism: tarot/astroloji/fal ('burclar ve' in title),burclar ve,6055872013,Burclar ve Yildizlar,,Nur Mehmet Sait Ermis,,,,,Marti Yayinlari,record,2018,,,,paperback,,,,,,,,https://openlibrary.org/works/OL26409636W,,,openlibrary
9786055882198,Occultism / satanism,review,Occultism / satanism: LoC: occult subject ('cabala' in subjects),cabala,6055882191,Tevrat'taki Ütopya,,Kaan Polatlar,,,,"Cabala; Criticism, interpetation; Bible",Crea Yayincilik,record,2009,,tur,219,paperback,,,,,,,827875290,https://openlibrary.org/works/OL26260123W,,,openlibrary
9786055890216,Occultism / satanism,review,Occultism / satanism: tarot/astroloji/fal ('astroloji' in title) | Occultism / satanism: LoC: occult subject ('cabala' in subjects) | Occultism / satanism: LoC: occult subject ('astrology' in subjects),astrology; astroloji; cabala,6055890216,Kozmik gezgin,astroloji ve Kabala ile hayatınızı düzenleyin,Gahl Sasson,,,,Cabala; Astrology,Butik Yayıncılık,record,2011,İstanbul,tur,384,,,,,,,,1089929799,https://openlibrary.org/works/OL45083554W,,,openlibrary
9786055927769,Occultism / satanism,review,Occultism / satanism: tarot/astroloji/fal ('astroloji' in title),astroloji,6055927764,Krelerin Mzii: Hz. insan ve astroloji,,Kubilay Akta,,,,,Selis,record,2018,,tr,,,,"8. edition, PS, 2018",,"Kurelerin Muzigi Hz. Insan ve Astroloji adini verdigimiz bu sira disi calisma; yuksek bir cazibeyle her an gozumuzu alan, bizi kendine cektikce ceken yildizlara yapilan bir seyirdir. Bu eser, zihnimizde olusturdugumuz onyargilarin etkisiyle hep kendi disimizda yukarilarda bir yerlerde bizden uzakta ve otede zannettigimiz yildizlara, gezegenlere, gogun o sirli suslerine ic dunyamizdan yaptigimiz bir kazi calismasi olarak gorulmelidir. Bu kitapta gezegenlerden, yildizlardan ve burclardan bahsederken; aslinda Allah'in fiillerini, sifatlarini ve 'Insn-i Kmil'in kudretini anlatmis olacagiz. Bu kitabi okurken su gercegi Astroloji, tespit ve teshis yapar; tedavi etmez. Tedavi ve telkin; ancak marifetullah ve marifetullaha goturen ibadetle, yani ilim ve dua ile yapilabilir. Kubilay Aktas'in sezgisel kaleminden dokulen ve astroloji ilmini tasavvufi bir paradigmadan anlatan bu siradisi calisma; asli rotamiza yaptigimiz dogal seyrimizde yanimiza alsak hic de fena olmayacak somut bir kilavuz aslinda! (Tanitim Bulteninden)",,,,,,,goodreads
9786055943608,Occultism / satanism,review,Occultism / satanism: tarot/astroloji/fal ('burclar ve' in title),burclar ve,6055943603,Burclar ve Olasiliklar,,Susan Miller,,,,,Pegasus,record,2012,,en_US,,paperback,,,,,,,,https://openlibrary.org/works/OL26260246W,,,openlibrary; isbndb
9786055992835,Occultism / satanism,review,Occultism / satanism: tarot/astroloji/fal ('zodyak' in title),zodyak,6055992833,Zodyak İmparatorluğu Karanlık Taş,,Övünç Yaman,,,,,Porte Müzik Egitim Merkezi,record,2018,,,224,paperback,,,,,,,,https://openlibrary.org/works/OL26238493W,,,openlibrary
9786056309434,Occultism / satanism,review,Occultism / satanism: satanism ('satanism' in subjects/genres),satanism,6056309436,Rappaccini'nin Kizi,,Nathaniel Hawthorne,,,,Satanism; Fiction; short story; Puritans; catechism; Devil; short stories; sextons; clergy; Social life and customs; Manners and customs; Supernatural; Paranormal fiction; Fathers and daughters,Alakarga Yayınları,record,2012,,,,paperback,,,,"[Rappaccini's Daughter](https://openlibrary.org/works/OL455378W) La Tache de naissance. .... .... . L'Artiste du Beau [Dr. Heidegger's Experiment](https://openlibrary.org/works/OL455515W) Wakefield. [Minister's Black Veil](https://openlibrary.org/works/OL455342W) [Young Goodman Brown](https://openlibrary.org/works/OL455569W) Mon parent, le Major Molineux L'Enterrement de Roger Malvin. . L'lnvocation d'Alice",,,,https://openlibrary.org/works/OL24210627W,,,openlibrary
9786056335426,Occultism / satanism,review,Occultism / satanism: LoC: occult subject ('spiritualism' in subjects),spiritualism,6056335429,Melekleri Nasil Duyarsiniz,Ilahi Rehberlik Kitabinin Yazarindan,Doreen Virtue; Banu Ozdemir Toros; Aylin Muhaddisoglu; Marius Michael George,Aylin Muhaddisoglu; Banu Ozdemir Toros,,,Spiritualism; Angels; New age movement; Miscellanea; Spiritisme; Anges; Miscellanées,Guzeldunya Kitaplari,record,2013,,tur,150,paperback,,3rd,,,,,,https://openlibrary.org/works/OL15035816W,,,openlibrary; isbndb
9786056335440,Occultism / satanism,review,Occultism / satanism: tarot/astroloji/fal ('astrolojisi' in title) | Occultism / satanism: LoC: occult subject ('astrology' in subjects),astrology; astrolojisi,6056335445,Melek Astrolojisi 101,Dogum Haritanizla Baglantili Melekleri Kesfedin,Doreen Virtue; Yasmin Boland; Oytun Buyrukcu,Oytun Buyrukcu,,,Zodiac; Angels; Astrology; Miscellanea; Zodiaque; Anges; Miscellanées; Astrologie,Guzeldunya Kitaplari,record,2014,,tur,206,paperback,,,,"xxxvii, 242 pages : 19 cm",,,,https://openlibrary.org/works/OL17536647W,,,openlibrary
9786056357800,Occultism / satanism,review,Occultism / satanism: tarot/astroloji/fal ('astrolojide' in title),astrolojide,6056357805,Astrolojide Gosterge Tespiti,,,,,,,Astroloji Okulu Yayinlari,record,,,tr,,Paperback,,,,,,,,,,,isbndb
9786056357879,Occultism / satanism,review,Occultism / satanism: tarot/astroloji/fal ('astroloji' in title),astroloji,6056357872,"Karma, Kader, Özgür İrade ve Astroloji",,,,,,,Astroloji Okulu Yayinlari,isbn_prefix,,,tr,,,,,,,,,,https://openlibrary.org/works/OL37260023W,,,openlibrary; openlibrary
9786056357893,Occultism / satanism,review,Occultism / satanism: tarot/astroloji/fal ('astroloji' in title),astroloji,6056357899,Vedik Astroloji,,ebnem Ekib,,,,,Astroloji Okulu Yaynlar,record,2015,,tr,,,,"PT, 2015",,"Vedk astroloji uzman ebnem ekib'den trkiye'de bir ilki binlerce yllk hint bilgeliinden ykselen vedik astroloji trkiye'de ilk kez astroloji okuruyla buluuyor! Astroloji, binlerce yl nce insanlarn bu evrende yalnz olmadklarn anlamalaryla balayan bir keif yolculuudur. Astroloji kendi kaderimizi renme, potansiyellerimizi fark etme ve tamamen bize has olan bireysel yolculuumuzun kaptan olma bilincinin bir parasdr. Kkeni binlerce yl ncesine dayanan ve Hint bilgeliinin ok nemli bir paras olan Vedik Astroloji, be bin yllk bir bilgi birikiminin yaratt esiz bir kozmik ve ruhsal rehberdir. Karma felsefesine ve insann evren ile uyumlu bir ekilde hayatn srdrmesi anlayna dayanan ve son zamanlarda ok daha fazla ilgi grmeye balayan Vedik Astroloji, sizi hayat ve evreni farkl grmeye yneltirken, kaderinizi ve karmanz anlamanza da yardmc olacak. Anonim bir sz vardr: Dinleyen insan ne syleyeceini bilir, okuyan insan ise nasl dneceini... Sanskrite ad Jyotish olan ve ""k"" anlamna gelen Vedik Astroloji, kendi potansiyellerinizi kefederken, hayat yolculuunuzda deitirmeniz ve gelitirmeniz gereken her eyi idrak etmenizi de salayacak. Unutmayn: Siz deimediiniz srece hayat da deimez!",,,,,,,goodreads
9786056503313,Occultism / satanism,review,Occultism / satanism: tarot/astroloji/fal ('astrolojisi' in title),astrolojisi,6056503313,Melek Astrolojisi 101,,Doreen Virtue Ve Yasmin Boland,,,,,Guzeldunya Kitaplari / Distributed By Bookcity.co,record,2014,,tr,176,,,,,"Doğum Haritanızla çalışan Baş Meleklerle, Doreen Virtue’nin “melek Astrolojisi 101” Kitabı Ile Tanışın! Doreen’in Amerikalı Tanınmış Astrolog Ve Melek Terapisti Yasmin Boland Ile Birlikte Kaleme Aldığı Bu Kitap, Melek Enerjileriyle Astrolojiyi Bir Arada Kullanan Dünya’da Bir Ilk. Elbette Baş Melekler, Burçlarına Bakmaksızın Herkesin Yardımına Koşarlar. Ancak Ilişkili Oldukları Burçlara özel çalışmaları Vardır. Üstelik Bu çalışmalar, Sadece Güneş Burçlarıyla Sınırlı Değildir. Doğum Haritanızdaki Gezegenlerin (ay, Merkür, Venüs, Mars Ve Yükselen Burcunuz) De Hangi Burçlarda Olduğuna Göre, Birden Fazla Baş Meleğin Size Desteği Söz Konusudur. Merak Ediyor Musunuz? Doğum Haritanıza Göre Hangi Gezegenlerin Etkisi Altındasınız? Bu Gezegenlerle Ilişkili, Hangi Baş Melekler Sizinle özel çalışıyorlar? Tıpkı Koruyucu Melekleriniz Gibi, Sizinle Birlikte Olan Bu Baş Melekler Kimler? Haritanıza Göre Güçlü Olduğunuz Noktalar Neler? Gölgedeki Taraflarınız Neler? Baş Meleklerinizin Gölgedeki Yanlarınızı Iyileştirmeniz Için Size özel Destekleri Neler? Bu Bilgilerle, Sadece Kendinizi Değil, Sevdiklerinizi De Daha Iyi Anlayabilmek Hayatınızı Nasıl Değiştirirdi? Doreen Ve Yasmin, Kişiliğinizi, Ilişkilerinizi, Ruh Hallerinizi, Enerji Döngülerinizi Ve Hatta Yaşamınızın Amacını Anlayabilmeniz Için Ortaya çıkardıkları Bu çalışmada, Bir De Sürpriz Hazırlamışlar. Kitapla çalışabilmek Için Ihtiyaç Duyacağınız Doğum Haritanızı, Web Sitelerinde ücretsiz Olarak Size Sunuyorlar. Astroloji Ve Meleklerle Birl",,,,,,,isbndb
9786056552106,Occultism / satanism,review,Occultism / satanism: tarot/astroloji/fal ('astrolojisi' in title),astrolojisi,6056552101,Soru Astrolojisi,,,,,,,Astroloji Okulu Yayınları,record,,,en_US,,Paperback,,,,,,,,,,,isbndb
9786056552113,Occultism / satanism,review,Occultism / satanism: tarot/astroloji/fal ('astrolojide' in title),astrolojide,605655211X,Astrolojide Ay Düğümleri,,,,,,,Astroloji Okulu Yayınları,isbn_prefix,,,,,,,,,,,,,https://openlibrary.org/works/OL37260099W,,,openlibrary
9786056585654,Occultism / satanism,review,Occultism / satanism: LCC BF1228-1999 (occult sciences) ('bf1623.p9 a99 2016' in lcc),bf1623.p9 a99 2016,6056585654,Sayıların gizemi,Anadolu nümerolojisi rehberi,Rafet Gökhan Ayyüce,,,"Philosophy, psychology & religion",Numerology,Mitra Yayıncılık,record,2016,"Fatih, İstanbul",tur,263,,,1. basım.,,,,BF1623.P9 A99 2016,986444497,https://openlibrary.org/works/OL32703138W,,,openlibrary
9786056831409,Occultism / satanism,review,Occultism / satanism: okultizm ('witchcraft' in subjects/genres),witchcraft,605683140X,Lewis Bernavelt - Eski Evdeki Büyülü Saat,,John Bellairs,,,,"Magic; Fiction; Children's stories; Juvenile fiction; Magicians; Juvenile works; Juvenile audience; clocks; Halloween; tombs; end time; Witches; Clocks and watches, fiction; Supernatural, fiction; Mystery and detective stories; Barnavelt, lewis (fictitious character), fiction; Pottinger, rose rita (fictitious character), fiction; Children's fiction; Magic, fiction; Time travel, fiction; Michigan, fiction; Clocks and watches; Witchcraft",Octopus Yayinevi,record,2018,,,205,paperback,,,,"When Lewis Barnavelt, an orphan, comes to stay with his uncle Jonathan, he expects to meet an ordinary person. But he is wrong. Uncle Jonathan and his next-door neighbor, Mrs. Zimmermann, are both magicians! Lewis is thrilled. At first, watching magic is enough. Then Lewis experiments with magic himself and unknowingly resurrects the former owner of the house: a woman named Selenna Izard. It seems that Selenna and her husband built a timepiece into the walls—a clock that could obliterate humankind. And only the Barnavelts can stop it! ---------- Also contained in: [Best of John Bellairs](https://openlibrary.org/works/OL3338229W)",,,,https://openlibrary.org/works/OL3338193W,,,openlibrary
9786056885112,Occultism / satanism,review,Occultism / satanism: tarot/astroloji/fal ('astroloji' in title),astroloji,6056885119,Astroloji Haritası Horoskop,,Asude Argun,,,,,MD Basım,record,2019,,,376,paperback,,,,,,,,https://openlibrary.org/works/OL26260939W,,,openlibrary
9786056885136,Occultism / satanism,review,Occultism / satanism: tarot/astroloji/fal ('astroloji' in title),astroloji,6056885135,Gök Günlüğü - Astroloji Ajandası 2020,,Asude Argun,,,,,MD Basım,record,2019,,,448,paperback,,,,,,,,https://openlibrary.org/works/OL26239749W,,,openlibrary
9786056971235,Occultism / satanism,review,Occultism / satanism: LCC BF1228-1999 (occult sciences) ('bf1815.m87 g86 2020' in lcc),bf1815.m87 g86 2020,6056971236,Horasan'ın maskeli peygamberi Hişam B. Hakîl el- Mukanna,,İbrahim Babür Gündoğdu,,,"Philosophy, psychology & religion",Prophets; Biography; Islamic heresies; Apostasy; Prophètes; Biographies; Hérésies islamiques; Apostasie,Kitaparası Yayınları,record,2020,İstanbul,tur,127,,,,,,,BF1815.M87 G86 2020,1235518867,https://openlibrary.org/works/OL32287086W,,,openlibrary
9786057006110,Occultism / satanism,review,Occultism / satanism: tarot/astroloji/fal ('astrolojisi' in title),astrolojisi,6057006119,2021 Astrolojisi,Karanliktan Isiga Geçis,Gahl E. Sasson,,,,,Butik Yayinlari,record,2020,,,448,paperback,,,,,,,,https://openlibrary.org/works/OL26261229W,,,openlibrary
9786057006165,Occultism / satanism,review,Occultism / satanism: tarot/astroloji/fal ('tarot' in title),tarot,605700616X,Meleklerin Bilgeligi Tarot Kartlari,Rehber Kitabi,Radleigh Valentine,,,,,Butik Yayinlari,record,2021,,,240,paperback,,,,,,,,https://openlibrary.org/works/OL26240390W,,,openlibrary
9786057006202,Occultism / satanism,review,Occultism / satanism: tarot/astroloji/fal ('tarot' in title),tarot,6057006208,Rumi Tarot,,,,,,,Ekorp Kitap,record,,,tr,,Paperback,,,,,,,,,,,isbndb; isbndb
9786057156167,Occultism / satanism,review,Occultism / satanism: tarot/astroloji/fal ('astroloji' in title),astroloji,6057156161,2024 Astroloji Rehberi,,Emine Gücek,,,,,Vagon Kitap,isbn_prefix,,,tr,,,,,,,,,,,,,google_books
9786057175403,Occultism / satanism,review,Occultism / satanism: tarot/astroloji/fal ('astroloji' in title),astroloji,6057175409,Astroloji Eitimi 3,,Devrim Dlen Grbak,,,,,Zodyak Astroloji Yaynclk,record,2022,,tr,,,,"PT, 2022",,"Bu kitap serisi, kurucusu olduum Astroloji Akademisinde (ve nceki yllarda stanbul Aydn niversitesi bnyesinde) verdiim dersleri iermektedir. Serinin ncs olan bu kitab, Astroloji Eitimi 1 ve Astroloji Eitimi 2 kitaplarn okumu astroloji rencilerine hitaben hazrladm. Bu seride sadece kadim kaynaklarn bir sentezine deil, deneyimsel astrolojinin szlm bilgisiyle birlikte bilimsel kaynaklara da yer verdim. Bu 3. kitapta; evler, ev sistemlerinin matematii ve tarihesi, asaletler retisi ve alar yer almaktadr. Konular, renkli resim ve rneklerle birlikte geni lekte anlatlmaktadr.",,,,,,,goodreads
9786057658258,Occultism / satanism,review,Occultism / satanism: okultizm ('occultism' in subjects/genres),occultism,6057658256,Nostradamus ile Konusmalar 1,,Dolores Cannon,,,,Parapsychology; Metaphysics; Hypnosis; Channeling (Spiritualism); Prophecies (Occultism); Antichrist,Daghan Külegeç Yayinlari,record,2020,,,512,paperback,,,,"The only accurate translation of the Nostradamus Quatrains ever printed. In a million-to-one chance using regressive hypnosis, Nostradamus has broken through to our time period to reveal the events he foresaw rushing toward our planet's future. Nostradamus himself explains the puzzles and anagrams he carefully concealed in code form within his famous quatrains and prophecies. By speaking from his time to our time, Nostradamus warns us so we can use our free will to help change the possible futures he had foreseen. This revised edition contains updates of events that have already occurred since the original printing in 1989. The addendum shows how prophecies have been fulfilled since the writing of the three volume set.",,,,https://openlibrary.org/works/OL544203W,,,openlibrary
9786057737113,Occultism / satanism,review,Occultism / satanism: tarot/astroloji/fal ('tarot' in title),tarot,6057737113,Atlantis İnisiyasyonu Tarot,,Cihangir Gener,,,,,Hermes Yayınları,record,2020,,tr,416,Paperback,,1,,,,,,,,,isbndb
9786057737205,Occultism / satanism,review,Occultism / satanism: okultizm ('occultism' in subjects/genres) | Occultism / satanism: LoC: occult subject ('occultism' in subjects),occultism,6057737202,Inisiye Egitimi ve Calismasi,,Violet M. Firth (Dion Fortune),,,,Fraternity of the Inner Light; Occultism; Tantrism,Hermes Yayinlari,record,2020,,tr,128,paperback,,"Oct 30, 2020",,,,,,https://openlibrary.org/works/OL114612W,,,openlibrary; openlibrary
9786057737458,Occultism / satanism,review,Occultism / satanism: okultizm ('occultism' in subjects/genres) | Occultism / satanism: LoC: occult subject ('occultism' in subjects),occultism,6057737458,Ölüm Kapisindan Geçis,,Violet M. Firth (Dion Fortune),,,,Death; Miscellanea; Occultism; Future life; Muerte; Vida futura; Ocultismo,Hermes Yayinlari,record,2020,,,96,paperback,,,,,,,,https://openlibrary.org/works/OL114606W,,,openlibrary
9786057737694,Occultism / satanism,review,Occultism / satanism: tarot/astroloji/fal ('kabala' in title),kabala,6057737695,Maji ve Kabala,,W. E. Butler,,,,,Hermes Yayinlari,record,2021,,tr,144,paperback,,"Oct 30, 2021",,,,,,https://openlibrary.org/works/OL26242367W,,,openlibrary; openlibrary
9786057737762,Occultism / satanism,review,Occultism / satanism: okultizm ('okultizm' in title),okultizm,6057737768,Günlük Yasamda Pratik Okültizm,,Dion Fortune,,,,,Hermes Yayinlari,record,2022,,tr,,Paperback,,,,,,,,,,,isbndb
9786057737991,Occultism / satanism,review,Occultism / satanism: okultizm ('okultizm' in title),okultizm,6057737997,Zihin Gücü ve Okültizm,,Richard Ingalese,,,,,Hermes Yayinlari,isbn_prefix,,,tr,,,,,,,,,,,,,google_books
9786057768438,Occultism / satanism,review,Occultism / satanism: tarot/astroloji/fal ('astroloji' in title),astroloji,6057768434,Sölen - Satilik Filozoflar - Astroloji,,Loukianos,,,,,Pinhan Yayincilik,record,2021,,,112,paperback,,,,,,,,https://openlibrary.org/works/OL26262397W,,,openlibrary
9786057768896,Occultism / satanism,review,Occultism / satanism: okultizm ('cadilik' in title),cadilik,6057768892,Gece Savaslari;16 ve 17 Yüzyillarda Cadilik ve Tarim Kültleri,,Carlo Ginzburg,,,,,Pinhan Yayincilik,record,2022,,tr,264,Paperback,,,,,,,,,,,isbndb
9786057948434,Occultism / satanism,review,Occultism / satanism: tarot/astroloji/fal ('astrolojinin' in title),astrolojinin,6057948432,"Mevlana Celaleddin-i Rumi - Gizli Ilimlerin, Gelecegi Okumanin, Simyanin ve Astrolojinin Bilges",,Ömer Faruk Ispir,,,,,Lopus Yayinlari,record,2021,,tr,240,paperback,,2022,,,,,,https://openlibrary.org/works/OL26262956W,,,openlibrary; isbndb; isbndb
9786059135863,Occultism / satanism,review,Occultism / satanism: tarot/astroloji/fal ('medyum' in title),medyum,6059135862,Kisayol KPSS Medyum Genel Yetenek Genel Kultur Cografya Tamami Cozumlu Soru Bankasi 2016,,Kolektif,,,,,K?sayol Yay?nc?l?k,record,2016,,,,paperback,,,,,,,,https://openlibrary.org/works/OL26264435W,,,openlibrary
9786059328623,Occultism / satanism,review,Occultism / satanism: okultizm ('okultizm' in title),okultizm,6059328628,"Okültizm, Büyücülük ve Kültürel Modalar",,Cem Soydemir Mircea Eliade,,,,,Dogu Bati Yayinlari,record,2017,,tr,172,paperback,,,,,,,,https://openlibrary.org/works/OL26247851W,,,openlibrary; isbndb
9786059331814,Occultism / satanism,review,Occultism / satanism: tarot/astroloji/fal ('burc yorumlari' in title),burc yorumlari,6059331815,2018 Burç Yorumları - Dünya Değişiyor,,Zeynep Turan,,,,,Siyah Kuğu Yayınları; Siyah Kuu Yaynlar,record,2017,,,448,paperback,,,,,,,,https://openlibrary.org/works/OL26325643W,,,openlibrary
9786059397353,Occultism / satanism,review,Occultism / satanism: tarot/astroloji/fal ('astrolojisi' in title),astrolojisi,6059397352,2018 Astrolojisi - Kopegin Ve Ustanin Yili,,Gahl Eden Sasson,,,,,Butik,record,2017,,tr,,Paperback,,,,,,,,,,,isbndb
9786059408271,Occultism / satanism,review,Occultism / satanism: okultizm ('occultism' in subjects/genres) | Occultism / satanism: LoC: occult subject ('divination' in subjects) | Occultism / satanism: LCC BF1228-1999 (occult sciences) ('bf1771 .s46 2017' in lcc),bf1771 .s46 2017; divination; occultism,6059408273,Osmanlı'nın gizemli ilimleri,,Özer Şenödeyici,,,"Philosophy, psychology & religion",Islamic occultism; Mysticism; Divination,Kesit Yayınları,record,2017,"Cağaloğlu, İstanbul",tur,208,Paperback,,Birinci baskı.,,,,BF1771 .S46 2017,985008819,https://openlibrary.org/works/OL32767611W,,,openlibrary; isbndb; worldcat
9786059423229,Occultism / satanism,review,Occultism / satanism: okultizm ('okultizmin' in title),okultizmin,6059423221,Büyük Sır veya Okültizmin İfşası,,Eliphas Levi; Faruk Gültekin,,,,,Mavi Kalem Yayınevi,record,2018,,,,paperback,,,,,,,,https://openlibrary.org/works/OL26265305W,,,openlibrary
9786059423311,Occultism / satanism,review,Occultism / satanism: tarot/astroloji/fal ('kabala' in title),kabala,6059423310,Kabala'nin Gizemleri,Iki Ahit'in Gizli Anlasmasi,Eliphas Levi,,,,,Mavi Kalem Yayinevi,record,2020,,,180,paperback,,,,,,,,https://openlibrary.org/works/OL26265306W,,,openlibrary
9786059423366,Occultism / satanism,review,Occultism / satanism: okultizm ('occultism' in description),occultism,6059423361,Okltizm ve By,,Sergey Vladimirovich Tuholka; Renan Sekin; Serdar Durna; endoan Yazc; Asm Eray Taylan,,,,,Mavi Kalem Yaynevi,record,2020,,tr,,,,"PS, 2020",,"Okltizm ve By Occultism and Magic - Processes of sorcery. Okkultizm i magiya - Protsessy o koldovstve XVXVII Sergey Vladimirovich Tuholka (1874-1954) (1874-1954) Okltizmin ura, evrenin, yaam ve lmn srlarna nfuz etmek ve psiik veya doast olarak tabir edilen dnyann gizli ynne ulaabilmektir. Okltizm, bir yandan efsanelere, dier yandan tarihsel ve ada bilgilere, deneyim ve bilimsel verilere yaslanmaktadr. Bir dnem stanbulda da yaam olan diplomat, konsolos, aratrmac ve yazar Sergey Tuholkann ilk defa 1907 ylnda yaynlanan Okltizm ve By isimli eseri, gerek kendi dneminde gerekse de gnmzde youn ilgi grm ve birok bask ile dllendirilmitir. Bu derli toplu oklt ansiklopedide Hristiyan batl inanlarna ve bycle yneltilen ho ve dozunda bir eletiriyle de karlayoruz. Astral alem, majik zincir, larvalar, inkubus, likantropi, vampirizm, psikometri, byleme, spiritizma, agregorlar ve daha birok merak edilen doast olayn aklamasn bu eserde bulacaksnz.",,,,,,,goodreads
9786059545068,Occultism / satanism,review,Occultism / satanism: tarot/astroloji/fal ('medyum' in title),medyum,6059545068,Medikal Medyum,,Anthony William,,,,,Nemesis Kitap,record,2016,,tr,464,paperback,,Facsimile,,,,,,https://openlibrary.org/works/OL26265637W,,,openlibrary; isbndb
9786059585736,Occultism / satanism,review,Occultism / satanism: okultizm ('occultism' in subjects/genres),occultism,6059585736,Gölgebükücü,,Daniel José Older,,,,"Magic; Juvenile fiction; Hispanic Americans; Puerto Rican families; Paranormal fiction; Fiction; Occultism; Puerto Ricans; nyt:young-adult-e-book=2016-05-22; New York Times bestseller; New York Times reviewed; Children's fiction; Magic, fiction; Hispanic americans, fiction; Supernatural, fiction; New york (n.y.), fiction",Yabanci,record,2017,,tr,,paperback,,2017t,,"When the murals painted on the walls of her Brooklyn neighborhood start to change and fade in front of her, Sierra Santiago realizes that something strange is going on--then she discovers her Puerto Rican family are shadowshapers and finds herself in a battle with an evil anthropologist for the lives of her family and friends.",,,,https://openlibrary.org/works/OL19336967W,,,openlibrary; isbndb; isbndb
9786059709040,Occultism / satanism,review,Occultism / satanism: tarot/astroloji/fal ('astroloji' in title),astroloji,6059709044,Astroloji Rehberiniz 2016,,Guclu Metin,,,,,Mona,record,2015,,,350,paperback,,,,,,,,https://openlibrary.org/works/OL26250080W,,,openlibrary
9786059709156,Occultism / satanism,review,Occultism / satanism: tarot/astroloji/fal ('tarot' in title),tarot,605970915X,Tarot Nasil Bakilir?,,Sylvia Abraham,,,,,Mona,record,2016,,tr,250,paperback,,,,,,,,https://openlibrary.org/works/OL26250088W,,,openlibrary; isbndb
9786059709422,Occultism / satanism,review,Occultism / satanism: tarot/astroloji/fal ('astroloji' in title),astroloji,6059709427,Uranyen Astroloji,,Kolektif,,,,,Mona,record,2016,,tr,420,paperback,,2016,,,,,,https://openlibrary.org/works/OL26266120W,,,openlibrary; isbndb; isbndb
9786059709514,Occultism / satanism,review,Occultism / satanism: tarot/astroloji/fal ('astroloji' in title),astroloji,6059709516,2017 Esma-ül Hüsnali Astroloji Rehberiniz,,Güclü Metin,,,,,Mona,record,2016,,,,paperback,,,,,,,,https://openlibrary.org/works/OL24255305W,,,openlibrary
9786059709873,Occultism / satanism,review,Occultism / satanism: tarot/astroloji/fal ('astroloji' in title),astroloji,6059709877,2018 Astroloji Ajandası,,Burcu Inci,,,,,Mona Kitap,record,2017,,tr,272,paperback,,"Oct 30, 2017",,,,,,https://openlibrary.org/works/OL26250124W,,,openlibrary; openlibrary
9786059709897,Occultism / satanism,review,Occultism / satanism: tarot/astroloji/fal ('astroloji' in title),astroloji,6059709893,2018 Astroloji Rehberiniz,,Güclü Metin,,,,,Mona Kitap,record,2018,,,312,paperback,,,,,,,,https://openlibrary.org/works/OL26250125W,,,openlibrary
9786059709989,Occultism / satanism,review,Occultism / satanism: tarot/astroloji/fal ('tarot' in title),tarot,6059709982,Tarot ve Astroloji,Zodyak'ın Bilgeliğiyle Okumalarınızı Geliştirin,Corrine Kenner,,,,,Mona Kitap,record,2018,,en_US,296,paperback,,Facsimile,,,,,,https://openlibrary.org/works/OL26250128W,,,openlibrary; isbndb
9786059724234,Occultism / satanism,review,Occultism / satanism: tarot/astroloji/fal ('astroloji' in title),astroloji,605972423X,2016'da Astroloji ve Burclar,,Filiz Özkol,,,,,Postiga,record,2010,,,328,paperback,,,,,,,,https://openlibrary.org/works/OL24255298W,,,openlibrary
9786059799089,Occultism / satanism,review,Occultism / satanism: tarot/astroloji/fal ('astrolojinin' in title),astrolojinin,6059799086,Astrolojinin Bilimle Imtihani,,Tevfik Uyar,,,,,Kirmizi Kedi,record,2015,,tr,236,paperback,,,,,,,,https://openlibrary.org/works/OL26266370W,,,openlibrary; isbndb
9786059809313,Occultism / satanism,review,Occultism / satanism: tarot/astroloji/fal ('astrolojiyle' in title),astrolojiyle,6059809316,Astrolojiyle Hayatinizi Degistirin,,Vedat Delek,,,,,Nemesis Kitap,record,2015,,,190,paperback,,,,,,,,https://openlibrary.org/works/OL26250792W,,,openlibrary
9786059913195,Occultism / satanism,review,Occultism / satanism: tarot/astroloji/fal ('astroloji' in title),astroloji,6059913199,Astroloji ve Burclar 2015,,Nuray Sayari,,,,,Destek Yayinlari,record,2014,,,,paperback,,,,,,,,https://openlibrary.org/works/OL26266865W,,,openlibrary
9786155565946,Occultism / satanism,review,Occultism / satanism: okultizm ('occult' in subjects/genres),occult,6155565945,Küçük Prens : 'Orijinal Çizimleriyle',,Antoine De Saint-Exupery,,FICTION / Occult & Supernatural,,,eKitap Projesi,record,2015,,tr,,,,"Libreka GmbH, [N.p.], 2015",,"'İnsan ancak evcilleştirirse anlar,'dedi tilki.'İnsanların artık anlamaya zamanları yok. Dükkânlardan her istediklerini satın alıyorlar. Ama dostluk satılan bir dükkân olmadığı için dostları yok artık. Eğer dost istiyorsan beni evcilleştir.''Seni evcilleştirmek için ne yapmalıyım?'diye sordu küçük prens.'Çok sabırlı olmalısın,'dedi tilki.'Önce karşıma, şöyle uzağa çimenlerin üstüne oturacaksın.Gözümün ucuyla sana bakacağım, ama bir şey söylemeyeceksin. Sözler yanlış anlamaların kaynağıdır. Her gün biraz daha yakınıma oturacaksın...'Ertesi gün küçük prens yine geldi.'Aynı saatte gelmen daha iyi olur,'dedi tilki.'Örneğin sen öğleden sonra dörtte geleceksen, ben saat üçte mutlu olmaya başlarım. Mutluluğum her dakika artar. Saat dörtte artık sevinçten ve meraktan deli gibi olurum. Ne kadar mutlu olduğumu görmüş olursun. Ama herhangi bir zamanda gelirsen yüreğim saat kaçta senin için çarpacağını bilemez. İnsanın belli alışkanlıkları olmalı...'Tilkinin yanına döndü sonra.'Hoşça kal,'dedi.'Hoşça kal,'dedi tilki.'İşte sana bir sır, çok basit bir şey: İnsan yalnız yüreğiyle doğruyu görebilir. Asıl görülmesi gerekeni gözler göremez.''Asıl görülmesi gerekeni gözler göremez,'diye yineledi küçük prens; unutmamalıydı bunu.'Gülünü senin için önemli kılan, onun için harcamış olduğun zamandır.''Onun için harcamış olduğum zaman...'diye yineledi küçük prens. Unutmamalıydı bunu.'İnsanlar unuttular bunu,'dedi tilki.'Ama sen unutmamalısın. Evcilleştirdiğimiz şeyden sorumlu oluruz. Sen gülünden sor",,,,,,,ebsco; libby
9786254414060,Occultism / satanism,review,Occultism / satanism: okultizm ('okult' in title),okult,6254414066,"Ezoterik Edebiyat;Edebiyat Eserlerine Gizlenmis Okült, Ezoterik ve Masonik Sirlar",,Koray Saridogan,,,,,Destek Yayinlari,record,2021,,,168,paperback,,,,,,,,https://openlibrary.org/works/OL26253142W,,,openlibrary
9786254414084,Occultism / satanism,review,Occultism / satanism: tarot/astroloji/fal ('tarot' in title),tarot,6254414082,Ezoterik Tarot;Falin ve Kehanetin Ötesine Bir Yolculuk,,Tugba Ersen,,,,,Destek Yayinlari,record,2021,,tr,280,paperback,,2022,,,,,,https://openlibrary.org/works/OL26267603W,,,openlibrary; isbndb; isbndb
9786254414152,Occultism / satanism,review,Occultism / satanism: tarot/astroloji/fal ('astroloji' in title),astroloji,6254414155,Ezoterik Astroloji,,Oguzhan Ceyhan,,,,,Destek Yayinlari,record,2022,,tr,184,Paperback,,,,,,,,https://openlibrary.org/works/OL38457665W,,,openlibrary; isbndb
9786254415128,Occultism / satanism,review,Occultism / satanism: tarot/astroloji/fal ('astroloji' in title),astroloji,6254415127,Ezoterik Astroloji,,Oğuzhan Ceyhan,,,,,Destek Publishing And Media Group,record,,,tr,,,,,,"Astrolojİ, İnsanliĞin Kadİm Bİlgİsİnİn Bİr ParÇasidir. Astrolojiye Karşı Duyulan Merak Gün Geçtikçe Daha Da Artıyor. Astroloji Artık Internet Sütunlarının Ya Da Görsel Medyanın Bir Eğlence Unsuru Olmaktan çıkarak Büyük Kitleler Tarafından Ciddi Bir “bilim” Dalı Olarak Ele Alınıp Inceleniyor. Yakın Zamana Kadar “fal” Küçümsemesiyle ötelenen Astroloji Artık Seçkin Bir Disiplin Olarak Kabul Ediliyor. Kökenine Olan Ilgi De Giderek Büyüyor. Astrolojinin Kökenine Baktığımızda Bütün Gözlem Ve Hesaplamaların Dışında Büyük Bir Ezoterik Bilgi Ile Karşılaşıyoruz. Astroloji Hakkında Az Da Olsa Bilgisi Olanların, Ezoterik Astrolojiye Kolay Bir Giriş Yapmaları Ve Temel Prensipleri öğrenmeleri Amacıyla Yazılan Bu Kitapta Oğuzhan Ceyhan Sizi Bilgi Dolu Bir Geziye çıkartıyor.",,,,,,,isbndb; isbndb
9786254415166,Occultism / satanism,review,Occultism / satanism: tarot/astroloji/fal ('astroloji' in title),astroloji,625441516X,Karmik Astroloji Ve Ezoterizm Işığında 2022,,Oğuzhan Ceyhan,,,,,Destek Publishing And Media Group,record,,,tr,,,,,,"Astroloji, Karakteri Ortaya çıkarır. Karakterini Değiştirebilen Insan, Geleceği De Değiştirmiş Olur. İnsanlığın Nereden Gelip Nereye Gittiğini öğrenmek Adına En Kuvvetli Referanslardan Biridir Astroloji... Doğum Haritanızdaki Eğilimler, Hayatın Hangi Alanlarına Doğru Götürülebileceğinizi Gösterir Size. Bu Eğilimler Toplum Kalıplarına Göre Olumlu Veya Olumsuz Olabilir. İnsan Iradesini Kullanarak Kadere Hükmedebilir. Eğer Hayatınızı Akışa Bırakmaya Karar Verdiyseniz, Doğum Haritanızda Görünen Eğilimler Zamanı Geldikçe Etkilerini Gösterir. Siz De Buna “kader” Dersiniz. Oysa Bir Devrim Yaparak özgür Iradenizi Kullanmayı Tercih Edebilir, Kaderinizi Yazmaya Başlayabilirsiniz. “ne Yapalım, Kaderimiz Buymuş Işte!” Diyemeyeceğimiz Zorlu Bir Süreçten Geçiyor Dünya. Ezoterik Astrolojinin Uyarılarına Kulak Tıkama Lüksüne Sahip Değiliz. Zorluklarla Mücadele Etmenin Tek Yolu, Bilgiyi Nasıl Kullanmak Gerektiğini Bilmektir. 2022 Ile Başa çıkmaya Hazır Mısınız?",,,,,,,isbndb
9786254415395,Occultism / satanism,review,Occultism / satanism: tarot/astroloji/fal ('kabala' in title),kabala,6254415399,Samanin Yasam Cemberi;Kabala ve Samanizm'de Glgeyi Isiga Dnstrmek ve Iyilesmek,,Felis Kohen,,,,,Destek Yayinlari,record,2022,,tr,,,,"PS, 2022",,,,,,,,,goodreads
9786254487514,Occultism / satanism,review,Occultism / satanism: kara buyu ('buyu kitabi' in title),buyu kitabi,6254487519,Harry Potter Büyü Kitabi,,Kolektif,,,,,Marti Yayinlari,record,2022,,tr,,hardcover,,"Mar 18, 2022",,,,,,https://openlibrary.org/works/OL34849621W,,,openlibrary; openlibrary
9786257078108,Occultism / satanism,review,Occultism / satanism: okultizm ('occultism' in subjects/genres),occultism,6257078105,A Bid for Fortune or Dr Nikola's Vendetta,,Guy Boothby,,,,"Occultism; Fiction; Fiction, mystery & detective, traditional; Fiction, mystery & detective, general; Fiction, fantasy, general; Fiction, general; Australian Fantasy fiction; Fiction, occult & supernatural; Paranormal fiction",Platanus Publishing,record,2020,,,255,paperback,,,,"London, the decadent 1890s: a mysterious meeting is called in a private room of the sumptuous Imperial Hotel. The sinister Dr Nikola is presiding, but what masterpiece of crime is he planning? Meanwhile, in Sydney, Australia, a rugged young man rescues a girl from attack by ruffians. These two events are skilfully woven together in one of the classics of late Victorian crime fiction. Before his tragically early death, Boothby lived his life equally in the Northern and Southern hemispheres, and in this novel he creates a narrative that moves breathtakingly from the West and East Ends of London to a thrilling climax in the South Seas via Egypt and Australia.",,,,https://openlibrary.org/works/OL1065758W,,,openlibrary
9786257099332,Occultism / satanism,review,Occultism / satanism: tarot/astroloji/fal ('astroloji' in title),astroloji,6257099331,Sistem Konstelasyonu Eğitim Kitabı,"Temel Bilgiler, Yöntemler ve Uygulama - Alile Dizimi, İş Para Dizimi, Niyet Dizimi, Travma Dizimi, Astroloji Dizimi",Stephanie Hartung; Wolfgang Spitta; Nurcan Uzun,,,,,Müptela Yayınları,record,2021,,,576,paperback,,,,,,,,https://openlibrary.org/works/OL26254126W,,,openlibrary
9786257426145,Occultism / satanism,review,Occultism / satanism: tarot/astroloji/fal ('astroloji' in title),astroloji,6257426146,Astroloji;Kendi Burcunuzu Nasil Yaparsiniz Ve Okursunuz,,Sepharial,,,,,Gece Kitapligi Yayinlari,record,2021,,,,paperback,,,,,,,,https://openlibrary.org/works/OL26255901W,,,openlibrary
9786257426299,Occultism / satanism,review,Occultism / satanism: LoC: occult subject ('astrology' in subjects),astrology,6257426294,The Influence of the Stars,A Book of Old World Lore,Rosa Baughan,,,,Palmistry; Physiognomy; Astrology,Gece Kitapligi,record,2021,,,170,paperback,,,,,,,,https://openlibrary.org/works/OL17700682W,,,openlibrary
9786257426329,Occultism / satanism,review,Occultism / satanism: tarot/astroloji/fal ('tarot' in title),tarot,6257426324,The Illustrated Key To The Tarot The Veil Of Divination,,L. W. De Laurence,,,,,Gece Kitapligi,record,2021,,tr,193,paperback,,,,,,,,https://openlibrary.org/works/OL26255909W,,,openlibrary; isbndb
9786257445313,Occultism / satanism,review,Occultism / satanism: okultizm ('okultizmi' in title),okultizmi,6257445310,Yogi Felsefesi ve Dogu Okültizmi,Üzerine On Dört Ders,Yogi Ramacharaka,,,,,Gece Kitapligi,record,2021,,,203,paperback,,,,,,,,https://openlibrary.org/works/OL26268949W,,,openlibrary
9786257445955,Occultism / satanism,review,Occultism / satanism: tarot/astroloji/fal ('tarot' in title),tarot,6257445957,Tarot'un Resimli Anahtari - Kehanetin Perdesi,,L. W. De Laurence,,,,,Gece Kitapligi,record,2021,,,194,paperback,,,,,,,,https://openlibrary.org/works/OL26256008W,,,openlibrary
9786257462563,Occultism / satanism,review,Occultism / satanism: tarot/astroloji/fal ('tarot' in title),tarot,6257462568,Tarot'un Resimli Anahtari - Kehanetin Perdesi,,L. W. De Laurence,,,,,Gece Kitapligi,record,2021,,,194,paperback,,,,,,,,https://openlibrary.org/works/OL26256008W,,,openlibrary
9786257478755,Occultism / satanism,review,Occultism / satanism: okultizm ('witchcraft' in subjects/genres) | Occultism / satanism: LoC: occult subject ('magic' in subjects),magic; witchcraft,6257478758,"Witch, Warlock and Magician",,W. H. Davenport Adams,,,,"Magic; Witchcraft, great britain; Occultists",Gece Kitapligi,record,2021,,,,paperback,,,,,,,,https://openlibrary.org/works/OL10451028W,,,openlibrary
9786257650519,Occultism / satanism,review,Occultism / satanism: okultizm ('occult' in subjects/genres),occult,6257650518,Kiyamet Gösterisi,,Terry Pratchett,,,,"End of the world; Humorous; Fantasy fiction; Fiction; Prophecies; Occult fiction; Witches; Humorous fiction; Apocalypse; Roman; Sorcières; Antichrist; Angels; Fiction, fantasy, contemporary; Fiction, humorous; fantasy; humor; Fiction, fantasy, general; nyt:trade-fiction-paperback=2019-06-23; New York Times bestseller; New York Times reviewed; Fiction, humorous, general; Fin du monde; Romans, nouvelles; Large type books",Ithaki Yayinlari,record,2021,,tur,448,unbound,,2022,eng,"Armageddon only happens once, you know. They don't let you go around again until you get it right. According to the Nice and Accurate Prophecies of Agnes Nutter, Witch - the world's only totally reliable guide to the future, written in 1655, before she exploded - the world will end on a Saturday. Next Saturday, in fact. Just after tea... People have been predicting the end of the world almost from its very beginning, so it's only natural to be sceptical when a new date is set for Judgement Day. This time though, the armies of Good and Evil really do appear to be massing. The four Bikers of the Apocalypse are hitting the road. But both the angels and demons - well, one fast-living demon and a somewhat fussy angel - would quite like the Rapture not to happen. Oh, and someone seems to have misplaced the Antichrist...",,,,https://openlibrary.org/works/OL453936W,,,openlibrary; isbndb; isbndb
9786257650557,Occultism / satanism,review,Occultism / satanism: okultizm ('occult' in subjects/genres),occult,6257650550,Dokuzuncu Cemiyet,,Leigh Bardugo,Nur Eren,,,"Dark Fantasy; Fiction, thrillers, general; Fiction, occult & supernatural; Fiction, fantasy, paranormal; nyt:combined-print-and-e-book-fiction=2019-10-27; New York Times bestseller; New York Times reviewed; Fiction; Women college students; Secret societies; Magic; Yale University",Ithaki Yayinlari,record,2021,"İstanbul, Turkey",tur,464,Paperback,"Alex Stern, 1",1. baskı,eng,"Locus En İyi Fantastik Roman Ödülü Adayı Goodreads okurlarına göre 2019’un En İyi Fantastik Romanı! Galaxy “Alex” Stern, Yale Üniversitesi birinci sınıf öğrencileri arasından tuhaflığıyla sıyrılan bir genç. Los Angeles’ta büyüyen ve her türlü belaya bulaşabileceği bir hayat yaşayan Alex, vahşi bir cinayet mahallinden sağ çıkan tek kişi. Yirmi yaşında ama birçok açıdan hâlâ boyundan büyük işlere kalkışan biri… Ve bir gece arkadaşlarını, sevgilisini, bildiği her şeyi kaybetti. Hastane yatağında uyandıktan sonra hayatı tamamen değişti. Alex, üniversitedeki cemiyetlerin faaliyetlerini denetleyen bir grubun parçası oldu, peki ama neden? Geçmişiyle ilgili sorulara cevaplar arayan Alex, kendini birden sihirli ve gizemli cemiyetlerin, Kadim Sekizli’nin ortasında buldu. Büyüyle uğraşan, ölüleri dirilten, yaşayanları avlayan zenginlerin ve güçlülerin kalesi olan cemiyetlerde olup bitenleri kim tahayyül edebilirdi ki? “Son yıllarda okuduğum en iyi fantastik eser. Bardugo’nun hayal gücünün sınırları muazzam ve bu kitabı da elden bırakmak imkânsız.” –Stephen King “Dokuzuncu Cemiyet son yıllarda okuduğum en iyi fantazi romanlarından biri. Asla terk etmek istemeyeceğiniz bir dünyaya açılan bir kapı.” –Lev Grossman “Dokuzuncu Cemiyet uzun zamandır okuduğum en iyi kitap.” –Kelly Link “Bu kitap dünyamı altüst etti. Kahramanı Alex Stern’e doyamadım.” –Joe Hill",,,1289178205,https://openlibrary.org/works/OL20197660W,57744557,,openlibrary; isbndb; isbndb
9786257793636,Occultism / satanism,review,Occultism / satanism: okultizm ('occultism' in title),occultism,6257793637,Fourteen Lessons in Yogi Philosophy and Oriental Occultism,,Yogi Ramacharaka,,,,,Gece Kitapligi,record,2021,,,212,paperback,,,,,,,,https://openlibrary.org/works/OL19873608W,,,openlibrary
9786258002041,Occultism / satanism,review,Occultism / satanism: tarot/astroloji/fal ('tarot' in title),tarot,6258002048,Tarot Kitabi ;Tarot Destesi Ilaveli,,John King Van Rensselaer,,,,,Gece Kitapligi Yayinlari,record,2021,,,281,paperback,,,,,,,,https://openlibrary.org/works/OL26258554W,,,openlibrary
9786259771021,Occultism / satanism,review,Occultism / satanism: tarot/astroloji/fal ('medyum' in title),medyum,6259771029,Türkiye’de Medyum Olmak,,Zeynel Eroğlu,,,,,,,2024,,Türkçe,,,,,,,,,,,,https://www.wikidata.org/wiki/Q141479279,wikidata
9789750404177,Occultism / satanism,review,Occultism / satanism: tarot/astroloji/fal ('yildizname' in title),yildizname,9750404173,Yeni Yildizname,,Deniz obuz,,,,,Literatur Yayincilik,record,2015,,,250,paperback,,,,,,,,https://openlibrary.org/works/OL26270197W,,,openlibrary
9789750706509,Occultism / satanism,review,Occultism / satanism: okultizm ('occultism' in subjects/genres) | Occultism / satanism: LoC: occult subject ('occultism' in subjects) | Occultism / satanism: LCC BF1228-1999 (occult sciences) ('bf1999 .c6719 2006' in lcc),bf1999 .c6719 2006; occultism,9750706501,Hac,,Paulo Coelho,,,"Philosophy, psychology & religion",Christian pilgrims and pilgrimages; Occultism; Christian pilgrims and pilgrimages -- Spain -- Santiago de Compostela; Spain -- Santiago de Compostela,Can Yayinlari,record,2006,,tr,223,paperback,,,,,,BF1999 .C6719 2006,,https://openlibrary.org/works/OL26341646W,,,openlibrary; isbndb; internet_archive
9789750802928,Occultism / satanism,review,Occultism / satanism: okultizm ('witchcraft' in subjects/genres) | Occultism / satanism: okultizm ('witchcraft' in description),witchcraft,9750802926,Harry Potter ve sirlar odasi,,J. K. Rowling,Sevin Okyay,,,series:Harry_Potter; Fantasy fiction; school stories; Fiction; Fantasy; Nestlé Smarties Book Prize winner; Juvenile fiction; Wizards; Magic; Schools; Spanish language materials; Magia; Escuelas; Ficción juvenil; Novela fantástica; Hogwarts School of Witchcraft and Wizardry (Imaginary place); Harry Potter (Fictitious character); Wizards -- Juvenile fiction; Witches; Hogwarts School of Witchcraft and Wizardry (Imaginary organization); Magos; Translations from English; Chinese fiction; Orphans; Aunts,YKY,record,2001,"Istanbul, Turkey",tur,403,Paperback,"Harry Potter, #2",Reprint,eng,"Throughout the summer holidays after his first year at Hogwarts School of Witchcraft and Wizardry, Harry Potter has been receiving sinister warnings from a house-elf called Dobby. Now, back at school to start his second year, Harry hears unintelligible whispers echoing through the corridors. Before long the attacks begin: students are found as if turned to stone. Dobby’s predictions seem to be coming true. [Source][1] [1]: https://www.jkrowling.com/book/harry-potter-chamber-secrets/",,,56958161; 1005095569,https://openlibrary.org/works/OL82537W,,,openlibrary; isbndb; worldcat
9789750802942,Occultism / satanism,review,Occultism / satanism: okultizm ('witchcraft' in subjects/genres),witchcraft,9750802942,Harry Potter ve felsefe tasi,,J. K. Rowling,Ülkü Tamer,,,series:Harry_Potter; Ghosts; Monsters; Vampires; Witches; Challenges and Overcoming Obstacles; Magic and Supernatural; Cleverness; School Life; school stories; Wizards; Magic; MAGIA; MAGOS; Juvenile fiction; Fiction; NOVELAS INGLESAS; Schools; orphans; fantasy fiction; England in fiction; Witches in fiction; Wizards in fiction; Alchemy; New York Times bestseller,YKY,record,2001,"Istanbul, Turkey",tur,353,Paperback,,28,eng,"Rescued from the outrageous neglect of his aunt and uncle, a young boy with a great destiny proves his worth while attending Hogwarts School for Wizards and Witches.",,,48734040,https://openlibrary.org/works/OL82563W,8696793,,openlibrary; isbndb; worldcat; google_books
9789750802959,Occultism / satanism,review,Occultism / satanism: okultizm ('witchcraft' in subjects/genres) | Occultism / satanism: okultizm ('witchcraft' in description),witchcraft,9750802950,Harry Potter ve sirlar odasi,,J. K. Rowling,,,,series:Harry_Potter; Fantasy fiction; school stories; Fiction; Fantasy; Nestlé Smarties Book Prize winner; Juvenile fiction; Wizards; Magic; Schools; Spanish language materials; Magia; Escuelas; Ficción juvenil; Novela fantástica; Hogwarts School of Witchcraft and Wizardry (Imaginary place); Harry Potter (Fictitious character); Wizards -- Juvenile fiction; Witches; Hogwarts School of Witchcraft and Wizardry (Imaginary organization); Magos; Translations from English; Chinese fiction; Orphans; Aunts,YKY,record,2001,"Istanbul, Turkey",tur,399,Paperback,,"Harry Potter, 2003",,"When the Chamber of Secrets is opened again at the Hogwarts School for Witchcraft and Wizardry, second-year student Harry Potter finds himself in danger from a dark power that has once more been released on the school.",,,59354531; 50294116,https://openlibrary.org/works/OL82537W,7063044,,openlibrary; isbndb; nexusstc
9789750809958,Occultism / satanism,review,Occultism / satanism: okultizm ('witchcraft' in subjects/genres),witchcraft,9750809955,Harry Potter ve Melez Prens,,J. K. Rowling,,,,"orphans; foster homes; romans; magie; adolescence; Quill Award winner; Scottish Children’s Book Award winner; British Book of the Year Award winner; Fiction; Juvenile fiction; Magic; Schools; Witches; Wizards; New York Times bestseller; Fantasy fiction; nyt:series_books=2006-07-15; nyt:series_books=2006-09-16; Romans, nouvelles, etc. pour la jeunesse; Sorciers; Roman fantastique; Merveilleux; Hogwarts School of Witchcraft and Wizardry (Imaginary place); Harry Potter (Fictitious character); Hogwarts School of Witchcraft and Wizardry (Imaginary organization)",Yapı Kredi Yayınlari,record,2005,,tur,594,paperback,,Facsimile,,"One summer night, when Dumbledore arrives at Privet Drive to collect Harry Potter, his wand hand is blackened and shriveled, but he will not reveal why. Rumours and suspicion spread through the wizarding world – it feels as if even Hogwarts itself might be under threat. Harry is convinced that Malfoy bears the Dark Mark: could there be a Death Eater amongst them? He will need powerful magic and true friends as, with the help of Dumbledore, he investigates Voldemort’s darkest secrets. ([source][2]) Preceded by: [Harry Potter and the Order of the Phoenix][1] Followed by: [Harry Potter and the Deathly Hallows][3] ---------- Contains: [Harry Potter and the Half-Blood Prince [3/4]](https://openlibrary.org/works/OL27299760W) [Harry Potter and the Half-Blood Prince [4/4]](https://openlibrary.org/works/OL27294904W) [1]: https://openlibrary.org/works/OL13716955W/Harry_Potter_and_the_Order_of_the_Phoenix [2]: https://www.jkrowling.com/book/harry-potter-half-blood-prince/ [3]: https://openlibrary.org/works/OL82586W/Harry_Potter_and_the_Deathly_Hallows",,,,https://openlibrary.org/works/OL82565W,,,openlibrary; isbndb; isbndb
9789750834660,Occultism / satanism,review,Occultism / satanism: okultizm ('witchcraft' in subjects/genres) | Occultism / satanism: okultizm ('witchcraft' in description),witchcraft,9750834666,Harry Potter ve Felsefe Tasi - Resimli Özel Baski,,J. K. Rowling,,,,series:Harry_Potter; Ghosts; Monsters; Vampires; Witches; Challenges and Overcoming Obstacles; Magic and Supernatural; Cleverness; School Life; school stories; Wizards; Magic; MAGIA; MAGOS; Juvenile fiction; Fiction; NOVELAS INGLESAS; Schools; orphans; fantasy fiction; England in fiction; Witches in fiction; Wizards in fiction; Alchemy; New York Times bestseller,Yapi Kredi Yayinlari,record,2015,,en_US,256,hardcover,,,,"Turning the envelope over, his hand trembling, Harry saw a purple wax seal bearing a coat of arms; a lion, an eagle, a badger and a snake surrounding a large letter 'H'. HARRY POTTER has never even heard of Hogwarts when the LETTERS start dropping on the doormat at number four, Privet Drive. Addressed in GREEN INK on yellowish parchment with a PURPLE SEAL, they are swiftly confiscated by his GRISLY aunt and uncle. Then, on Harry's eleventh birthday, a great beetle-eyed giant of a man called RUBEUS HAGRID bursts in with some ASTONISHING news: Harry Potter is a wizard, and he has a place at Hogwarts School of Witchcraft and Wizardry. An incredible adventure is about to begin! [**PDF**](https://chesserresources.com/doc/harry-potter-and-the-philosophers-stone-pdf/)",,,,https://openlibrary.org/works/OL82563W,,,openlibrary; isbndb
9789750836862,Occultism / satanism,review,Occultism / satanism: okultizm ('okult' in title),okult,9750836863,"Okült, Cadilik ve Büyü",,Christopher Dell,,,,,Yapi Kredi Yayinlari,record,2016,,tr,400,hardcover,,2016,,,,,,https://openlibrary.org/works/OL26372281W,,,openlibrary; isbndb; isbndb
9789750837470,Occultism / satanism,review,Occultism / satanism: tarot/astroloji/fal ('medyum' in title),medyum,9750837479,Medyum,,Philippe Sollers,,,,,Yapi Kredi Yayinlari,record,2016,,,,paperback,,,,,,,,https://openlibrary.org/works/OL24333117W,,,openlibrary
9789751010667,Occultism / satanism,review,Occultism / satanism: tarot/astroloji/fal ('astroloji' in title) | Occultism / satanism: LoC: occult subject ('astrology' in subjects) | Occultism / satanism: LCC BF1228-1999 (occult sciences) ('bf1723 .g64 1992' in lcc),astrology; astroloji; bf1723 .g64 1992,9751010667,Asiklar için ay burçlari,mükemmel beraberlikler için astroloji rehberi,Carole Golder,,,"Philosophy, psychology & religion",Astrology; Love; Mate selection; Miscellanea; Moon,Inkilap Kitabevi,record,1996,Istanbul,tur,223,,,,,,,BF1723 .G64 1992,68585970,https://openlibrary.org/works/OL2696310W,,,openlibrary
9789751010841,Occultism / satanism,review,Occultism / satanism: tarot/astroloji/fal ('astroloji' in title),astroloji,9751010845,Bir gunde yasayan astroloji,,Metin Kiraz,,,,,Inkilap,record,1996,,tr,,,,"Istanbul, 1996",,,,,,,,,worldcat
9789751016973,Occultism / satanism,review,Occultism / satanism: tarot/astroloji/fal ('astrolojisi' in title),astrolojisi,9751016975,Yeni Cin Astrolojisi,,Suzanna White,,,,,Inkilap Kitabevi,record,2001,,tr,,paperback,,"Nov 03, 2001",,,,,,https://openlibrary.org/works/OL26356989W,,,openlibrary; openlibrary
9789751021755,Occultism / satanism,review,Occultism / satanism: tarot/astroloji/fal ('astrolojisi' in title),astrolojisi,9751021758,Bebek Astrolojisi,,Chrissie Blaze,,,,,İnkılap Kitabevi,record,2004,,tr,,Paperback,,,,,,,,,,,isbndb
9789751030436,Occultism / satanism,review,Occultism / satanism: okultizm ('occult' in subjects/genres),occult,9751030439,Odd'un Rüyası,,Dean Koontz,,,,"Paranormal fiction; Fiction; Fiction, horror; Fiction, occult & supernatural; Cooks; Mediums",Inkilap Kitabevi,record,2012,,tur,,paperback,,"İstanbul, 2012",eng,"A mystery in Magic Beach, California, has lured Odd to the small town by the ocean -- but is it the call of the deep or the cry of the desperate? Odd is having dreams of a red tide, vague but worrisome.",,,,https://openlibrary.org/works/OL497150W,,,openlibrary; worldcat; openlibrary
9789751031723,Occultism / satanism,review,Occultism / satanism: tarot/astroloji/fal ('astroloji' in title),astroloji,9751031729,Gorsel Rehberler Astroloji,,Julia Derek Parker,,,,,Inkilap Kitabevi,record,2012,,,,paperback,,,,,,,,https://openlibrary.org/works/OL26357426W,,,openlibrary
9789751032812,Occultism / satanism,review,Occultism / satanism: okultizm ('occult' in subjects/genres),occult,9751032814,Golge Sokagi No,77,Dean Koontz,,,,"Parapsychology; Haunted places; Fiction; Paranormal fiction; New York Times bestseller; nyt:hardcover_fiction=2012-01-21; Fiction, thrillers, suspense; Fiction, horror; Fiction, occult & supernatural; Fiction, mystery & detective, general; Romans en novellen ; vertaald",Sayfa 6,record,2013,,tr,,paperback,,,,"""Bad things are starting to happen at the Pendleton, an eerie building with a tragic past. The Pendleton stands on the summit of Shadow Hill, a palace built in the late 19th century as a tycoon's dream home. But its grandeur has been scarred by episodes of madness, suicide and mass murder. Since being converted into luxury apartments in the 70s, however, the Pendleton has been at peace. For its fortunate residents - among them ex-marine Bailey Hawk, songwriter Twyla Trahern and her young son Winny - the Pendleton is a sanctuary, its dark past all but forgotten. But now inexplicable shadows caper across walls, security cameras relay impossible images, phantom voices mutter in strange tongues, not-quite-human figures lurk in the basement, elevators plunge into unknown depths. It seems that whatever drove past occupants to their unspeakable fates is at work again. As nightmare visions become real, a group of extraordinary individuals hold the key to humanity's destiny."" -- BOOK JACKET.",,,,https://openlibrary.org/works/OL16117248W,,,openlibrary; isbndb; google_books
9789751034229,Occultism / satanism,review,Occultism / satanism: tarot/astroloji/fal ('astroloji' in title),astroloji,9751034221,Koc - Citir Citir Astroloji,,Hande Kazanova,,,,,Inkilap Kitabevi,record,2014,,,96,paperback,,,,,,,,https://openlibrary.org/works/OL26357601W,,,openlibrary
9789751034236,Occultism / satanism,review,Occultism / satanism: tarot/astroloji/fal ('astroloji' in title),astroloji,975103423X,Boga - Citir Citir Astroloji,,Hande Kazanova,,,,,Inkilap Kitabevi,record,2014,,,96,paperback,,,,,,,,https://openlibrary.org/works/OL26272614W,,,openlibrary
9789751034243,Occultism / satanism,review,Occultism / satanism: tarot/astroloji/fal ('astroloji' in title),astroloji,9751034248,Ikizler - Citir Citir Astroloji,,Hande Kazanova,,,,,Inkilap Kitabevi,record,2014,,tr,96,paperback,,"Nov 03, 2014",,,,,,https://openlibrary.org/works/OL26357603W,,,openlibrary; openlibrary
9789751034250,Occultism / satanism,review,Occultism / satanism: tarot/astroloji/fal ('astroloji' in title),astroloji,9751034256,Yengec - Citir Citir Astroloji,,Hande Kazanova,,,,,Inkilap Kitabevi,record,2014,,,96,paperback,,,,,,,,https://openlibrary.org/works/OL26272615W,,,openlibrary
9789751034267,Occultism / satanism,review,Occultism / satanism: tarot/astroloji/fal ('astroloji' in title),astroloji,9751034264,Aslan - Citir Citir Astroloji,,Hande Kazanova,,,,,Inkilap Kitabevi,record,2014,,,96,paperback,,,,,,,,https://openlibrary.org/works/OL26357609W,,,openlibrary
9789751034274,Occultism / satanism,review,Occultism / satanism: tarot/astroloji/fal ('astroloji' in title),astroloji,9751034272,Basak - Citir Citir Astroloji,,Hande Kazanova,,,,,Inkilap Kitabevi,record,2014,,,96,paperback,,,,,,,,https://openlibrary.org/works/OL26357610W,,,openlibrary
9789751034281,Occultism / satanism,review,Occultism / satanism: tarot/astroloji/fal ('astroloji' in title),astroloji,9751034280,Terazi - Citir Citir Astroloji,,Hande Kazanova,,,,,Inkilap Kitabevi,record,2014,,,96,paperback,,,,,,,,https://openlibrary.org/works/OL26357604W,,,openlibrary
9789751034298,Occultism / satanism,review,Occultism / satanism: tarot/astroloji/fal ('astroloji' in title),astroloji,9751034299,Akrep - Citir Citir Astroloji,,Hande Kazanova,,,,,Inkilap Kitabevi,record,2014,,,96,paperback,,,,,,,,https://openlibrary.org/works/OL26357606W,,,openlibrary
9789751034304,Occultism / satanism,review,Occultism / satanism: tarot/astroloji/fal ('astroloji' in title),astroloji,9751034302,Yay - Citir Citir Astroloji,,Hande Kazanova,,,,,Inkilap Kitabevi,record,2014,,,96,paperback,,,,,,,,https://openlibrary.org/works/OL26357612W,,,openlibrary
9789751034311,Occultism / satanism,review,Occultism / satanism: tarot/astroloji/fal ('astroloji' in title),astroloji,9751034310,Oglak - Citir Citir Astroloji,,Hande Kazanova,,,,,Inkilap Kitabevi,record,2014,,,96,paperback,,,,,,,,https://openlibrary.org/works/OL26357618W,,,openlibrary
9789751034328,Occultism / satanism,review,Occultism / satanism: tarot/astroloji/fal ('astroloji' in title),astroloji,9751034329,Kova - Citir Citir Astroloji,,Hande Kazanova,,,,,Inkilap Kitabevi,record,2014,,,96,paperback,,,,,,,,https://openlibrary.org/works/OL26357613W,,,openlibrary
9789751034335,Occultism / satanism,review,Occultism / satanism: tarot/astroloji/fal ('astroloji' in title),astroloji,9751034337,Balik - Citir Citir Astroloji,,Hande Kazanova,,,,,Inkilap Kitabevi,record,2014,,,96,paperback,,,,,,,,https://openlibrary.org/works/OL26357619W,,,openlibrary
9789751036476,Occultism / satanism,review,Occultism / satanism: tarot/astroloji/fal ('astroloji' in title),astroloji,975103647X,Astroloji ile Dogru Esi Sec,,Didem Sarman,,,,,Inkilap Kitabevi,record,2016,,,256,paperback,,,,,,,,https://openlibrary.org/works/OL26357775W,,,openlibrary
9789751625533,Occultism / satanism,review,Occultism / satanism: LCC BF1228-1999 (occult sciences) ('bf1777 .t45 2013' in lcc),bf1777 .t45 2013,975162553X,Irk Bitig,,Talât Tekin; n/a,,,"Philosophy, psychology & religion",Omens,Türk Dil Kurumu Yayinlari,record,2013,,,134,paperback,,,,,,BF1777 .T45 2013,894361364,https://openlibrary.org/works/OL26273111W,,,openlibrary
9789752103139,Occultism / satanism,review,Occultism / satanism: okultizm ('occult' in subjects/genres),occult,9752103138,Karanlık Öyküler,,Stephen King,,,,Apple computers; dementia; fantasy; garbage disposal units; convenience stores; gangrene; fishing; short stories; yard sales; suicide; rest areas; horror; stroke; hitchhiking; headstones; amusement rides; occult; depression; nicotine; chef's knives; frying pans; fiction; Suspense fiction; American horror tales; journalists,Altin Kitaplar,record,2002,,en_US,,paperback,,2002,,"[Autopsy Room Four][1] The Man in the Black Suit [All That You Love Will Be Carried Away][2] The Death of Jack Hamilton [In the Deathroom][3] The Little Sisters of Eluria Everything's Eventual [L.T.'s Theory of Pets][4] [The Road Virus Heads North][5] [Lunch at the Gotham Cafe][6] That Feeling, You Can Only Say What It Is in French [1408][7] [Riding the Bullet][8] Luckey Quarter [1]: https://openlibrary.org/works/OL19780171W/Autopsy_Room_Four [2]: https://openlibrary.org/works/OL19779523W/All_That_You_Love_Will_Be_Carried_Away [3]: https://openlibrary.org/works/OL19780775W/In_the_Deathroom [4]: https://openlibrary.org/works/OL149185W/L.T.'s_Theory_of_Pets [5]: https://openlibrary.org/works/OL19781079W/The_Road_Virus_Heads_North [6]: https://openlibrary.org/works/OL19781075W/Lunch_at_the_Gotham_Cafe [7]: https://openlibrary.org/works/OL19779432W/1408 [8]: https://openlibrary.org/works/OL149155W/Riding_the_Bullet",,,,https://openlibrary.org/works/OL81584W,,,openlibrary; isbndb; isbndb
9789752111806,Occultism / satanism,review,Occultism / satanism: okultizm ('cadilik' in title),cadilik,9752111807,Bugun Ne Cadilik Yaptim?,,Nur Içözü,,,,,Altin Kitaplar - Çocuk Kitaplari,record,2009,,,112,paperback,,,,,,,,https://openlibrary.org/works/OL26273399W,,,openlibrary
9789752111813,Occultism / satanism,review,Occultism / satanism: okultizm ('cadilik' in title) | Occultism / satanism: okultizm ('cadilik' in description),cadilik,9752111815,Cadilik Parayla Mi?,,Nur Icözü,,,,,Altin Kitaplar,record,2009,,tr,112,paperback,,"PS, 2009",,"Aranizda su anne babalari anlayan var mi? Dogrusu ben hic anlamiyorum. Bir dedikleri digerini tutsa, soyledikleriyle yaptiklari uyussa ne guzel olur, degil mi? ornegin benim babam, Yasamda paradan daha degerli seyler vardir. deyip durur. Sonra da, Tutumlu ol, paranin kiymetini bil. diye soylenir. Annem deseniz baska ilem. Sonunda su degersiz kigit parcalari nasil kazanilirmis ogrendim. Formulunu cadilik defterime gizledim. Bilmek istiyorsaniz eger, haydi acin kitabin kapagini. Cadilik Parayla mi? siz verin kararini...Sayfa 112Baski 2009 Altin Kitaplar",,,,https://openlibrary.org/works/OL26273400W,,,openlibrary; isbndb; goodreads
9789752113886,Occultism / satanism,review,Occultism / satanism: okultizm ('occultisme' in subjects/genres),occultisme,9752113885,Sanctus,,Simon Toyne,,,,"Conspiracies; Secret societies; Fiction; Monks; Journalists; Women journalists, fiction; Turkey, fiction; Fiction, suspense; Fiction, thrillers, general; Roman policier; Proph?ties (Occultisme); Romans, nouvelles; Communaut?s (Religion); Religious articles; Women journalists; Fiction, thrillers, suspense",Altin Kitaplar,record,2011,,tr,544,paperback,,"İstanbul, 2011",,"When a man performs a dangerous, symbolic act on the mountain known as the Citadel, a Vatican-like city-state that towers above the city of Ruin in contemporary Turkey, a deadly chain of events is set in motion that could destroy the certainties of modern life.",,,,https://openlibrary.org/works/OL19949427W,,,openlibrary; worldcat
9789752117235,Occultism / satanism,review,Occultism / satanism: okultizm ('occult' in subjects/genres),occult,9752117236,Doktor Uyku,,Stephen King,,,,"Fiction; Psychic ability; Good and evil; Fiction, horror; Large print books; Occult fiction; Large type books; Horror fiction; Psychics; Middle-aged men; Suspense fiction; Paranormal fiction; Bien y mal; Novela; Alcoholism",Altin; Altn Kitaplar,record,2013,,tr,544,paperback,,2013,,"The now middle-aged Dan Torrance (the boy protagonist of The Shining) must save a very special twelve-year-old girl from a tribe of murderous paranormals. On highways across America, a tribe of people called The True Knot travel in search of sustenance. They look harmless; mostly old, lots of polyester, and married to their RVs. But as Dan Torrance knows, and spunky twelve-year-old Abra Stone learns, The True Knot are quasi-immortal, living off the ""steam"" that children with the ""shining"" produce when they are slowly tortured to death. Haunted by the inhabitants of the Overlook Hotel where he spent one horrific childhood year, Dan has been drifting for decades, desperate to shed his father's legacy of despair, alcoholism, and violence. Finally, he settles in a New Hampshire town, an AA community that sustains him, and a job at a nursing home where his remnant ""shining"" power provides the crucial final comfort to the dying. Aided by a prescient cat, he becomes ""Doctor Sleep."" Then Dan meets the evanescent Abra Stone, and it is her spectacular gift, the brightest shining ever seen, that reignites Dan's own demons and summons him to a battle for Abra's soul and survival.",,,,https://openlibrary.org/works/OL16806877W,,,openlibrary; isbndb; isbndb
9789752122642,Occultism / satanism,review,Occultism / satanism: okultizm ('occult' in subjects/genres),occult,9752122647,Korku Agi,,Stephen King,,Gotik kurgu; korku kurgu; vampire fiction,,"Catholic Church; arson; Great Depression; hitmen; Horror fiction; City and town life; Cuentos de terror; Fiction; Vampires; Adapted for Television; horror tales; Reading Level-Grade 9; Reading Level-Grade 11; Reading Level-Grade 10; Reading Level-Grade 12; Authors; Fiction, occult & supernatural; Fiction, horror; Authors, fiction; Large type books; Vampires, fiction; New england, fiction; Maine, fiction; Écrivains; Romans, nouvelles",Altin Kitaplar,record,2000,,tr,592,paperback,,,,"Author Ben Mears returns to ‘Salem's Lot to write a book about a house that has haunted him since childhood only to find his isolated hometown infested with vampires. While the vampires claim more victims, Mears convinces a small group of believers to combat the undead. ([source](https://stephenking.com/library/novel/_salem_s_lot.html)) --- Also contained in: - [Night Shift / Carrie / 'Salem's Lot / Shining](https://openlibrary.org/works/OL19558521W/Night_Shift_Carrie_'Salem's_Lot_Shining) - ['Salem's Lot: Illustrated Edition](https://openlibrary.org/works/OL19859438W) - [Works (Danse Macabre / Salem's Lot / Shining)](https://openlibrary.org/works/OL24233994W)",,,,https://openlibrary.org/works/OL81632W,,https://www.wikidata.org/wiki/Q116184043,openlibrary; isbndb; wikidata
9789752473652,Occultism / satanism,review,Occultism / satanism: satanism ('satanic' in description),satanic,9752473652,Dumas Kulübü,,Arturo Pérez-Reverte,,,,"Antiquarians; Collectors and collecting; Fiction; Rare books; Book collectors; Open Library Staff Picks; Books; Portugal spain and France; Ficción; Rare books in fiction; Libros raros; Anticuarios; Antiquarians in fiction; Translations into Russian; Spanish Adventure stories; Rare books -- Fiction; Antiquarians -- Fiction; Fiction, suspense; Fiction, action & adventure; Fiction, thrillers, suspense; Spanish fiction; Spanish language materials; Materiales en español; Novela; Novela española",Nora Kitap,record,2020,,tr,448,paperback,,,,Read it awsome book. Exiting. In the world of rare books everything has its price. Butwhen the book is a satanic tract the currency is not money but life.,,,,https://openlibrary.org/works/OL857568W,,,openlibrary; isbndb
9789752734388,Occultism / satanism,review,Occultism / satanism: okultizm ('occult' in subjects/genres),occult,9752734383,Cadilar Disarida!,,Terry Pratchett,,,,"English Fantasy fiction; Discworld (Imaginary place); Fiction; Fantasy; Witches; Occult fiction; Fiction, fantasy, general; Discworld (imaginary place), fiction; Granny weatherwax (fictitious character), fiction; Fiction, humorous; Fiction, occult & supernatural",Ithaki Yayinlari,record,2009,,tr,11,paperback,,,,"Be careful what you wish for...Once upon a time there was a fairy godmother named Desiderata who had a good heart, a wise head, and poor planning skills—which unforunately left the Princess Emberella in the care of her other (not quite so good and wise) godmother when DEATH came for Desiderata. So now it's up to Magrat Garlick, Granny Weatherwax, and Nanny Ogg to hop on broomsticks and make for far-distant Genua to ensure the servant girl doesn't marry the Prince.But the road to Genua is bumpy, and along the way the trio of witches encounters the occasional vampire, werewolf, and falling house (well this is a fairy tale, after all). The trouble really begins once these reluctant foster-godmothers arrive in Genua and must outwit their power-hungry counterpart who'll stop at nothing to achieve a proper ""happy ending""—even if it means destroying a kingdom.",,,,https://openlibrary.org/works/OL453668W,,,openlibrary; isbndb
9789752985520,Occultism / satanism,review,Occultism / satanism: okultizm ('cadilik' in title),cadilik,9752985521,Cadilik,,Malcolm Gaskill,,,,,Dost Kitabevi Yayinlari,record,2016,,tr,186,paperback,,,,,,,,https://openlibrary.org/works/OL26364242W,,,openlibrary; isbndb
9789753141154,Occultism / satanism,review,Occultism / satanism: tarot/astroloji/fal ('astroloji' in title),astroloji,9753141157,2019 Astroloji Ajandası,,Aygül Aydın,,,,,Hürriyet Kitap; Hrriyet Kitap,record,2018,,,245,paperback,,,,,,,,https://openlibrary.org/works/OL26364379W,,,openlibrary
9789753290777,Occultism / satanism,review,Occultism / satanism: tarot/astroloji/fal ('astrolojisi' in title),astrolojisi,9753290772,Cep Astrolojisi,,Noelene Morris,,,,,Oglak Yayincilik,record,2015,,,,unknown binding,,,,,,,,https://openlibrary.org/works/OL26275885W,,,openlibrary
9789753310673,Occultism / satanism,review,Occultism / satanism: tarot/astroloji/fal ('burcunuz ve' in title),burcunuz ve,9753310676,Burcunuz ve kisiliginiz,,George Etcheid,,,,,Epsilon,record,2002,Istanbul,tur,295,Unknown Binding,,,,,,,54090758,https://openlibrary.org/works/OL11630892W,,,openlibrary; isbndb
9789753580038,Occultism / satanism,review,Occultism / satanism: tarot/astroloji/fal ('astroloji' in title),astroloji,9753580037,Astroloji Zamanları,,R Hakan Kırkoğlu,,,,,Yayınevi Yayıncılık,isbn_prefix,1991,,tr,240,,,,,,,,,,,,isbndb
9789754051520,Occultism / satanism,review,Occultism / satanism: okultizm ('occult' in subjects/genres),occult,9754051526,Hayvan Mezarlığı,,Stephen King,,,,fiction; thrillers; suspense; horror; occult; psychological trauma; spinal meningitis; flashback; heart attack; burial ground; Micmac Indians; World War II; solitaire; pet cemeteries; death; Juvenile audience; pets; Paranormal fiction; Horror fiction; Horror tales; Cemeteries; Animals; Country life; Resurrection; Ficción,Altin Kitaplar,record,2003,,tr,399,paperback,,February 1996,,Pet Sematary is a 1983 horror novel by American writer Stephen King. The novel was nominated for a World Fantasy Award for Best Novel in 1986,,,,https://openlibrary.org/works/OL81631W,,,openlibrary; isbndb; openlibrary
9789754055344,Occultism / satanism,review,Occultism / satanism: LoC: occult subject ('spiritualism -- turkey' in subjects) | Occultism / satanism: LoC: occult subject ('spiritualism' in subjects) | Occultism / satanism: LoC: occult subject ('spiritualism--turkey' in subjects),spiritualism; spiritualism -- turkey; spiritualism--turkey,9754055343,İlâhi sınav ve kutsal görev,Memişçe,"Memiş, Mehmet",,,Music,"Memiş, Mehmet, 1968-; Islam -- Miscellanea; Spiritualism -- Turkey; Turkey -- Politics and government -- Miscellanea; Islam; Miscellanea; Politics and government; Spiritualism; Memis, Mehmet; Memiş, Mehmet , 1968-; Spiritualism--Turkey; MLCSN 97/426 (B)",Altın Kitaplar Yayınevi,record,1995,"Cağaloğlu, İstanbul",tur,203,,,1. basım.,,Mehmet Memiş.,,MLCSN 97/426 (B),,https://openlibrary.org/works/OL3734572W,1825877,,openlibrary; isbndb; openlibrary
9789754055856,Occultism / satanism,review,Occultism / satanism: tarot/astroloji/fal ('medyum' in title),medyum,9754055858,Medyum,,Stephen King,,,,,Altin Kitaplar,record,2000,,tr,400,paperback,,"Nov 01, 2000",,,,,,https://openlibrary.org/works/OL26277236W,,,openlibrary; isbndb; openlibrary
9789754680775,Occultism / satanism,review,Occultism / satanism: Dewey 133 (occultism) ('133.9' in dewey),133.9,9754680779,Öteki dünya,,Jenny Randles,,,Philosophy & psychology,"Spirit communication & mediumship, spiritualism; Unexplained phenomena; Future life; Leven na de dood",Say,record,1994,Istanbul,tur,365,,,,,,133.9,,,https://openlibrary.org/works/OL11415769W,,,openlibrary
9789754680829,Occultism / satanism,review,Occultism / satanism: okultizm ('occultism' in subjects/genres),occultism,9754680825,Nostradamus,gelecek 50 yilin kehânetleri,Peter Lemesurier,,,,"Forecasts; Prophecies (Occultism); Twenty-first century; Prophecies; Nostradamus, 1503-1566",Say Yayinlari,record,1996,Istanbul,tur,294,Paperback,,,,,,,,https://openlibrary.org/works/OL822049W,,,openlibrary; isbndb
9789754683882,Occultism / satanism,review,Occultism / satanism: tarot/astroloji/fal ('tarot' in title),tarot,9754683883,Osho Zen Tarot,,Osho,,,,,Omega,record,2008,,tr,176,paperback,,,,,,,,https://openlibrary.org/works/OL26368782W,,,openlibrary; isbndb
9789754683929,Occultism / satanism,review,Occultism / satanism: tarot/astroloji/fal ('astroloji' in title),astroloji,9754683921,Astroloji-Kozmik Nesnelerin Isiginda Yasama Plani,,Sevinc Aksoy,,,,,Omega,record,2002,,,,paperback,,,,,,,,https://openlibrary.org/works/OL26368788W,,,openlibrary
9789754707014,Occultism / satanism,review,Occultism / satanism: satanism ('satanic' in description),satanic,9754707014,Dumas Kulübü ya da Richelieu'nün Gölgesi,,Arturo Pérez-Reverte,,,,"Antiquarians; Collectors and collecting; Fiction; Rare books; Book collectors; Open Library Staff Picks; Books; Portugal spain and France; Ficción; Rare books in fiction; Libros raros; Anticuarios; Antiquarians in fiction; Translations into Russian; Spanish Adventure stories; Rare books -- Fiction; Antiquarians -- Fiction; Fiction, suspense; Fiction, action & adventure; Fiction, thrillers, suspense; Spanish fiction; Spanish language materials; Materiales en español; Novela; Novela española",Iletisim Yayincilik,record,2015,,en_US,,paperback,,"Istanbul, 1998",,Read it awsome book. Exiting. In the world of rare books everything has its price. Butwhen the book is a satanic tract the currency is not money but life.,,,,https://openlibrary.org/works/OL857568W,,,openlibrary; isbndb; worldcat
9789754731118,Occultism / satanism,review,Occultism / satanism: okultizm ('occultism' in subjects/genres) | Occultism / satanism: LoC: occult subject ('magic -- religious aspects -- islam' in subjects) | Occultism / satanism: LoC: occult subject ('occultism -- religious aspects -- islam' in subjects) | Occultism / satanism: LoC: occult subject ('magic' in subjects),magic; magic -- religious aspects -- islam; occultism; occultism -- religious aspects -- islam,975473111X,Kur'ân ve hadislere göre cinler-büyü,,Ali Osman Ateş,,,"Philosophy, psychology & religion",Magic -- Religious aspects -- Islam; Occultism -- Religious aspects -- Islam; Islam; Magic; Occultism; Religious aspects; Religious aspects of Magic; Religious aspects of Occultism; Jinn; Charms; Islamic magic; Doctrines; Hadith,Beyan Yayınları,record,1995,"Cağaloğlu, İstanbul",tur,368,,,,,,,BP190.5.M25 A84 1995,34603881,https://openlibrary.org/works/OL2613449W,6932874,,openlibrary
9789754731460,Occultism / satanism,review,Occultism / satanism: LoC: occult subject ('spiritualism -- turkey' in subjects) | Occultism / satanism: LoC: occult subject ('spiritualism' in subjects) | Occultism / satanism: LoC: occult subject ('spiritualism--turkey' in subjects) | Occultism / satanism: LCC BF1228-1999 (occult sciences) ('bf1242.t87 t85 1996' in lcc),bf1242.t87 t85 1996; bf1242.t9 t648 1996; spiritualism; spiritualism -- turkey; spiritualism--turkey,9754731462,Türkiye'de anti-materyalist felsefe (spiritüalizm),ilk temsilciler,Neşet Toku,,,"Philosophy, psychology & religion",Spiritualism -- Turkey; Spiritualism; Spiritualism--Turkey,Beyan Yayınları,record,1996,"Cağaloğlu, İst. [i.e. İstanbul]",tur,344,Paperback,,,,Neşet Toku. 210--t.p. Verso. Includes Bibliographical References (p. [327]-344).,,BF1242.T87 T85 1996; BF1242.T9 T648 1996,39256720,https://openlibrary.org/works/OL2613429W,,,openlibrary; isbndb
9789755212494,Occultism / satanism,review,Occultism / satanism: tarot/astroloji/fal ('astroloji' in title),astroloji,9755212493,Gök günlüğü,ephemeris Türkiye,,,,,Ephemerides,Boyut Yayın Grubu,record,1999,İstanbul,tur,,,Astroloji atlası,,,,,,42630608,https://openlibrary.org/works/OL43836699W,,,openlibrary
9789755212500,Occultism / satanism,review,Occultism / satanism: tarot/astroloji/fal ('astroloji' in title),astroloji,9755212507,Gök günlüğü,ephemeris Türkiye,,,,,Ephemerides,Boyut Yayın Grubu,record,1999,İstanbul,tur,,,Astroloji atlası,,,,,,42630608,https://openlibrary.org/works/OL43836699W,,,openlibrary
9789755212517,Occultism / satanism,review,Occultism / satanism: tarot/astroloji/fal ('astroloji' in title),astroloji,9755212515,Gök günlüğü,ephemeris Türkiye,,,,,Ephemerides,Boyut Yayın Grubu,record,1999,İstanbul,tur,,,Astroloji atlası,,,,,,42630608,https://openlibrary.org/works/OL43836699W,,,openlibrary
9789755213811,Occultism / satanism,review,Occultism / satanism: tarot/astroloji/fal ('astroloji' in title),astroloji,9755213813,"Astroloji Atlasi - Ates Burclari Gezegenler / Koc, Aslan, Yay",,Sairose Camelot,,,,,Boyut Yayin Grubu,record,2000,,,192,paperback,,,,,,,,https://openlibrary.org/works/OL26375313W,,,openlibrary
9789755213828,Occultism / satanism,review,Occultism / satanism: tarot/astroloji/fal ('astroloji' in title),astroloji,9755213821,Astroloji Atlasi - Toprak Burclari Gezegenler,,Kolektif,,,,,Boyut Yayin Grubu,record,2000,,,192,paperback,,,,,,,,https://openlibrary.org/works/OL26375314W,,,openlibrary
9789755213835,Occultism / satanism,review,Occultism / satanism: tarot/astroloji/fal ('astroloji' in title),astroloji,975521383X,"AstrolojI Atlasi - Su Burclari Gezegenler / Yengec, Akrep, Balik",,Sairose Camelot,,,,,Boyut Yayin Grubu,record,2000,,tr,192,paperback,,"Nov 05, 2000",,,,,,https://openlibrary.org/works/OL26375309W,,,openlibrary; openlibrary
9789755213842,Occultism / satanism,review,Occultism / satanism: tarot/astroloji/fal ('astroloji' in title),astroloji,9755213848,"Astroloji Atlasi - Hava Burclari Gezegenler / Ikizler, Terazi, Kova",,Sairose Camelot,,,,,Boyut Yayin Grubu,record,2000,,,192,paperback,,,,,,,,https://openlibrary.org/works/OL26278852W,,,openlibrary
9789755214900,Occultism / satanism,review,Occultism / satanism: tarot/astroloji/fal ('astroloji' in title),astroloji,9755214909,Astroloji Atlasi - Cep Astroloji Seti,,Kolektif,,,,,Boyut Yayin Grubu,record,2011,,,,paperback,,,,,,,,https://openlibrary.org/works/OL26375336W,,,openlibrary
9789755214917,Occultism / satanism,review,Occultism / satanism: tarot/astroloji/fal ('astroloji' in title),astroloji,9755214917,Koc - Astroloji Atlasi,,Kolektif,,,,,Boyut Yayin Grubu,record,2002,,,84,paperback,,,,,,,,https://openlibrary.org/works/OL26375337W,,,openlibrary
9789755214931,Occultism / satanism,review,Occultism / satanism: tarot/astroloji/fal ('astroloji' in title),astroloji,9755214933,Boga - Astroloji Atlasi,,Kolektif,,,,,Boyut Yayin Grubu,record,2002,,,83,paperback,,,,,,,,https://openlibrary.org/works/OL26375339W,,,openlibrary
9789755214948,Occultism / satanism,review,Occultism / satanism: tarot/astroloji/fal ('astroloji' in title),astroloji,9755214941,Yengec - Astroloji Atlasi,,Kolektif,,,,,Boyut Yayin Grubu,record,2002,,,84,paperback,,,,,,,,https://openlibrary.org/works/OL26375340W,,,openlibrary
9789755214955,Occultism / satanism,review,Occultism / satanism: tarot/astroloji/fal ('astroloji' in title),astroloji,975521495X,Aslan - Astroloji Atlasi,,Kolektif,,,,,Boyut Yayin Grubu,record,2007,,,84,paperback,,,,,,,,https://openlibrary.org/works/OL26375341W,,,openlibrary
9789755214962,Occultism / satanism,review,Occultism / satanism: tarot/astroloji/fal ('astroloji' in title),astroloji,9755214968,Akrep - Astroloji Atlasi,,Kolektif,,,,,Boyut Yayin Grubu,record,2007,,,84,paperback,,,,,,,,https://openlibrary.org/works/OL26375342W,,,openlibrary
9789755214979,Occultism / satanism,review,Occultism / satanism: tarot/astroloji/fal ('astroloji' in title),astroloji,9755214976,Terazi - Astroloji Atlasi,,Kolektif,,,,,Boyut Yayin Grubu,record,2002,,,84,paperback,,,,,,,,https://openlibrary.org/works/OL26278863W,,,openlibrary
9789755214986,Occultism / satanism,review,Occultism / satanism: tarot/astroloji/fal ('astroloji' in title),astroloji,9755214984,Oglak - Astroloji Atlasi,,Kolektif,,,,,Boyut Yayin Grubu,record,2007,,tr,84,paperback,,"Nov 01, 2007",,,,,,https://openlibrary.org/works/OL26278864W,,,openlibrary; openlibrary
9789755214993,Occultism / satanism,review,Occultism / satanism: tarot/astroloji/fal ('astroloji' in title),astroloji,9755214992,Balik-Astroloji Atlasi,,Kolektif,,,,,Boyut Yayin Grubu,record,2002,,,84,paperback,,,,,,,,https://openlibrary.org/works/OL26278865W,,,openlibrary
9789755215006,Occultism / satanism,review,Occultism / satanism: tarot/astroloji/fal ('astroloji' in title),astroloji,975521500X,Yay - Astroloji Atlasi,,Kolektif,,,,,Boyut Yayin Grubu,record,2002,,,84,paperback,,,,,,,,https://openlibrary.org/works/OL26375344W,,,openlibrary
9789755215013,Occultism / satanism,review,Occultism / satanism: tarot/astroloji/fal ('astroloji' in title),astroloji,9755215018,Kova - Astroloji Atlasi,,Kolektif,,,,,Boyut Yayin Grubu,record,2002,,,84,paperback,,,,,,,,https://openlibrary.org/works/OL26278866W,,,openlibrary
9789755215020,Occultism / satanism,review,Occultism / satanism: tarot/astroloji/fal ('astroloji' in title),astroloji,9755215026,Basak-Astroloji Atlasi,,Kolektif,,,,,Boyut Yayin Grubu,record,2002,,,84,paperback,,,,,,,,https://openlibrary.org/works/OL26278867W,,,openlibrary
9789755652825,Occultism / satanism,review,Occultism / satanism: okultizm ('cadilik' in title),cadilik,9755652825,Bugün ne cadılık yaptım?,,Nur İçözü; Tuncay Batıbeki,,,,,Bu,isbn_prefix,,,tr,,,,,,,,,,,,,google_books
9789755749679,Occultism / satanism,review,Occultism / satanism: tarot/astroloji/fal ('kabalanin' in title),kabalanin,9755749675,Kabalanin Temel Ögretileri,,Leo Schaya,,,,,Insan Yayinlari,record,2021,,tr,,paperback,,"Nov 01, 2021",,,,,,https://openlibrary.org/works/OL26279705W,,,openlibrary; openlibrary
9789756060629,Occultism / satanism,review,Occultism / satanism: tarot/astroloji/fal ('astroloji' in title),astroloji,975606062X,Astroloji & Ask & Sihirli Aci,,Ayla Özaygen,,,,,Aritan Yayinevi,record,2008,,,,paperback,,,,,,,,https://openlibrary.org/works/OL26279966W,,,openlibrary
9789756130025,Occultism / satanism,review,Occultism / satanism: okultizm ('occultism' in subjects/genres) | Occultism / satanism: LoC: occult subject ('occultism' in subjects),occultism,9756130024,Havâss'ın derinlikleri,,Bülent Kısa,,,,Magic squares; Islamic magic; Islamic occultism; Occultism,Hermes,record,2005,Istanbul,tur,,,Hermes yayınları -- 5,1. basım.,,,,,500742277,https://openlibrary.org/works/OL42577496W,,,openlibrary
9789756130094,Occultism / satanism,review,Occultism / satanism: tarot/astroloji/fal ('kabala' in title) | Occultism / satanism: LoC: occult subject ('cabala' in subjects),cabala; kabala,9756130091,Kabala'ya giriş Sefer Yezirah,Oluşum Kitabı,W. Wynn Westcott; S. L. MacGregor Mathers; Moina Bergson Mathers; Kemal Menemencioğlu,,,"Philosophy, psychology & religion",Cabala; Alchemy,Hermes Yayınları,record,2007,İstanbul,tur,167,167 pages : illustrations ; 20 cm.,Hermes yayınları -- 10,,,Westcott Ve Mathers ; önsöz Kemal Menemencioğlu. Kabbala Denudata.,,BM525.A56 W419 2007,213278725,https://openlibrary.org/works/OL43644441W,,,openlibrary; isbndb
9789756130193,Occultism / satanism,review,Occultism / satanism: okultizm ('occultism' in subjects/genres) | Occultism / satanism: LoC: occult subject ('magic' in subjects) | Occultism / satanism: LCC BF1228-1999 (occult sciences) ('bf1611 .b819 2007' in lcc) | Occultism / satanism: Dewey 133 (occultism) ('133.43' in dewey),133.43; bf1611 .b819 2007; magic; occultism,9756130199,HEPİNİZ TÜRKSÜNÜZ,,Kolektif,,"BODY, MIND & SPIRIT / Occultism",Philosophy & psychology,Büyü; Magic,Hermes Yayınları; Hermes Yaynlar,record,2017,,tr,290,paperback,,"Üçüncü basım, İstanbul, 2009",,"Amerika´da Doğan Ve Daha Sonra Meksika´ya Yerleşen Bir Yazar, Eşinin Ani ölümünden Sonra Ruhunun Hep Yanında Olduğuna Ve Destek Verdiğine Inanarak Insanlığın Ve Dünyanın Daha Iyiye Gitmesi Için Ne Yapılması Gerektiği Konusunda Araştırmalar Yapmaya Başlıyor. Özellikle, Hıristiyanlığın Kökenlerini Araştırarak Işe Başlıyor Ve çok Ilginç Bir şekilde Araştırmaları Onu Türklerin Ayak Izlerine Götürüyor. İlk Insanların Türklerle Başlayıp Daha Sonra Dünyaya Dağıldığını Ve Ilk Konuşulan Dilin Türkçe Olduğunu, Bilimin, Felsefe Ve Dinin Yine Türklerden Başladığını Söylüyor. İnsanların Güneşsel Enerjiyle Nasıl Senkronize Yaşaması Gerektiğini Anlatıyor. Şu An Insanlığın Içinde Bulunduğu Huzursuzluğun çözümünü Ancak Orta Asya Ve Türklerin Getirebileceğini, Daha Iyi Bir Dünya Için Gerekli Açılımları Ancak Onların Yapabileceğini Iddia Ediyor Ve şayet Bu Olmazsa Dünyanın Asla Huzur Bulamayacağını Söylüyor. Ayrıca Yazar Türklere Bir Gönderme Yapıyor. Nasıl Oluyor Da Doğuştan Filozof Ve şair Olan, Türk Kültürünü Dünyaya Yayan Erke Han´ı Bilmiyorlar. Türk Dünyası Görkemli Zaferlerini Ona Borçludur.",133.43,BF1611 .B819 2007,,https://openlibrary.org/works/OL26400635W,,,openlibrary; isbndb; worldcat; ebsco
9789756130322,Occultism / satanism,review,Occultism / satanism: tarot/astroloji/fal ('kabala' in title) | Occultism / satanism: okultizm ('occult' in subjects/genres) | Occultism / satanism: LoC: occult subject ('cabala' in subjects) | Occultism / satanism: LoC: occult subject ('magic' in subjects),cabala; kabala; magic; occult,9756130326,Mistik Kabala,,Violet M. Firth (Dion Fortune),,,,Cabala; Tree of life; occult; magic,Hermes Yayinlari,record,2006,,tr,377,paperback,,,,"Dion Fortune's Mystical Qabalah remains a classic in the field. She explores all aspects of the Qabalah-whose disciplines include the esoteric sciences of astrology and tarot, and forms the basis of the Western Mystery Tradition. Her thorough explanation of the Tree of Life, which lies at the heart of Qabalistic teaching, provides a key to the practical working of this mystical system for both novice and initiate. This revised edition includes an additional chapter culled from Fortune's Inner Light Journal describing the paths on the Tree, an editorial update for contemporary readers, and an easy-to-use foldout containing important diagrams that augment study of the text.",,,,https://openlibrary.org/works/OL114617W,,,openlibrary; isbndb
9789756130407,Occultism / satanism,review,Occultism / satanism: okultizm ('okultizm' in title) | Occultism / satanism: okultizm ('occultism' in subjects/genres) | Occultism / satanism: LoC: occult subject ('occultism' in subjects),occultism; okultizm,9756130407,Saglikli Okultizm,,Violet M. Firth (Dion Fortune),,,,Occultism,Hermes Yayinlari,record,2012,,tr,192,paperback,,"Nov 06, 2012",,,,,,https://openlibrary.org/works/OL114605W,,,openlibrary; openlibrary
9789756130490,Occultism / satanism,review,Occultism / satanism: tarot/astroloji/fal ('astroloji' in title),astroloji,9756130490,Temel Astroloji,,"Murat Aydýn, Melek Ozturk, Hasan Uygun , Senay Yangel",,,,,Hermes Yayinlari,record,2014,,,340,paperback,,,,,,,,https://openlibrary.org/works/OL26280027W,,,openlibrary
9789756130520,Occultism / satanism,review,Occultism / satanism: okultizm ('occult' in subjects/genres) | Occultism / satanism: okultizm ('occultist' in description),occult; occultist,9756130520,Dr. Taverner'in Sirlari,,Violet M. Firth (Dion Fortune),,,,"Short stories; Fiction, occult & supernatural; Fiction, fantasy, general; Fiction, short stories (single author); Occultism",Hermes Yayinlari,record,2014,,,294,paperback,,,,"Perhaps no occultist in the 20th Century has so fully combined a practical knowledge of Magick with a deep understanding of depth psychology as Dion Fortune, unless it be Israel Regardie. Dion Fortune used fiction as the vehicle for presenting this synthesis of Magick and Psychology in terms relevant to everyday living and the problems that serious students will inevitably meet. Here, in this one book, she presents eleven case studies of actual super-normal happenings in the form of exciting stories. Written as fiction, yet these tales are a serious study in the psychology of ultra-consciousness. ""Dr. Taverner"" was a real person and his mysterious nursing home an actual fact. The happenings chronicled here are not as uncommon as you might imagine; they are real cases, and far from being written up to make exciting fiction, they had to be toned down to make them fit for print.",,,,https://openlibrary.org/works/OL114610W,,,openlibrary
9789756130568,Occultism / satanism,review,Occultism / satanism: okultizm ('okultizm' in title) | Occultism / satanism: okultizm ('occultism' in subjects/genres) | Occultism / satanism: LoC: occult subject ('occultism' in subjects),occultism; okultizm,9756130563,Pratik Okultizm,,Violet M. Firth (Dion Fortune),,,,Occultism,Hermes Yayinlari,record,2015,,,104,paperback,,,,,,,,https://openlibrary.org/works/OL7518082W,,,openlibrary
9789756130612,Occultism / satanism,review,Occultism / satanism: tarot/astroloji/fal ('kabala' in title),kabala,975613061X,Kabala'ya Giris ve Hermetik Gelenegi,,William Wynn Westcott,,,,,Hermes Yayinlari,record,2016,,,,paperback,,,,,,,,https://openlibrary.org/works/OL26400663W,,,openlibrary
9789756130940,Occultism / satanism,review,Occultism / satanism: tarot/astroloji/fal ('zodyak' in title),zodyak,9756130946,Zodyak Insan ve Evrenin Anahtari. Translated by Gün Arun.,,Omraam Mikhael Aivanhov,,,,,Hermes Yayinlari,record,2019,,,120,paperback,,,,,,,,https://openlibrary.org/works/OL26280034W,,,openlibrary
9789756388921,Occultism / satanism,review,Occultism / satanism: tarot/astroloji/fal ('astrolojik' in title),astrolojik,9756388927,2008'de Türkiye : Türkiye için astrolojik öngörüler,,Öner Döşer,,,,,Klan,record,2008,,tr,,,,"İstanbul, 2008",,,,,,,,,worldcat
9789756665725,Occultism / satanism,review,Occultism / satanism: okultizm ('okultizm' in title),okultizm,9756665726,Okultizm ve Enerji,,Ferda Ercan Uyulan,,,,,Lotus,record,2021,,tr,606,Paperback,,,,,,,,,,,isbndb
9789756779378,Occultism / satanism,review,Occultism / satanism: LoC: Satanism ('satanism' in subjects),satanism,9756779373,Kur'an açısından şeytancılık,satanizm ve ötekiler,Yaşar Nuri Öztürk,,,"Philosophy, psychology & religion",Devil; Islam; Qurʼanic teaching; Satanism; Devil--Islam--Qurʼanic teaching,Yeni Boyut,record,2002,İstanbul,tur,284,Paperback,Yaşar Nuri Öztürk bütün eserleri -- 34,1. baskı.,,Yaşar Nuri Öztürk. 35. Includes Bibliographical References (p. [277]-278) And Index.,,BP134.D43 O98 2002,50224952,https://openlibrary.org/works/OL44911878W,,,openlibrary; isbndb; worldcat
9789756793190,Occultism / satanism,review,Occultism / satanism: Dewey 133 (occultism) ('133' in dewey),133,9756793198,Ilahi Rehberlik,,Doreen Virtue,,,Philosophy & psychology,Miscellanea; Angels; Spiritual life; Guardian angels; Vie spirituelle; Miscellanées; Anges; Dieux,Akasa Yayin,record,2000,,tur,304,paperback,,,eng,,133,BF,,https://openlibrary.org/works/OL108951W,,,openlibrary
9789756793558,Occultism / satanism,review,Occultism / satanism: tarot/astroloji/fal ('astroloji' in title),astroloji,9756793554,Ruhsal Astroloji,,Jan Spiller Semra Ayanbasý,,,,,Akasa Yayin; Akaa Yaynlar,record,2003,,tr,624,paperback,,"İstanbul, 2006",,,,,,https://openlibrary.org/works/OL26402234W,,,openlibrary; worldcat
9789757029007,Occultism / satanism,review,Occultism / satanism: tarot/astroloji/fal ('astrolojide' in title),astrolojide,9757029009,Astrolojide yetiskinlerin bulug çagi,astrolojik açidan yasamda kriz dönemleri ve degisim fırsatları,Barıs Ilhan,,,,,Ilhan Yayınevi,record,1997,Istanbul,tur,200,,,,,,,,68281966,https://openlibrary.org/works/OL12096455W,,,openlibrary
9789757029090,Occultism / satanism,review,Occultism / satanism: tarot/astroloji/fal ('astrolojinin' in title),astrolojinin,9757029092,Astrolojinin anahtar sözcükleri,,Hajo Banzhaf; Anna Haebler,,,,Astrologie,İlhan,record,1999,"Teşvikiye, İstanbul",tur,303,,"Ilhan yayınevi : [...], Astroloji, psikoloji -- 10; Ilhan yayınevi / Astroloji, psikoloji -- 10",,ger,,,,76306539,https://openlibrary.org/works/OL45680256W,,,openlibrary
9789757029250,Occultism / satanism,review,Occultism / satanism: tarot/astroloji/fal ('tarot' in title),tarot,9757029254,Tarot Ve Kahramanin Yolculugu,,Hajo Banzhaf,,,,,Baris Ilhan Yayinevi,record,2021,,,256,paperback,,,,,,,,https://openlibrary.org/works/OL26402505W,,,openlibrary
9789757029281,Occultism / satanism,review,Occultism / satanism: tarot/astroloji/fal ('astroloji' in title),astroloji,9757029289,"Astroloji, Psikoloji & Dort Element",,Stephen Arroyo Baris Ilhan,,,,,Baris Ilhan Yayinevi,record,2000,,tr,216,Paperback,,2000,,,,,,,,,isbndb; isbndb
9789757029359,Occultism / satanism,review,Occultism / satanism: tarot/astroloji/fal ('astroloji' in title),astroloji,9757029351,Astroloji Dersleri,,Barış İlhan,,,,,Barış İlhan Yayınevi,record,2021,,tr,392,paperback,,,,,,,,https://openlibrary.org/works/OL26402507W,,,openlibrary; isbndb
9789757501954,Occultism / satanism,review,Occultism / satanism: okultizm ('witchcraft' in subjects/genres),witchcraft,9757501956,Harry Potter Büyülü Taş,,J. K. Rowling,Mustafa Bayindir,,,series:Harry_Potter; Ghosts; Monsters; Vampires; Witches; Challenges and Overcoming Obstacles; Magic and Supernatural; Cleverness; School Life; school stories; Wizards; Magic; MAGIA; MAGOS; Juvenile fiction; Fiction; NOVELAS INGLESAS; Schools; orphans; fantasy fiction; England in fiction; Witches in fiction; Wizards in fiction; Alchemy; New York Times bestseller,Dost Kitabevi Yayinlari,record,1999,"Ankara, Turkey",tur,265,,,,eng,"Hogwarts Cadılar ve Sihirbazlar Okulu'nun sevimli kahramanları sonunda Türkçe'de Doğaüstü güçleri olduğunu öğrendikten sonra kendini büyük bir serüvenin içinde bulan Harry Potter, karanlık güçlere karşı giriştiği bu savaşta yalnız değil. Harry için mesaj taşıyan haberci baykuş Hedwing, kaba saba bir bekçi ama iyi yürekli bir sarhoş olan Hagrid, okulun en bilmiş ve en sevimli cadısı Hermione, en tehlikeli anlarda bile Harrynin yanından bir an olsun ayrılmayan biricik dostu Ron, her zaman itilip kakılan ama büyük bir cesaretle direnen Neville, ve tabi Harrynin Hogwarts'taki koruyucusu Profesör dumbledore. İyi ve kötünün bildik mücadelesi hiç bu kadar neşeli olmadı. Gryffindorun küçük sihirbazları bu inanılmaz serüvene sizleri de çağırıyor.",,,438323637,https://openlibrary.org/works/OL82563W,4816163,,openlibrary; isbndb
9789757557494,Occultism / satanism,review,Occultism / satanism: tarot/astroloji/fal ('astroloji' in title),astroloji,9757557498,A2dan Z'ye astroloji,,Nuran Tuncel,,,,,Kitsan,record,1997,,tr,,,,"İstanbul, 1997",,,,,,,,,worldcat
9789757582373,Occultism / satanism,review,Occultism / satanism: tarot/astroloji/fal ('tarot' in title) | Occultism / satanism: LoC: occult subject ('tarot' in subjects),tarot,9757582379,Tarot fal kitabı,,Hajo Banzhaf,,,,Tarot,Arıtan,record,1996,İstanbul,tur,186,,,,ger,,,,76289811,https://openlibrary.org/works/OL45680300W,,,openlibrary; isbndb
9789757673132,Occultism / satanism,review,Occultism / satanism: tarot/astroloji/fal ('astroloji' in title),astroloji,9757673137,"Astroloji : kişiliğiniz, geleceğiniz ve yeniden doğuş",,Nezihe Rona,,,,,Yaprak,record,1989,,tr,,,,"2.baskı, İstanbul, 1989",,,,,,,,,worldcat
9789757800118,Occultism / satanism,review,Occultism / satanism: tarot/astroloji/fal ('kabala' in title) | Occultism / satanism: LoC: occult subject ('cabala' in subjects),cabala; kabala,9757800112,Zohar,İhtişamın kitabı : Kabala'dan öğretiler,Gershom Scholem; Ebru Yetiş,,,"Philosophy, psychology & religion",Cabala; Early works to 1800; Commentaries; Bible,Dharma yayınları,record,1994,İstanbul,tur,118,,Dharma yayınları -- 12 -- Dünya dinleri ve kültürleri dizisi -- 2; Dharma yayınları,,eng,,,BM525.A56 S3519 1994,949615451,https://openlibrary.org/works/OL43733056W,,,openlibrary
9789758052868,Occultism / satanism,review,Occultism / satanism: tarot/astroloji/fal ('burclar ve' in title),burclar ve,9758052861,Burclar ve Yildizlar - Astrolojinin Temeli,,Gülten Suveren,,,,,Alfa Yayincilik,record,2022,,tr,,Paperback,,,,,,,,,,,isbndb
9789758075997,Occultism / satanism,review,Occultism / satanism: tarot/astroloji/fal ('kabbala' in title),kabbala,9758075993,Ve tanrı kadını yarattı : kadınlar için Kabbala,,Karen Berg,,,,,Marka,record,2006,,tr,,,,"İstanbul, 2006",,,,,,,,,worldcat
9789758297252,Occultism / satanism,review,Occultism / satanism: LoC: occult subject ('cabala' in subjects),cabala,9758297252,Kabballah-Yahudi Gizemi,,Arzu Cengil,,,"Philosophy, psychology & religion",Cabala,Ayna Yayinevi,record,2002,,tur,211,paperback,,,,,,BM525 .C46 2007,234101848,https://openlibrary.org/works/OL26281673W,,,openlibrary
9789758297528,Occultism / satanism,review,Occultism / satanism: tarot/astroloji/fal ('kabbalah' in title) | Occultism / satanism: LoC: occult subject ('cabala' in subjects),cabala; kabbalah,975829752X,Yahudi Mistisizmi' ne Giris,Kabbalah,Joshua Abelson,,,Religion,"Judaism; Mysticism; Cabala; Mysticism, judaism",Ayna Yayýnlarý,record,2012,,tur,141,paperback,,,,,296.7/1; 296.16,BM723 .A219 2012; BM723 .A2 1969; BM723 A4 1969,1136904084,https://openlibrary.org/works/OL146293W,,,openlibrary
9789758312191,Occultism / satanism,review,Occultism / satanism: tarot/astroloji/fal ('kahve fali' in title) | Occultism / satanism: LCC BF1228-1999 (occult sciences) ('bf1999 .d36 2003' in lcc),bf1999 .d36 2003; kahve fali,9758312197,Kahve falı,,Jasmine; Philips Osborne; çeviri : Yeşim Şallı,,PSYCHOLOGY / Mental Health,Philosophy & psychology,Ruhsal korunma yöntemleri; Mental protection methods,Sınırötesi Yayınları,record,2003,,tr,,,,"Hiperlink, İstanbul, 2003",,,131,BF1999 .D36 2003,,,,,ebsco
9789758312252,Occultism / satanism,review,Occultism / satanism: okultizm ('occultism' in subjects/genres) | Occultism / satanism: LCC BF1228-1999 (occult sciences) ('bf1622 .m66 2004' in lcc) | Occultism / satanism: Dewey 133 (occultism) ('133.43' in dewey),133.43; bf1622 .m66 2004; occultism,9758312251,Merlyn : Kral Arthur'un büyücüsünün gizli 21 dersi,,"Monroe, Douglas; çeviren : Ayşe Gorbon",,"BODY, MIND & SPIRIT / Occultism",Philosophy & psychology,"Büyü, Kelt; Magic, Celtic",Sınırötesi Yayınları,record,2004,,tr,,,,"Hiperlink, İstanbul, 2004",,,133.43,BF1622 .M66 2004,,,,,ebsco
9789758312467,Occultism / satanism,review,Occultism / satanism: Dewey 133 (occultism) ('133' in dewey),133,9758312464,Kahin Vanga,,Renan Seckin,,BIOGRAPHY & AUTOBIOGRAPHY / General,Philosophy & psychology,"Mediums --Practice; Parapsikoloji; Gushterova, Vangelia Pandeva--Biography; Gushterova, Vangelia Pandeva--Biyografi; Parapsychology; Medyumlar -- Uygulama",Sinir Otesi Yayinlari,record,2009,,tr,,paperback,,"Hiperlink, İstanbul, 2009",,,133,BF1042 .S43 2009,,https://openlibrary.org/works/OL26248388W,,,openlibrary; ebsco
9789758363469,Occultism / satanism,review,Occultism / satanism: tarot/astroloji/fal ('astroloji' in title),astroloji,9758363468,Enerji Astroloji ile Günes'in Dogsun,,Seryal Dincer,,,,,Ötesi Yayincilik,record,2016,,,,paperback,,,,,,,,https://openlibrary.org/works/OL26403790W,,,openlibrary
9789758447169,Occultism / satanism,review,Occultism / satanism: tarot/astroloji/fal ('kahve fali' in title),kahve fali,9758447165,Fallar,kahve fali.,Yesilyurt Aysel,,,,,Gün,record,2000,Istanbul,tur,156,,,2000,,,,,59287713,https://openlibrary.org/works/OL11631209W,,,openlibrary; worldcat
9789758523603,Occultism / satanism,review,Occultism / satanism: LoC: occult subject ('astrology' in subjects) | Occultism / satanism: LCC BF1228-1999 (occult sciences) ('bf1708.1 .b87 2005' in lcc) | Occultism / satanism: Dewey 133 (occultism) ('133.54' in dewey),133.54; astrology; bf1708.1 .b87 2005,9758523600,Burç mu dedin? : burçlara ilişkin farklı yorumlar,,author unknown,,"BODY, MIND & SPIRIT / Astrology / Horoscopes",Philosophy & psychology,Astrology; Astroloji,Armoni Yayınları,record,2005,,tr,,,,"Hiperlink, İstanbul, 2005",,,133.54,BF1708.1 .B87 2005,,,,,ebsco
9789758651368,Occultism / satanism,review,Occultism / satanism: tarot/astroloji/fal ('astrolojisi' in title) | Occultism / satanism: LoC: occult subject ('astrology' in subjects) | Occultism / satanism: LCC BF1228-1999 (occult sciences) ('bf1708.8.t9 t73 2004' in lcc) | Occultism / satanism: LCC BF1228-1999 (occult sciences) ('bf1711 .t73 2004' in lcc),astrology; astrolojisi; bf1708.8.t9 t73 2004; bf1711 .t73 2004,9758651366,Türk astrolojisi,culduzlama,Sofi Tram-Semen,,,"Philosophy, psychology & religion","Astrology, Turkish; Zodiac; Turkish Astrology; Astrology",Kesit Tanıtım,record,2004,Ankara,tur,,Paperback,"Elips kitap -- 29, 35, 44, 46",1. baskı.,,,,BF1708.8.T9 T73 2004; BF1711 .T73 2004,57965348,https://openlibrary.org/works/OL15296011W,,,openlibrary; isbndb; isbndb
9789758651375,Occultism / satanism,review,Occultism / satanism: tarot/astroloji/fal ('astrolojisi' in title) | Occultism / satanism: LoC: occult subject ('astrology' in subjects) | Occultism / satanism: LCC BF1228-1999 (occult sciences) ('bf1708.8.t9 t73 2004' in lcc) | Occultism / satanism: LCC BF1228-1999 (occult sciences) ('bf1711 .t73 2004' in lcc),astrology; astrolojisi; bf1708.8.t9 t73 2004; bf1711 .t73 2004,9758651374,Türk astrolojisi,culduzlama,Sofi Tram-Semen,,,"Philosophy, psychology & religion","Astrology, Turkish; Zodiac; Turkish Astrology; Astrology",Kesit Tanıtım,record,2004,Ankara,tur,,Paperback,"Elips kitap -- 29, 35, 44, 46",1. baskı.,,,,BF1708.8.T9 T73 2004; BF1711 .T73 2004,57965348,https://openlibrary.org/works/OL15296011W,,,openlibrary; isbndb
9789758651382,Occultism / satanism,review,Occultism / satanism: tarot/astroloji/fal ('astrolojisi' in title) | Occultism / satanism: LoC: occult subject ('astrology' in subjects) | Occultism / satanism: LCC BF1228-1999 (occult sciences) ('bf1708.8.t9 t73 2004' in lcc) | Occultism / satanism: LCC BF1228-1999 (occult sciences) ('bf1711 .t73 2004' in lcc),astrology; astrolojisi; bf1708.8.t9 t73 2004; bf1711 .t73 2004,9758651382,Türk astrolojisi,culduzlama,Sofi Tram-Semen,,,"Philosophy, psychology & religion","Astrology, Turkish; Zodiac; Turkish Astrology; Astrology",Kesit Tanıtım,record,2004,Ankara,tur,,Paperback,"Elips kitap -- 29, 35, 44, 46",1. baskı.,,[v. 1.] 21 Mart-21 Haziran. -- [v. 2.] 22 Haziran-23 Eylül. -- [v. 3.] 24 Eylül-21 Aralık. -- [v. 4.] 22 Aralık-20 Mart.,,BF1708.8.T9 T73 2004; BF1711 .T73 2004,57965348,https://openlibrary.org/works/OL15296011W,,,openlibrary; isbndb
9789758651399,Occultism / satanism,review,Occultism / satanism: tarot/astroloji/fal ('astrolojisi' in title) | Occultism / satanism: LoC: occult subject ('astrology' in subjects) | Occultism / satanism: LCC BF1228-1999 (occult sciences) ('bf1708.8.t9 t73 2004' in lcc) | Occultism / satanism: LCC BF1228-1999 (occult sciences) ('bf1711 .t73 2004' in lcc),astrology; astrolojisi; bf1708.8.t9 t73 2004; bf1711 .t73 2004,9758651390,Türk astrolojisi,culduzlama,Sofi Tram-Semen,,,"Philosophy, psychology & religion","Astrology, Turkish; Zodiac; Turkish Astrology; Astrology",Kesit Tanıtım,record,2004,Ankara,tur,,,"Elips kitap -- 29, 35, 44, 46",1. baskı.,,,,BF1708.8.T9 T73 2004; BF1711 .T73 2004,57965348,https://openlibrary.org/works/OL15296011W,,,openlibrary
9789758651405,Occultism / satanism,review,Occultism / satanism: tarot/astroloji/fal ('astrolojisi' in title) | Occultism / satanism: LoC: occult subject ('astrology' in subjects) | Occultism / satanism: LCC BF1228-1999 (occult sciences) ('bf1708.8.t9 t73 2004' in lcc) | Occultism / satanism: LCC BF1228-1999 (occult sciences) ('bf1711 .t73 2004' in lcc),astrology; astrolojisi; bf1708.8.t9 t73 2004; bf1711 .t73 2004,9758651404,Türk astrolojisi,culduzlama,Sofi Tram-Semen,,,"Philosophy, psychology & religion","Astrology, Turkish; Zodiac; Turkish Astrology; Astrology",Kesit Tanıtım,record,2004,Ankara,tur,,Paperback,"Elips kitap -- 29, 35, 44, 46",1. baskı.,,[v. 1.] 21 Mart-21 Haziran. -- [v. 2.] 22 Haziran-23 Eylül. -- [v. 3.] 24 Eylül-21 Aralık. -- [v. 4.] 22 Aralık-20 Mart.,,BF1708.8.T9 T73 2004; BF1711 .T73 2004,57965348,https://openlibrary.org/works/OL15296011W,,,openlibrary; isbndb
9789758722266,Occultism / satanism,review,Occultism / satanism: tarot/astroloji/fal ('tarot' in title),tarot,9758722263,Tarot Buyuleri,,Recinal Sekoot,,,,,Gn Yaynclk,record,2003,,tr,,,,"PS, 2003",,Tarot Byleri,,,,,,,goodreads
9789758729746,Occultism / satanism,review,Occultism / satanism: tarot/astroloji/fal ('kabala' in title) | Occultism / satanism: LoC: occult subject ('cabala' in subjects) | Occultism / satanism: LCC BF1228-1999 (occult sciences) ('bf1623.c2 .a456 2005' in lcc),bf1623.c2 .a456 2005; cabala; kabala,9758729748,Kabala,"""sınırsız""a yolculuk",Ahmet Cemil Akinci,,RELIGION / Judaism / Kabbalah & Mysticism,Religion,Cabala; Musevilik--Kabala; Judaism--Kabbalah,Dharma,record,2005,İstanbul,tur,350,,,1. basım.,,,296.833,BF1623.C2 .A456 2005; BM525.K33 A45 2008,192008387,https://openlibrary.org/works/OL44657809W,,,openlibrary; ebsco
9789758817986,Occultism / satanism,review,Occultism / satanism: tarot/astroloji/fal ('astrolojiyi' in title),astrolojiyi,9758817981,Astrolojiyi Kullanarak Nasil Zengin Olunur,,Joni Patri,,,,,Ganj Yayinlari,record,2013,,,,paperback,,,,,,,,https://openlibrary.org/works/OL26404688W,,,openlibrary
9789758876020,Occultism / satanism,review,Occultism / satanism: tarot/astroloji/fal ('fal kitabi' in title),fal kitabi,9758876023,Fal kitabi,kristal küre...,Gillian Kemp,,,,,Yel Degirmeni,record,2004,Istanbul,tur,120,,,,,,,,,https://openlibrary.org/works/OL1831756W,,,openlibrary
9789758904082,Occultism / satanism,review,Occultism / satanism: kara buyu ('kara buyucu' in title),kara buyucu,9758904086,Kara Büyücü Serisi,,Trudi Canavan,,,,,Laika Yayıncılık,isbn_prefix,2006,,tr,,,,2006,,,,,,,,,isbndb; isbndb
9789758973088,Occultism / satanism,review,Occultism / satanism: tarot/astroloji/fal ('kabala' in title) | Occultism / satanism: LoC: occult subject ('cabala' in subjects) | Occultism / satanism: LoC: occult subject ('magic' in subjects),cabala; kabala; magic,9758973088,Basitleştirilmiş kabala sihri,,Ted Andrews; Derya Engin,,,,Cabala; Magic,Kozmik Kitaplar,record,2004,İstanbul,tur,181,,,"İstanbul, 2004",,,,,1089930394,https://openlibrary.org/works/OL43460560W,,,openlibrary; worldcat
9789759064006,Occultism / satanism,review,Occultism / satanism: tarot/astroloji/fal ('kabala' in title),kabala,9759064006,Kabala'nın gücü,ruh için teknoloji,Yehudah Berg; Defne Korur; Charlotte Gabay,,,"Philosophy, psychology & religion",Reconciliation; Religious aspects; Judaism; Interpersonal relations; Jewish ethics,GOA,record,2005,İstanbul,tur,233,,,2005,,,,BM525 .B482 2005,62365110,https://openlibrary.org/works/OL43733063W,,,openlibrary; isbndb; isbndb
9789759157043,Occultism / satanism,review,Occultism / satanism: tarot/astroloji/fal ('kahve fali' in title),kahve fali,9759157047,Kahve falı,,Safiye Saruhan,,,,,Kardanadam,record,2006,,tr,,,,"1. basım, Ankara, 2006",,,,,,,,,worldcat
9789759198251,Occultism / satanism,review,Occultism / satanism: tarot/astroloji/fal ('kabala' in title),kabala,9759198258,Holywood ve Kabala'nın 13. havarisi Evanjelizm : Dünya imparatorluğu ve Türkiye,,Ramazan Kağan Kurt,,,,,Birharf Yayınları,record,2006,,tr,,,,"Birharf Yayınları, İstanbul, 2006",,,,,,,,,worldcat; google_books
9789759281274,Occultism / satanism,review,Occultism / satanism: tarot/astroloji/fal ('yildizname' in title),yildizname,9759281279,Yildizname (Cafer-i Sadik) (Turkce),,,,,,,Esma Yayinlari,record,,,tr,,Paperback,,,,,,,,,,,isbndb
9789759969561,Occultism / satanism,review,Occultism / satanism: tarot/astroloji/fal ('tarot' in title),tarot,9759969564,Acemiler İçin Tarot Rehberi Boyama Kitabı Beginner’s Guide to Tarot-Colouring Book,,Juliet Sharman-Burke,,,,,Profil Kitap,record,2017,,en_US,176,paperback,,,,,,,,https://openlibrary.org/works/OL26406184W,,,openlibrary; isbndb
9789759993986,Occultism / satanism,review,Occultism / satanism: tarot/astroloji/fal ('zodyak' in title),zodyak,9759993988,ZODYAK KIZLARI DANS K KLKTR,,Various,,,,,Beyaz Balina Yaynlar,record,2017,,tr,,,,"PT, 2017",,"Zor zamanlarinizda burcunuz size ne soyluyor, hic dusundunuz mu? Zodyak kizlari bu konuda cok sanslilar. Cunku yildizlari sans yorungesine girdiginde gezegenler onlara rehberlik ediyorlar. Harika degil mi? Ama hicbir sey gorundugu kadar basit degil. Her Zodyak Kizi, bir ay boyunca karsisina cikan firsatlari degerlendirirken dikkatli olmak zorunda... Gemma'nin hayati, altust olmus durumda. Yatili okula gonderildi ve eski arkadaslarini cok ozluyor. Nasil ozlemesin? O sosyal bir Ikizler burcu kizi. Ama oda arkadasi cok utangac. Ustune ustluk, okulun en acimasiz kizi ona takti. Gemma, Zodyak Kizi oldugunu ogrenince, hayati bir anda degisti. Acaba yeni arkadaslar edinebilecek mi?",,,,,,,goodreads
9789944180436,Occultism / satanism,review,Occultism / satanism: tarot/astroloji/fal ('spiritizm' in title),spiritizm,9944180432,Spiritizm'de Obsesyon ve Tekinsiz Ev Fenomenleri,,Faruk Gültekin,,,,,Onbir Yayinlari,record,2020,,,248,paperback,,,,,,,,https://openlibrary.org/works/OL26283941W,,,openlibrary
9789944216272,Occultism / satanism,review,Occultism / satanism: tarot/astroloji/fal ('tarot' in title),tarot,9944216275,Tarot,,,,,,,Delta Kultur Yayinevi,record,,,tr,,Paperback,,,,,,,,,,,isbndb
9789944291439,Occultism / satanism,review,Occultism / satanism: tarot/astroloji/fal ('kabala' in title) | Occultism / satanism: LoC: occult subject ('cabala' in subjects),cabala; kabala,9944291439,Kabala sir,dünyanin en eski bilgeliğinin en güçlü öğretisi,"Берг, Майкл; Işıl Ölmez",,,,Spiritual life; Judaism; Self-actualization (Psychology); Religious aspects; Cabala,Goa Basım Yayın,record,2008,Istanbul,tur,111,,,,,,,,972898477,https://openlibrary.org/works/OL45019515W,,,openlibrary
9789944362962,Occultism / satanism,review,Occultism / satanism: tarot/astroloji/fal ('astrolojisi' in title),astrolojisi,9944362964,Ask ve Iliskiler Astrolojisi,,Sema Kilic,,,,,Yitik Ülke Yayinlari,record,2017,,,,paperback,,,,,,,,https://openlibrary.org/works/OL26407422W,,,openlibrary
9789944466011,Occultism / satanism,review,Occultism / satanism: tarot/astroloji/fal ('astroloji' in title),astroloji,9944466018,"Islam''da Astroloji-Burclarin Faziletleri,Hikmetleri ve Etkileriyle",,Kolektif,,,,,Akis Kitap,record,2022,,tr,,Unknown Binding,,,,,,,,,,,isbndb
9789944825702,Occultism / satanism,review,Occultism / satanism: kara buyu ('kara buyu' in title),kara buyu,9944825700,Kara Büyü,,Christine Feehan,,,,Fiction; Paranormal Romance; collectionID:FHDarkromance; Vampires; Magicians; large print; Large type books; Cuentos de amor; Ficción; Vampiros; Novela; [series:CF_Carpathians]; Dark Carpathians series,Epsilon Yayinlari,record,2012,,tur,381,paperback,,,eng,"Young Savannah Dubrinsky was a mistress of illusion, a world-famous magician capable of mesmerizing millions. But there was one-Gregori, the Dark One-who held her in terrifying thrall. Whose cold silver eyes and heated sensuality sent shivers of danger, of desire, down her slender spine. With a dark magic all his own, Gregori-the implacable hunter, the legendary healer, the most powerful of Carpathian males-whispered in Savannah's mind that he was her destiny. That she had been born to save his immortal soul. And now, here in New Orleans, the hour had finally come to claim her. To make her completely his. In a ritual as old as time . . . and as inescapable as eternity.",,,,https://openlibrary.org/works/OL5683848W,,,openlibrary; isbndb; google_books
9789944914017,Occultism / satanism,review,Occultism / satanism: tarot/astroloji/fal ('kabala' in title) | Occultism / satanism: LoC: occult subject ('cabala' in subjects),cabala; kabala,9944914010,10 Dakika kabala,"dua, bilgelik ve hayat ağacı için rehberlik",Shoshanna Cohen,,,,Cabala; Spiritual life; Judaism,RTV Matbaacılık,record,2003,Istanbul,tur,229,,,,,,,,972898054,https://openlibrary.org/works/OL43733053W,,,openlibrary
